INSERT INTO acct_accounts (`id`, `parent_id`, `name`, `code`, `acct_category_id`, `balance`, `user_id`, `lft`, `rght`, `created`, `modified`) VALUES(1, NULL, 'Accounts', 0000, 1, 0.00, 1, 1, 20, '2014-05-11 13:42:58', '2014-05-11 13:43:03');
INSERT INTO acct_accounts (`id`, `parent_id`, `name`, `code`, `acct_category_id`, `balance`, `user_id`, `lft`, `rght`, `created`, `modified`) VALUES(2, 1, 'Cash at Bank', 1101, 7, 0.00, 1, 2, 7, '2014-05-11 11:26:17', '2014-05-11 11:26:17');
INSERT INTO acct_accounts (`id`, `parent_id`, `name`, `code`, `acct_category_id`, `balance`, `user_id`, `lft`, `rght`, `created`, `modified`) VALUES(3, 2, 'CAB-United-102102111', '1101-01', 7, 4000.00, 1, 3, 4, '2014-05-11 11:32:29', '2014-05-11 11:32:29');
INSERT INTO acct_accounts (`id`, `parent_id`, `name`, `code`, `acct_category_id`, `balance`, `user_id`, `lft`, `rght`, `created`, `modified`) VALUES(4, 2, 'CAB-Abay-11120987', '1101-02', 7, 0.00, 1, 5, 6, '2014-05-11 11:33:10', '2014-05-11 11:33:10');
INSERT INTO acct_accounts (`id`, `parent_id`, `name`, `code`, `acct_category_id`, `balance`, `user_id`, `lft`, `rght`, `created`, `modified`) VALUES(5, 1, 'Accounts Payable', 2101, 9, 0.00, 1, 8, 11, '2014-05-22 07:21:24', '2014-05-22 07:21:24');
INSERT INTO acct_accounts (`id`, `parent_id`, `name`, `code`, `acct_category_id`, `balance`, `user_id`, `lft`, `rght`, `created`, `modified`) VALUES(6, 1, 'Accounts Receivables', '12-0001', 7, 0.00, 1, 12, 13, '2015-03-06 16:08:58', '2015-03-06 16:08:58');
INSERT INTO acct_accounts (`id`, `parent_id`, `name`, `code`, `acct_category_id`, `balance`, `user_id`, `lft`, `rght`, `created`, `modified`) VALUES(7, 5, 'Short Term Payable', 210101, 9, 0.00, 1, 9, 10, '2015-08-22 15:57:01', '2015-08-22 15:57:01');
INSERT INTO acct_accounts (`id`, `parent_id`, `name`, `code`, `acct_category_id`, `balance`, `user_id`, `lft`, `rght`, `created`, `modified`) VALUES(8, 1, 'Tuition Discount', '5000-001', 6, 0.00, 1, 14, 15, '2015-10-24 16:20:20', '2015-10-24 16:20:20');
INSERT INTO acct_accounts (`id`, `parent_id`, `name`, `code`, `acct_category_id`, `balance`, `user_id`, `lft`, `rght`, `created`, `modified`) VALUES(9, 1, 'Salary Expense', '5001-002', 6, 0.00, 1, 16, 17, '2015-10-24 16:47:04', '2015-10-24 16:47:04');
INSERT INTO acct_accounts (`id`, `parent_id`, `name`, `code`, `acct_category_id`, `balance`, `user_id`, `lft`, `rght`, `created`, `modified`) VALUES(10, 1, 'Tuition Account', '4001-001', 5, 4000.00, 1, 18, 19, '2015-10-24 17:13:43', '2015-10-24 17:13:43');
INSERT INTO acct_categories (`id`, `parent_id`, `name`, `normal_side`, `prefix`, `code`, `postfix`, `last_code`, `lft`, `rght`, `created`, `modified`) VALUES(1, NULL, 'Chart of Accounts', '-', '', 0000, '', 0000, 1, 20, '2014-05-06 23:56:08', '2014-05-06 23:56:13');
INSERT INTO acct_categories (`id`, `parent_id`, `name`, `normal_side`, `prefix`, `code`, `postfix`, `last_code`, `lft`, `rght`, `created`, `modified`) VALUES(2, 1, 'Assets', 'DR', '', 1000, '', 1000, 2, 7, '2014-05-06 22:13:56', '2014-05-07 07:35:15');
INSERT INTO acct_categories (`id`, `parent_id`, `name`, `normal_side`, `prefix`, `code`, `postfix`, `last_code`, `lft`, `rght`, `created`, `modified`) VALUES(3, 1, 'Liabilities', 'CR', '', 2000, '', 2000, 8, 13, '2014-05-06 22:16:03', '2014-05-07 07:35:26');
INSERT INTO acct_categories (`id`, `parent_id`, `name`, `normal_side`, `prefix`, `code`, `postfix`, `last_code`, `lft`, `rght`, `created`, `modified`) VALUES(4, 1, 'Capital', 'CR', '', 3000, '', 3000, 14, 15, '2014-05-06 22:16:38', '2014-05-07 07:33:16');
INSERT INTO acct_categories (`id`, `parent_id`, `name`, `normal_side`, `prefix`, `code`, `postfix`, `last_code`, `lft`, `rght`, `created`, `modified`) VALUES(5, 1, 'Revenues', 'CR', '', 4000, '', 4000, 16, 17, '2014-05-06 22:17:17', '2014-05-07 07:35:38');
INSERT INTO acct_categories (`id`, `parent_id`, `name`, `normal_side`, `prefix`, `code`, `postfix`, `last_code`, `lft`, `rght`, `created`, `modified`) VALUES(6, 1, 'Expenses', 'DR', '', 5000, '', 5000, 18, 19, '2014-05-06 22:18:11', '2014-05-07 07:35:45');
INSERT INTO acct_categories (`id`, `parent_id`, `name`, `normal_side`, `prefix`, `code`, `postfix`, `last_code`, `lft`, `rght`, `created`, `modified`) VALUES(7, 2, 'Current Assets', 'DR', '', 1100, '', 1100, 3, 4, '2014-05-06 22:18:49', '2014-05-07 07:32:21');
INSERT INTO acct_categories (`id`, `parent_id`, `name`, `normal_side`, `prefix`, `code`, `postfix`, `last_code`, `lft`, `rght`, `created`, `modified`) VALUES(8, 2, 'Fixed Assets', 'DR', '', 1200, '', 1200, 5, 6, '2014-05-06 22:19:15', '2014-05-07 07:32:30');
INSERT INTO acct_categories (`id`, `parent_id`, `name`, `normal_side`, `prefix`, `code`, `postfix`, `last_code`, `lft`, `rght`, `created`, `modified`) VALUES(9, 3, 'Short-Term Liabilities', 'CR', '', 2100, '', 2100, 9, 10, '2014-05-06 22:20:08', '2014-05-07 07:32:49');
INSERT INTO acct_categories (`id`, `parent_id`, `name`, `normal_side`, `prefix`, `code`, `postfix`, `last_code`, `lft`, `rght`, `created`, `modified`) VALUES(10, 3, 'Long Term Liabilities', 'CR', '', 2200, '', 2200, 11, 12, '2014-05-06 22:20:49', '2014-05-07 07:32:58');
INSERT INTO acct_fiscal_years (`id`, `name`, `start_date`, `end_date`, `created`, `modified`) VALUES(1, 'FY-2008', '2015-07-01', '2016-06-30', '2015-07-25 15:18:14', '2015-07-25 15:18:14');
INSERT INTO acct_journals (`id`, `acct_transaction_id`, `acct_account_id`, `dr`, `cr`, `bbf`, `created`, `modified`) VALUES(3, 2, 3, 500.00, 0.00, 0.00, '2016-02-26 08:51:59', '2016-02-26 08:51:59');
INSERT INTO acct_journals (`id`, `acct_transaction_id`, `acct_account_id`, `dr`, `cr`, `bbf`, `created`, `modified`) VALUES(4, 2, 10, 0.00, 500.00, 0.00, '2016-02-26 08:51:59', '2016-02-26 08:51:59');
INSERT INTO acct_journals (`id`, `acct_transaction_id`, `acct_account_id`, `dr`, `cr`, `bbf`, `created`, `modified`) VALUES(5, 3, 3, 500.00, 0.00, 500.00, '2016-02-26 09:02:07', '2016-02-26 09:02:07');
INSERT INTO acct_journals (`id`, `acct_transaction_id`, `acct_account_id`, `dr`, `cr`, `bbf`, `created`, `modified`) VALUES(6, 3, 10, 0.00, 500.00, 500.00, '2016-02-26 09:02:07', '2016-02-26 09:02:07');
INSERT INTO acct_journals (`id`, `acct_transaction_id`, `acct_account_id`, `dr`, `cr`, `bbf`, `created`, `modified`) VALUES(7, 4, 3, 500.00, 0.00, 1000.00, '2016-03-04 13:24:15', '2016-03-04 13:24:15');
INSERT INTO acct_journals (`id`, `acct_transaction_id`, `acct_account_id`, `dr`, `cr`, `bbf`, `created`, `modified`) VALUES(8, 4, 10, 0.00, 500.00, 1000.00, '2016-03-04 13:24:15', '2016-03-04 13:24:15');
INSERT INTO acct_journals (`id`, `acct_transaction_id`, `acct_account_id`, `dr`, `cr`, `bbf`, `created`, `modified`) VALUES(9, 5, 3, 500.00, 0.00, 1500.00, '2016-03-04 13:52:37', '2016-03-04 13:52:37');
INSERT INTO acct_journals (`id`, `acct_transaction_id`, `acct_account_id`, `dr`, `cr`, `bbf`, `created`, `modified`) VALUES(10, 5, 10, 0.00, 500.00, 1500.00, '2016-03-04 13:52:37', '2016-03-04 13:52:37');
INSERT INTO acct_journals (`id`, `acct_transaction_id`, `acct_account_id`, `dr`, `cr`, `bbf`, `created`, `modified`) VALUES(11, 6, 3, 500.00, 0.00, 2000.00, '2016-03-04 15:12:02', '2016-03-04 15:12:02');
INSERT INTO acct_journals (`id`, `acct_transaction_id`, `acct_account_id`, `dr`, `cr`, `bbf`, `created`, `modified`) VALUES(12, 6, 10, 0.00, 500.00, 2000.00, '2016-03-04 15:12:02', '2016-03-04 15:12:02');
INSERT INTO acct_journals (`id`, `acct_transaction_id`, `acct_account_id`, `dr`, `cr`, `bbf`, `created`, `modified`) VALUES(13, 7, 3, 500.00, 0.00, 2500.00, '2016-03-04 15:23:57', '2016-03-04 15:23:57');
INSERT INTO acct_journals (`id`, `acct_transaction_id`, `acct_account_id`, `dr`, `cr`, `bbf`, `created`, `modified`) VALUES(14, 7, 10, 0.00, 500.00, 2500.00, '2016-03-04 15:23:57', '2016-03-04 15:23:57');
INSERT INTO acct_journals (`id`, `acct_transaction_id`, `acct_account_id`, `dr`, `cr`, `bbf`, `created`, `modified`) VALUES(15, 8, 3, 500.00, 0.00, 3000.00, '2016-03-04 15:35:48', '2016-03-04 15:35:48');
INSERT INTO acct_journals (`id`, `acct_transaction_id`, `acct_account_id`, `dr`, `cr`, `bbf`, `created`, `modified`) VALUES(16, 8, 10, 0.00, 500.00, 3000.00, '2016-03-04 15:35:48', '2016-03-04 15:35:48');
INSERT INTO acct_journals (`id`, `acct_transaction_id`, `acct_account_id`, `dr`, `cr`, `bbf`, `created`, `modified`) VALUES(17, 9, 3, 500.00, 0.00, 3500.00, '2016-03-05 14:27:28', '2016-03-05 14:27:28');
INSERT INTO acct_journals (`id`, `acct_transaction_id`, `acct_account_id`, `dr`, `cr`, `bbf`, `created`, `modified`) VALUES(18, 9, 10, 0.00, 500.00, 3500.00, '2016-03-05 14:27:28', '2016-03-05 14:27:28');
INSERT INTO acct_transactions (`id`, `name`, `description`, `cheque_number`, `invoice_number`, `transaction_date`, `acct_fiscal_year_id`, `user_id`, `created`, `modified`) VALUES(2, 1456476719, 'Enrollment Fee of student ABEBE', 'NA', 'AUTO-1456476719', '2016-02-26', 1, 1, '2016-02-26 08:51:59', '2016-02-26 08:51:59');
INSERT INTO acct_transactions (`id`, `name`, `description`, `cheque_number`, `invoice_number`, `transaction_date`, `acct_fiscal_year_id`, `user_id`, `created`, `modified`) VALUES(3, 1456477327, 'Enrollment Fee of student AAA', 'NA', 'AUTO-1456477327', '2016-02-26', 1, 1, '2016-02-26 09:02:07', '2016-02-26 09:02:07');
INSERT INTO acct_transactions (`id`, `name`, `description`, `cheque_number`, `invoice_number`, `transaction_date`, `acct_fiscal_year_id`, `user_id`, `created`, `modified`) VALUES(4, 1457097855, 'Enrollment Fee of student NATNAEL BEHAILU SINTAYEHU', 'NA', 'AUTO-1457097854', '2016-03-04', 1, 1, '2016-03-04 13:24:15', '2016-03-04 13:24:15');
INSERT INTO acct_transactions (`id`, `name`, `description`, `cheque_number`, `invoice_number`, `transaction_date`, `acct_fiscal_year_id`, `user_id`, `created`, `modified`) VALUES(5, 1457099557, 'Enrollment Fee of student YEABSERA ANDUALEM FANTU', 'NA', 'AUTO-1457099556', '2016-03-04', 1, 1, '2016-03-04 13:52:37', '2016-03-04 13:52:37');
INSERT INTO acct_transactions (`id`, `name`, `description`, `cheque_number`, `invoice_number`, `transaction_date`, `acct_fiscal_year_id`, `user_id`, `created`, `modified`) VALUES(6, 1457104322, 'Enrollment Fee of student Y A F', 'NA', 'AUTO-1457104321', '2016-03-04', 1, 1, '2016-03-04 15:12:02', '2016-03-04 15:12:02');
INSERT INTO acct_transactions (`id`, `name`, `description`, `cheque_number`, `invoice_number`, `transaction_date`, `acct_fiscal_year_id`, `user_id`, `created`, `modified`) VALUES(7, 1457105037, 'Enrollment Fee of student E A T', 'NA', 'AUTO-1457105036', '2016-03-04', 1, 1, '2016-03-04 15:23:57', '2016-03-04 15:23:57');
INSERT INTO acct_transactions (`id`, `name`, `description`, `cheque_number`, `invoice_number`, `transaction_date`, `acct_fiscal_year_id`, `user_id`, `created`, `modified`) VALUES(8, 1457105748, 'Enrollment Fee of student REZENE HAGOS DEGU', 'NA', 'AUTO-1457105747', '2016-03-04', 1, 1, '2016-03-04 15:35:48', '2016-03-04 15:35:48');
INSERT INTO acct_transactions (`id`, `name`, `description`, `cheque_number`, `invoice_number`, `transaction_date`, `acct_fiscal_year_id`, `user_id`, `created`, `modified`) VALUES(9, 1457188048, 'Enrollment Fee of student AYALEW DELALAW TEMECHEW', 'NA', 'AUTO-1457188047', '2016-03-05', 1, 1, '2016-03-05 14:27:28', '2016-03-05 14:27:28');
INSERT INTO audit_trails (`id`, `is_successful`, `user_id`, `session_name`, `action_made`, `table_name`, `old_value`, `new_value`, `record_id`, `audit_desc`, `created`) VALUES(1, 1, 1, 'lu0thkn7lr3k8v2tprj7eg9dt5', 'C', 'EduSubject', '', 'id|1;name|Amharic;description|Amharic;min_for_pass|50.00;is_mandatory|0;color|green;created|2016-02-21 17:15:51;modified|2016-02-21 17:15:51;', 1, '', '2016-02-21 17:15:51');
INSERT INTO audit_trails (`id`, `is_successful`, `user_id`, `session_name`, `action_made`, `table_name`, `old_value`, `new_value`, `record_id`, `audit_desc`, `created`) VALUES(2, 1, 1, 'lu0thkn7lr3k8v2tprj7eg9dt5', 'C', 'EduSubject', '', 'id|2;name|English;description|English;min_for_pass|50.00;is_mandatory|1;color|red;created|2016-02-21 17:36:30;modified|2016-02-21 17:36:30;', 2, '', '2016-02-21 17:36:30');
INSERT INTO audit_trails (`id`, `is_successful`, `user_id`, `session_name`, `action_made`, `table_name`, `old_value`, `new_value`, `record_id`, `audit_desc`, `created`) VALUES(3, 1, 1, 'lu0thkn7lr3k8v2tprj7eg9dt5', 'C', 'EduSubject', '', 'id|3;name|Mathematics in English;description|Mathematics in English;min_for_pass|50.00;is_mandatory|1;color|blue;created|2016-02-21 17:37:32;modified|2016-02-21 17:37:32;', 3, '', '2016-02-21 17:37:32');
INSERT INTO audit_trails (`id`, `is_successful`, `user_id`, `session_name`, `action_made`, `table_name`, `old_value`, `new_value`, `record_id`, `audit_desc`, `created`) VALUES(4, 1, 1, 'lu0thkn7lr3k8v2tprj7eg9dt5', 'C', 'EduSubject', '', 'id|4;name|Mathematics in Amharic;description|Mathematics in Amharic;min_for_pass|50.00;is_mandatory|1;color|green;created|2016-02-21 17:38:13;modified|2016-02-21 17:38:13;', 4, '', '2016-02-21 17:38:13');
INSERT INTO audit_trails (`id`, `is_successful`, `user_id`, `session_name`, `action_made`, `table_name`, `old_value`, `new_value`, `record_id`, `audit_desc`, `created`) VALUES(5, 1, 1, 'lu0thkn7lr3k8v2tprj7eg9dt5', 'C', 'EduSubject', '', 'id|5;name|History;description|History;min_for_pass|50.00;is_mandatory|0;color|red;created|2016-02-21 17:39:00;modified|2016-02-21 17:39:00;', 5, '', '2016-02-21 17:39:00');
INSERT INTO audit_trails (`id`, `is_successful`, `user_id`, `session_name`, `action_made`, `table_name`, `old_value`, `new_value`, `record_id`, `audit_desc`, `created`) VALUES(6, 1, 1, 'lu0thkn7lr3k8v2tprj7eg9dt5', 'C', 'EduSubject', '', 'id|6;name|Biology;description|Biology;min_for_pass|50.00;is_mandatory|0;color|blue;created|2016-02-21 17:39:27;modified|2016-02-21 17:39:27;', 6, '', '2016-02-21 17:39:27');
INSERT INTO audit_trails (`id`, `is_successful`, `user_id`, `session_name`, `action_made`, `table_name`, `old_value`, `new_value`, `record_id`, `audit_desc`, `created`) VALUES(7, 1, 1, 'lu0thkn7lr3k8v2tprj7eg9dt5', 'C', 'EduSubject', '', 'id|7;name|Chemistry;description|Chemistry;min_for_pass|50.00;is_mandatory|0;color|green;created|2016-02-21 17:40:01;modified|2016-02-21 17:40:01;', 7, '', '2016-02-21 17:40:01');
INSERT INTO audit_trails (`id`, `is_successful`, `user_id`, `session_name`, `action_made`, `table_name`, `old_value`, `new_value`, `record_id`, `audit_desc`, `created`) VALUES(8, 1, 1, 'lu0thkn7lr3k8v2tprj7eg9dt5', 'C', 'EduSubject', '', 'id|8;name|Environmental Science;description|Environmental Science;min_for_pass|50.00;is_mandatory|0;color|red;created|2016-02-21 17:42:13;modified|2016-02-21 17:42:13;', 8, '', '2016-02-21 17:42:13');
INSERT INTO audit_trails (`id`, `is_successful`, `user_id`, `session_name`, `action_made`, `table_name`, `old_value`, `new_value`, `record_id`, `audit_desc`, `created`) VALUES(9, 1, 1, 'lu0thkn7lr3k8v2tprj7eg9dt5', 'C', 'EduSubject', '', 'id|9;name|Social Science;description|Social Science;min_for_pass|50.00;is_mandatory|0;color|blue;created|2016-02-21 17:42:34;modified|2016-02-21 17:42:34;', 9, '', '2016-02-21 17:42:34');
INSERT INTO audit_trails (`id`, `is_successful`, `user_id`, `session_name`, `action_made`, `table_name`, `old_value`, `new_value`, `record_id`, `audit_desc`, `created`) VALUES(10, 1, 1, 'lu0thkn7lr3k8v2tprj7eg9dt5', 'C', 'EduSubject', '', 'id|10;name|Geography;description|Geography;min_for_pass|50.00;is_mandatory|0;color|green;created|2016-02-21 17:42:53;modified|2016-02-21 17:42:53;', 10, '', '2016-02-21 17:42:53');
INSERT INTO audit_trails (`id`, `is_successful`, `user_id`, `session_name`, `action_made`, `table_name`, `old_value`, `new_value`, `record_id`, `audit_desc`, `created`) VALUES(11, 1, 1, 'lu0thkn7lr3k8v2tprj7eg9dt5', 'C', 'EduSubject', '', 'id|11;name|Physical Education;description|Physical Education;min_for_pass|50.00;is_mandatory|0;color|green;created|2016-02-21 17:43:22;modified|2016-02-21 17:43:22;', 11, '', '2016-02-21 17:43:22');
INSERT INTO audit_trails (`id`, `is_successful`, `user_id`, `session_name`, `action_made`, `table_name`, `old_value`, `new_value`, `record_id`, `audit_desc`, `created`) VALUES(12, 1, 1, 'lu0thkn7lr3k8v2tprj7eg9dt5', 'C', 'EduSubject', '', 'id|12;name|Civics;description|Civics;min_for_pass|50.00;is_mandatory|0;color|blue;created|2016-02-21 17:43:41;modified|2016-02-21 17:43:41;', 12, '', '2016-02-21 17:43:41');
INSERT INTO audit_trails (`id`, `is_successful`, `user_id`, `session_name`, `action_made`, `table_name`, `old_value`, `new_value`, `record_id`, `audit_desc`, `created`) VALUES(13, 1, 1, 'lu0thkn7lr3k8v2tprj7eg9dt5', 'C', 'EduSubject', '', 'id|13;name|ICT;description|ICT;min_for_pass|50.00;is_mandatory|0;color|green;created|2016-02-21 17:44:03;modified|2016-02-21 17:44:03;', 13, '', '2016-02-21 17:44:03');
INSERT INTO audit_trails (`id`, `is_successful`, `user_id`, `session_name`, `action_made`, `table_name`, `old_value`, `new_value`, `record_id`, `audit_desc`, `created`) VALUES(14, 1, 1, 'lu0thkn7lr3k8v2tprj7eg9dt5', 'C', 'EduSubject', '', 'id|14;name|Physics;description|Physics;min_for_pass|50.00;is_mandatory|0;color|red;created|2016-02-21 17:44:56;modified|2016-02-21 17:44:56;', 14, '', '2016-02-21 17:44:56');
INSERT INTO audit_trails (`id`, `is_successful`, `user_id`, `session_name`, `action_made`, `table_name`, `old_value`, `new_value`, `record_id`, `audit_desc`, `created`) VALUES(15, 1, 1, 'lu0thkn7lr3k8v2tprj7eg9dt5', 'C', 'EduSubject', '', 'id|15;name|Drawing;description|Drawing;min_for_pass|50.00;is_mandatory|0;color|blue;created|2016-02-21 17:46:02;modified|2016-02-21 17:46:02;', 15, '', '2016-02-21 17:46:02');
INSERT INTO audit_trails (`id`, `is_successful`, `user_id`, `session_name`, `action_made`, `table_name`, `old_value`, `new_value`, `record_id`, `audit_desc`, `created`) VALUES(16, 1, 1, 'lu0thkn7lr3k8v2tprj7eg9dt5', 'U', 'EduSubject', 'id|15;name|Drawing;description|Drawing;min_for_pass|50.00;is_mandatory|0;color|blue;created|2016-02-21 17:46:02;modified|2016-02-21 17:46:02;', 'id|15;name|Art;description|Art;min_for_pass|50.00;is_mandatory|0;color|blue;created|2016-02-21 17:46:02;modified|2016-02-21 17:46:32;', 15, '', '2016-02-21 17:46:32');
INSERT INTO audit_trails (`id`, `is_successful`, `user_id`, `session_name`, `action_made`, `table_name`, `old_value`, `new_value`, `record_id`, `audit_desc`, `created`) VALUES(17, 1, 1, 'lu0thkn7lr3k8v2tprj7eg9dt5', 'U', 'EduSubject', 'id|1;name|Amharic;description|Amharic;min_for_pass|50.00;is_mandatory|0;color|green;created|2016-02-21 17:15:51;modified|2016-02-21 17:15:51;', 'id|1;name|Amharic;description|Amharic;min_for_pass|50.00;is_mandatory|1;color|green;created|2016-02-21 17:15:51;modified|2016-02-21 17:48:57;', 1, '', '2016-02-21 17:48:57');
INSERT INTO audit_trails (`id`, `is_successful`, `user_id`, `session_name`, `action_made`, `table_name`, `old_value`, `new_value`, `record_id`, `audit_desc`, `created`) VALUES(18, 1, 1, 'lu0thkn7lr3k8v2tprj7eg9dt5', 'C', 'EduClass', '', 'id|1;name|Nursery;cvalue|-2;min_for_promotion|50.00;edu_class_level_id|1;uni_teacher|1;grading_type|N;enrollment_fee|0.00;registration_fee|0.00;created|2016-02-21 17:50:44;modified|2016-02-21 17:50:44;', 1, '', '2016-02-21 17:50:44');
INSERT INTO audit_trails (`id`, `is_successful`, `user_id`, `session_name`, `action_made`, `table_name`, `old_value`, `new_value`, `record_id`, `audit_desc`, `created`) VALUES(19, 1, 1, 'lu0thkn7lr3k8v2tprj7eg9dt5', 'C', 'Checksum', '', '', 0, '', '2016-02-21 17:50:44');
INSERT INTO audit_trails (`id`, `is_successful`, `user_id`, `session_name`, `action_made`, `table_name`, `old_value`, `new_value`, `record_id`, `audit_desc`, `created`) VALUES(20, 1, 1, 'lu0thkn7lr3k8v2tprj7eg9dt5', 'C', 'EduClass', '', 'id|2;name|Lower KG;cvalue|-1;min_for_promotion|50.00;edu_class_level_id|1;uni_teacher|1;grading_type|N;enrollment_fee|0.00;registration_fee|0.00;created|2016-02-21 17:51:13;modified|2016-02-21 17:51:13;', 2, '', '2016-02-21 17:51:13');
INSERT INTO audit_trails (`id`, `is_successful`, `user_id`, `session_name`, `action_made`, `table_name`, `old_value`, `new_value`, `record_id`, `audit_desc`, `created`) VALUES(21, 1, 1, 'lu0thkn7lr3k8v2tprj7eg9dt5', 'C', 'Checksum', '', '', 0, '', '2016-02-21 17:51:13');
INSERT INTO audit_trails (`id`, `is_successful`, `user_id`, `session_name`, `action_made`, `table_name`, `old_value`, `new_value`, `record_id`, `audit_desc`, `created`) VALUES(22, 1, 1, 'lu0thkn7lr3k8v2tprj7eg9dt5', 'C', 'EduClass', '', 'id|3;name|Upper KG;cvalue|0;min_for_promotion|50.00;edu_class_level_id|1;uni_teacher|1;grading_type|N;enrollment_fee|0.00;registration_fee|0.00;created|2016-02-21 17:51:46;modified|2016-02-21 17:51:46;', 3, '', '2016-02-21 17:51:46');
INSERT INTO audit_trails (`id`, `is_successful`, `user_id`, `session_name`, `action_made`, `table_name`, `old_value`, `new_value`, `record_id`, `audit_desc`, `created`) VALUES(23, 1, 1, 'lu0thkn7lr3k8v2tprj7eg9dt5', 'C', 'Checksum', '', '', 0, '', '2016-02-21 17:51:46');
INSERT INTO audit_trails (`id`, `is_successful`, `user_id`, `session_name`, `action_made`, `table_name`, `old_value`, `new_value`, `record_id`, `audit_desc`, `created`) VALUES(24, 1, 1, 'lu0thkn7lr3k8v2tprj7eg9dt5', 'C', 'EduClass', '', 'id|4;name|1st Grade;cvalue|1;min_for_promotion|50.00;edu_class_level_id|2;uni_teacher|0;grading_type|N;enrollment_fee|0.00;registration_fee|0.00;created|2016-02-21 17:52:17;modified|2016-02-21 17:52:17;', 4, '', '2016-02-21 17:52:17');
INSERT INTO audit_trails (`id`, `is_successful`, `user_id`, `session_name`, `action_made`, `table_name`, `old_value`, `new_value`, `record_id`, `audit_desc`, `created`) VALUES(25, 1, 1, 'lu0thkn7lr3k8v2tprj7eg9dt5', 'C', 'Checksum', '', '', 0, '', '2016-02-21 17:52:18');
INSERT INTO audit_trails (`id`, `is_successful`, `user_id`, `session_name`, `action_made`, `table_name`, `old_value`, `new_value`, `record_id`, `audit_desc`, `created`) VALUES(26, 1, 1, 'lu0thkn7lr3k8v2tprj7eg9dt5', 'C', 'EduClass', '', 'id|5;name|2nd Grade;cvalue|2;min_for_promotion|50.00;edu_class_level_id|2;uni_teacher|0;grading_type|N;enrollment_fee|0.00;registration_fee|0.00;created|2016-02-21 17:52:38;modified|2016-02-21 17:52:38;', 5, '', '2016-02-21 17:52:38');
INSERT INTO audit_trails (`id`, `is_successful`, `user_id`, `session_name`, `action_made`, `table_name`, `old_value`, `new_value`, `record_id`, `audit_desc`, `created`) VALUES(27, 1, 1, 'lu0thkn7lr3k8v2tprj7eg9dt5', 'C', 'Checksum', '', '', 0, '', '2016-02-21 17:52:39');
INSERT INTO audit_trails (`id`, `is_successful`, `user_id`, `session_name`, `action_made`, `table_name`, `old_value`, `new_value`, `record_id`, `audit_desc`, `created`) VALUES(28, 1, 1, 'lu0thkn7lr3k8v2tprj7eg9dt5', 'C', 'EduClass', '', 'id|6;name|3rd Grade;cvalue|3;min_for_promotion|50.00;edu_class_level_id|2;uni_teacher|0;grading_type|N;enrollment_fee|0.00;registration_fee|0.00;created|2016-02-21 17:53:00;modified|2016-02-21 17:53:00;', 6, '', '2016-02-21 17:53:00');
INSERT INTO audit_trails (`id`, `is_successful`, `user_id`, `session_name`, `action_made`, `table_name`, `old_value`, `new_value`, `record_id`, `audit_desc`, `created`) VALUES(29, 1, 1, 'lu0thkn7lr3k8v2tprj7eg9dt5', 'C', 'Checksum', '', '', 0, '', '2016-02-21 17:53:01');
INSERT INTO audit_trails (`id`, `is_successful`, `user_id`, `session_name`, `action_made`, `table_name`, `old_value`, `new_value`, `record_id`, `audit_desc`, `created`) VALUES(30, 1, 1, 'lu0thkn7lr3k8v2tprj7eg9dt5', 'C', 'EduCourse', '', 'id|1;edu_class_id|1;edu_subject_id|1;description|Amharic for Nursery;min_for_pass|50.00;is_mandatory|1;created|2016-02-21 17:54:06;modified|2016-02-21 17:54:06;', 1, '', '2016-02-21 17:54:06');
INSERT INTO audit_trails (`id`, `is_successful`, `user_id`, `session_name`, `action_made`, `table_name`, `old_value`, `new_value`, `record_id`, `audit_desc`, `created`) VALUES(31, 1, 1, 'lu0thkn7lr3k8v2tprj7eg9dt5', 'C', 'EduCourse', '', 'id|2;edu_class_id|1;edu_subject_id|2;description|English for Nursery;min_for_pass|50.00;is_mandatory|1;created|2016-02-21 17:54:24;modified|2016-02-21 17:54:24;', 2, '', '2016-02-21 17:54:24');
INSERT INTO audit_trails (`id`, `is_successful`, `user_id`, `session_name`, `action_made`, `table_name`, `old_value`, `new_value`, `record_id`, `audit_desc`, `created`) VALUES(32, 1, 1, 'lu0thkn7lr3k8v2tprj7eg9dt5', 'C', 'EduCourse', '', 'id|3;edu_class_id|1;edu_subject_id|3;description|Mathematics in English for Nursery;min_for_pass|50.00;is_mandatory|1;created|2016-02-21 17:54:59;modified|2016-02-21 17:54:59;', 3, '', '2016-02-21 17:54:59');
INSERT INTO audit_trails (`id`, `is_successful`, `user_id`, `session_name`, `action_made`, `table_name`, `old_value`, `new_value`, `record_id`, `audit_desc`, `created`) VALUES(33, 1, 1, 'lu0thkn7lr3k8v2tprj7eg9dt5', 'C', 'EduCourse', '', 'id|4;edu_class_id|1;edu_subject_id|4;description|Mathematics in Amharic for Nursery;min_for_pass|50.00;is_mandatory|1;created|2016-02-21 17:55:15;modified|2016-02-21 17:55:15;', 4, '', '2016-02-21 17:55:15');
INSERT INTO audit_trails (`id`, `is_successful`, `user_id`, `session_name`, `action_made`, `table_name`, `old_value`, `new_value`, `record_id`, `audit_desc`, `created`) VALUES(34, 1, 1, 'lu0thkn7lr3k8v2tprj7eg9dt5', 'C', 'EduCourse', '', 'id|5;edu_class_id|1;edu_subject_id|15;description|Art for Nursery;min_for_pass|50.00;is_mandatory|0;created|2016-02-21 17:55:44;modified|2016-02-21 17:55:44;', 5, '', '2016-02-21 17:55:44');
INSERT INTO audit_trails (`id`, `is_successful`, `user_id`, `session_name`, `action_made`, `table_name`, `old_value`, `new_value`, `record_id`, `audit_desc`, `created`) VALUES(35, 1, 1, 'lu0thkn7lr3k8v2tprj7eg9dt5', 'C', 'EduSubject', '', 'id|16;name|Music;description|Music;min_for_pass|50.00;is_mandatory|0;color|green;created|2016-02-21 17:56:34;modified|2016-02-21 17:56:34;', 16, '', '2016-02-21 17:56:34');
INSERT INTO audit_trails (`id`, `is_successful`, `user_id`, `session_name`, `action_made`, `table_name`, `old_value`, `new_value`, `record_id`, `audit_desc`, `created`) VALUES(36, 1, 1, 'lu0thkn7lr3k8v2tprj7eg9dt5', 'C', 'EduCourse', '', 'id|6;edu_class_id|1;edu_subject_id|16;description|Music for Nursery;min_for_pass|50.00;is_mandatory|0;created|2016-02-21 17:57:05;modified|2016-02-21 17:57:05;', 6, '', '2016-02-21 17:57:05');
INSERT INTO audit_trails (`id`, `is_successful`, `user_id`, `session_name`, `action_made`, `table_name`, `old_value`, `new_value`, `record_id`, `audit_desc`, `created`) VALUES(37, 1, 1, 'lu0thkn7lr3k8v2tprj7eg9dt5', 'C', 'EduEvaluation', '', 'id|1;edu_class_id|1;edu_evaluation_area_id|1;order_level|1;created|2016-02-21 18:50:59;modified|2016-02-21 18:50:59;', 1, '', '2016-02-21 18:50:59');
INSERT INTO audit_trails (`id`, `is_successful`, `user_id`, `session_name`, `action_made`, `table_name`, `old_value`, `new_value`, `record_id`, `audit_desc`, `created`) VALUES(38, 1, 1, '3k4fgd3ioelgd1k9feu8t2dut5', 'C', 'EduAcademicYear', '', 'id|1;name|AY-2008;start_date|2015-09-14;end_date|2016-07-07;status_id|1;created|2016-02-22 16:30:20;modified|2016-02-22 16:30:20;', 1, '', '2016-02-22 16:30:20');
INSERT INTO audit_trails (`id`, `is_successful`, `user_id`, `session_name`, `action_made`, `table_name`, `old_value`, `new_value`, `record_id`, `audit_desc`, `created`) VALUES(39, 1, 1, '3k4fgd3ioelgd1k9feu8t2dut5', 'C', 'EduQuarter', '', 'id|1;name|Quarter 1;short_name|Q1;start_date|2015-09-14;end_date|2015-11-30;edu_academic_year_id|1;status|CR;user_id|0;created|2016-02-22 16:33:30;modified|2016-02-22 16:33:30;', 1, 'Quarter 1 is created on February 22, 2016', '2016-02-22 16:33:30');
INSERT INTO audit_trails (`id`, `is_successful`, `user_id`, `session_name`, `action_made`, `table_name`, `old_value`, `new_value`, `record_id`, `audit_desc`, `created`) VALUES(40, 1, 1, '3k4fgd3ioelgd1k9feu8t2dut5', 'C', 'EduQuarter', '', 'id|2;name|Quarter 2;short_name|Q2;start_date|2015-12-01;end_date|2016-02-15;edu_academic_year_id|1;status|CR;user_id|0;created|2016-02-22 16:34:24;modified|2016-02-22 16:34:24;', 2, 'Quarter 2 is created on February 22, 2016', '2016-02-22 16:34:24');
INSERT INTO audit_trails (`id`, `is_successful`, `user_id`, `session_name`, `action_made`, `table_name`, `old_value`, `new_value`, `record_id`, `audit_desc`, `created`) VALUES(41, 1, 1, '3k4fgd3ioelgd1k9feu8t2dut5', 'C', 'EduQuarter', '', 'id|3;name|Quarter 3;short_name|Q3;start_date|2016-02-16;end_date|2016-04-30;edu_academic_year_id|1;status|CR;user_id|0;created|2016-02-22 16:34:58;modified|2016-02-22 16:34:58;', 3, 'Quarter 3 is created on February 22, 2016', '2016-02-22 16:34:58');
INSERT INTO audit_trails (`id`, `is_successful`, `user_id`, `session_name`, `action_made`, `table_name`, `old_value`, `new_value`, `record_id`, `audit_desc`, `created`) VALUES(42, 1, 1, '3k4fgd3ioelgd1k9feu8t2dut5', 'C', 'EduQuarter', '', 'id|4;name|Quarter 4;short_name|Q4;start_date|2016-05-01;end_date|2016-07-07;edu_academic_year_id|1;status|CR;user_id|0;created|2016-02-22 16:35:26;modified|2016-02-22 16:35:26;', 4, 'Quarter 4 is created on February 22, 2016', '2016-02-22 16:35:26');
INSERT INTO audit_trails (`id`, `is_successful`, `user_id`, `session_name`, `action_made`, `table_name`, `old_value`, `new_value`, `record_id`, `audit_desc`, `created`) VALUES(43, 1, 1, '3k4fgd3ioelgd1k9feu8t2dut5', 'U', 'EduQuarter', 'id|1;name|Quarter 1;short_name|Q1;start_date|2015-09-14;end_date|2015-11-30;edu_academic_year_id|1;status|CR;user_id|0;created|2016-02-22 16:33:30;modified|2016-02-22 16:33:30;', 'id|1;name|Quarter 1;short_name|Q1;start_date|2015-09-14;end_date|2015-11-30;edu_academic_year_id|1;status|AC;user_id|0;created|2016-02-22 16:33:30;modified|2016-02-22 16:33:30;', 1, '', '2016-02-22 16:35:45');
INSERT INTO audit_trails (`id`, `is_successful`, `user_id`, `session_name`, `action_made`, `table_name`, `old_value`, `new_value`, `record_id`, `audit_desc`, `created`) VALUES(44, 1, 1, '3k4fgd3ioelgd1k9feu8t2dut5', 'C', 'EduPaymentSchedule', '', 'id|1;month|1;edu_class_id|1;amount|450.00;edu_academic_year_id|1;', 1, '', '2016-02-22 16:38:39');
INSERT INTO audit_trails (`id`, `is_successful`, `user_id`, `session_name`, `action_made`, `table_name`, `old_value`, `new_value`, `record_id`, `audit_desc`, `created`) VALUES(45, 1, 1, '3k4fgd3ioelgd1k9feu8t2dut5', 'C', 'EduPaymentSchedule', '', 'id|2;month|2;edu_class_id|1;amount|450.00;edu_academic_year_id|1;', 2, '', '2016-02-22 16:38:39');
INSERT INTO audit_trails (`id`, `is_successful`, `user_id`, `session_name`, `action_made`, `table_name`, `old_value`, `new_value`, `record_id`, `audit_desc`, `created`) VALUES(46, 1, 1, '3k4fgd3ioelgd1k9feu8t2dut5', 'C', 'EduPaymentSchedule', '', 'id|3;month|3;edu_class_id|1;amount|450.00;edu_academic_year_id|1;', 3, '', '2016-02-22 16:38:40');
INSERT INTO audit_trails (`id`, `is_successful`, `user_id`, `session_name`, `action_made`, `table_name`, `old_value`, `new_value`, `record_id`, `audit_desc`, `created`) VALUES(47, 1, 1, '3k4fgd3ioelgd1k9feu8t2dut5', 'C', 'EduPaymentSchedule', '', 'id|4;month|4;edu_class_id|1;amount|450.00;edu_academic_year_id|1;', 4, '', '2016-02-22 16:38:40');
INSERT INTO audit_trails (`id`, `is_successful`, `user_id`, `session_name`, `action_made`, `table_name`, `old_value`, `new_value`, `record_id`, `audit_desc`, `created`) VALUES(48, 1, 1, '3k4fgd3ioelgd1k9feu8t2dut5', 'C', 'EduPaymentSchedule', '', 'id|5;month|5;edu_class_id|1;amount|450.00;edu_academic_year_id|1;', 5, '', '2016-02-22 16:38:40');
INSERT INTO audit_trails (`id`, `is_successful`, `user_id`, `session_name`, `action_made`, `table_name`, `old_value`, `new_value`, `record_id`, `audit_desc`, `created`) VALUES(49, 1, 1, '3k4fgd3ioelgd1k9feu8t2dut5', 'C', 'EduPaymentSchedule', '', 'id|6;month|6;edu_class_id|1;amount|450.00;edu_academic_year_id|1;', 6, '', '2016-02-22 16:38:40');
INSERT INTO audit_trails (`id`, `is_successful`, `user_id`, `session_name`, `action_made`, `table_name`, `old_value`, `new_value`, `record_id`, `audit_desc`, `created`) VALUES(50, 1, 1, '3k4fgd3ioelgd1k9feu8t2dut5', 'C', 'EduPaymentSchedule', '', 'id|7;month|7;edu_class_id|1;amount|450.00;edu_academic_year_id|1;', 7, '', '2016-02-22 16:38:41');
INSERT INTO audit_trails (`id`, `is_successful`, `user_id`, `session_name`, `action_made`, `table_name`, `old_value`, `new_value`, `record_id`, `audit_desc`, `created`) VALUES(51, 1, 1, '3k4fgd3ioelgd1k9feu8t2dut5', 'C', 'EduPaymentSchedule', '', 'id|8;month|8;edu_class_id|1;amount|450.00;edu_academic_year_id|1;', 8, '', '2016-02-22 16:38:41');
INSERT INTO audit_trails (`id`, `is_successful`, `user_id`, `session_name`, `action_made`, `table_name`, `old_value`, `new_value`, `record_id`, `audit_desc`, `created`) VALUES(52, 1, 1, '3k4fgd3ioelgd1k9feu8t2dut5', 'C', 'EduPaymentSchedule', '', 'id|9;month|9;edu_class_id|1;amount|450.00;edu_academic_year_id|1;', 9, '', '2016-02-22 16:38:41');
INSERT INTO audit_trails (`id`, `is_successful`, `user_id`, `session_name`, `action_made`, `table_name`, `old_value`, `new_value`, `record_id`, `audit_desc`, `created`) VALUES(53, 1, 1, '3k4fgd3ioelgd1k9feu8t2dut5', 'C', 'EduPaymentSchedule', '', 'id|10;month|10;edu_class_id|1;amount|450.00;edu_academic_year_id|1;', 10, '', '2016-02-22 16:38:41');
INSERT INTO audit_trails (`id`, `is_successful`, `user_id`, `session_name`, `action_made`, `table_name`, `old_value`, `new_value`, `record_id`, `audit_desc`, `created`) VALUES(54, 1, 1, '3k4fgd3ioelgd1k9feu8t2dut5', 'C', 'EduPaymentSchedule', '', 'id|11;month|11;edu_class_id|1;amount|450.00;edu_academic_year_id|1;', 11, '', '2016-02-22 16:38:41');
INSERT INTO audit_trails (`id`, `is_successful`, `user_id`, `session_name`, `action_made`, `table_name`, `old_value`, `new_value`, `record_id`, `audit_desc`, `created`) VALUES(55, 1, 1, '3k4fgd3ioelgd1k9feu8t2dut5', 'C', 'EduPaymentSchedule', '', 'id|12;month|12;edu_class_id|1;amount|450.00;edu_academic_year_id|1;', 12, '', '2016-02-22 16:38:41');
INSERT INTO audit_trails (`id`, `is_successful`, `user_id`, `session_name`, `action_made`, `table_name`, `old_value`, `new_value`, `record_id`, `audit_desc`, `created`) VALUES(77, 1, 1, 'ojg2914o1lm9305nm9vm3c7of6', 'U', 'EduClass', 'id|1;name|Nursery;cvalue|-2;min_for_promotion|50.00;edu_class_level_id|1;uni_teacher|1;grading_type|N;enrollment_fee|0.00;registration_fee|0.00;created|2016-02-21 17:50:44;modified|2016-02-21 17:50:44;', 'id|1;name|Nursery;cvalue|-2;min_for_promotion|50.00;edu_class_level_id|1;uni_teacher|1;grading_type|N;enrollment_fee|50.00;registration_fee|450.00;created|2016-02-21 17:50:44;modified|2016-02-23 07:26:24;', 1, '', '2016-02-23 07:26:24');
INSERT INTO audit_trails (`id`, `is_successful`, `user_id`, `session_name`, `action_made`, `table_name`, `old_value`, `new_value`, `record_id`, `audit_desc`, `created`) VALUES(78, 1, 1, 'ojg2914o1lm9305nm9vm3c7of6', 'C', 'Checksum', 'id|1;name|EduClass;rid|1;cvalue|1b68011b1905dc8ec6428a44c1a7f3ea;modified|2016-02-21 17:50:44;', '', 0, '', '2016-02-23 07:26:25');
INSERT INTO audit_trails (`id`, `is_successful`, `user_id`, `session_name`, `action_made`, `table_name`, `old_value`, `new_value`, `record_id`, `audit_desc`, `created`) VALUES(79, 1, 1, 'ojg2914o1lm9305nm9vm3c7of6', 'C', 'EduClass', '', 'id|7;name|4<sup>th</sup> Grade;cvalue|4;min_for_promotion|50.00;edu_class_level_id|2;uni_teacher|0;grading_type|N;enrollment_fee|50.00;registration_fee|450.00;created|2016-02-23 07:29:33;modified|2016-02-23 07:29:33;', 7, '', '2016-02-23 07:29:33');
INSERT INTO audit_trails (`id`, `is_successful`, `user_id`, `session_name`, `action_made`, `table_name`, `old_value`, `new_value`, `record_id`, `audit_desc`, `created`) VALUES(80, 1, 1, 'ojg2914o1lm9305nm9vm3c7of6', 'C', 'Checksum', '', '', 0, '', '2016-02-23 07:29:33');
INSERT INTO audit_trails (`id`, `is_successful`, `user_id`, `session_name`, `action_made`, `table_name`, `old_value`, `new_value`, `record_id`, `audit_desc`, `created`) VALUES(81, 1, 1, 'ojg2914o1lm9305nm9vm3c7of6', 'U', 'EduClass', 'id|7;name|4<sup>th</sup> Grade;cvalue|4;min_for_promotion|50.00;edu_class_level_id|2;uni_teacher|0;grading_type|N;enrollment_fee|50.00;registration_fee|450.00;created|2016-02-23 07:29:33;modified|2016-02-23 07:29:33;', 'id|7;name|4<sup>th</sup> Grade<a href=www.porno.com>Go</a>;cvalue|4;min_for_promotion|50.00;edu_class_level_id|2;uni_teacher|0;grading_type|N;enrollment_fee|50.00;registration_fee|450.00;created|2016-02-23 07:29:33;modified|2016-02-23 07:31:51;', 7, '', '2016-02-23 07:31:51');
INSERT INTO audit_trails (`id`, `is_successful`, `user_id`, `session_name`, `action_made`, `table_name`, `old_value`, `new_value`, `record_id`, `audit_desc`, `created`) VALUES(82, 1, 1, 'ojg2914o1lm9305nm9vm3c7of6', 'C', 'Checksum', 'id|7;name|EduClass;rid|7;cvalue|932f817e2d1d720cd7985f19f568b832;modified|2016-02-23 07:29:33;', '', 0, '', '2016-02-23 07:31:51');
INSERT INTO audit_trails (`id`, `is_successful`, `user_id`, `session_name`, `action_made`, `table_name`, `old_value`, `new_value`, `record_id`, `audit_desc`, `created`) VALUES(83, 1, 1, 'ojg2914o1lm9305nm9vm3c7of6', 'U', 'EduClass', 'id|7;name|4<sup>th</sup> Grade<a href=www.porno.com>Go</a>;cvalue|4;min_for_promotion|50.00;edu_class_level_id|2;uni_teacher|0;grading_type|N;enrollment_fee|50.00;registration_fee|450.00;created|2016-02-23 07:29:33;modified|2016-02-23 07:31:51;', 'id|7;name|4th Grade;cvalue|4;min_for_promotion|50.00;edu_class_level_id|2;uni_teacher|0;grading_type|N;enrollment_fee|50.00;registration_fee|450.00;created|2016-02-23 07:29:33;modified|2016-02-23 07:34:12;', 7, '', '2016-02-23 07:34:12');
INSERT INTO audit_trails (`id`, `is_successful`, `user_id`, `session_name`, `action_made`, `table_name`, `old_value`, `new_value`, `record_id`, `audit_desc`, `created`) VALUES(84, 1, 1, 'ojg2914o1lm9305nm9vm3c7of6', 'C', 'Checksum', 'id|7;name|EduClass;rid|7;cvalue|725099c760919487d3f52fd7ca677f57;modified|2016-02-23 07:29:33;', '', 0, '', '2016-02-23 07:34:13');
INSERT INTO audit_trails (`id`, `is_successful`, `user_id`, `session_name`, `action_made`, `table_name`, `old_value`, `new_value`, `record_id`, `audit_desc`, `created`) VALUES(85, 1, 1, '3qdd8pb64m6bdcraqb5gl0nn41', 'C', 'Task', '', 'id|63;name|System Settings;parent_id|14;controller|settings;action|system_settings;iconcls|icon-activity;function_name|;lft|76;rght|77;list_order|1;built_in|1;created|2016-02-26 07:37:04;modified|2016-02-26 07:37:04;', 63, '', '2016-02-26 07:37:04');
INSERT INTO audit_trails (`id`, `is_successful`, `user_id`, `session_name`, `action_made`, `table_name`, `old_value`, `new_value`, `record_id`, `audit_desc`, `created`) VALUES(86, 1, 1, 'qahv2p6gi9iddte3kd6dghiff0', 'C', 'Person', '', 'id|2;first_name|ABEBE;middle_name|ABEBE;last_name|ABEBE;birthdate|2013-02-26;birth_location|;residence_location|;kebele_or_farmers_association|Not Specified;house_number|;', 2, '', '2016-02-26 08:16:12');
INSERT INTO audit_trails (`id`, `is_successful`, `user_id`, `session_name`, `action_made`, `table_name`, `old_value`, `new_value`, `record_id`, `audit_desc`, `created`) VALUES(87, 1, 1, 'qahv2p6gi9iddte3kd6dghiff0', 'C', 'User', '', 'id|2;username|abebe_1456474572;password|30f6704416898f12eb53954ded40ce0e9522de23;email|no_s_1456474572@chaeduc.com;is_active|1;security_question|not specified;security_answer|not specified;person_id|2;edu_campus_id|1;created|2016-02-26 08:16:12;modified|2016-02-26 08:16:12;', 2, '', '2016-02-26 08:16:12');
INSERT INTO audit_trails (`id`, `is_successful`, `user_id`, `session_name`, `action_made`, `table_name`, `old_value`, `new_value`, `record_id`, `audit_desc`, `created`) VALUES(88, 1, 1, 'qahv2p6gi9iddte3kd6dghiff0', 'C', 'GroupsUser', '', 'id|2;user_id|2;group_id|7;', 2, '', '2016-02-26 08:16:12');
INSERT INTO audit_trails (`id`, `is_successful`, `user_id`, `session_name`, `action_made`, `table_name`, `old_value`, `new_value`, `record_id`, `audit_desc`, `created`) VALUES(89, 1, 1, 'qahv2p6gi9iddte3kd6dghiff0', 'C', 'EduStudent', '', 'id|1;name|ABEBE;identity_number|CHA/16/0001;birth_date|2013-02-26;registration_date|2016-02-26;gender|F;nationality|Ethiopian;edu_parent_id|0;user_id|2;photo_file_name|No file;maker_id|1;status|1;created|2016-02-26 08:16:12;modified|2016-02-26 08:16:12;', 1, '', '2016-02-26 08:16:12');
INSERT INTO audit_trails (`id`, `is_successful`, `user_id`, `session_name`, `action_made`, `table_name`, `old_value`, `new_value`, `record_id`, `audit_desc`, `created`) VALUES(90, 1, 1, 'qahv2p6gi9iddte3kd6dghiff0', 'C', 'EduRegistration', '', 'id|1;name|ABEBE;edu_student_id|1;edu_class_id|1;edu_section_id|0;edu_campus_id|1;grand_total_average|0.00;rank|0;status|A;failure_count|0;allowed|A;created|2016-02-26 08:16:12;modified|2016-02-26 08:16:12;', 1, '', '2016-02-26 08:16:12');
INSERT INTO audit_trails (`id`, `is_successful`, `user_id`, `session_name`, `action_made`, `table_name`, `old_value`, `new_value`, `record_id`, `audit_desc`, `created`) VALUES(91, 1, 1, 'qahv2p6gi9iddte3kd6dghiff0', 'C', 'EduStudentCondition', '', 'id|1;edu_student_id|1;learning_condition|Normal;health_condition|Normal;treatment_type|;health_care_institute|;physician|;alergy|Nothing;physical_condition|Normal;created|2016-02-26 08:16:12;modified|2016-02-26 08:16:12;', 1, '', '2016-02-26 08:16:12');
INSERT INTO audit_trails (`id`, `is_successful`, `user_id`, `session_name`, `action_made`, `table_name`, `old_value`, `new_value`, `record_id`, `audit_desc`, `created`) VALUES(92, 1, 1, 'qahv2p6gi9iddte3kd6dghiff0', 'C', 'EduRequiredDocument', '', 'id|1;name|vaccination;edu_registration_id|1;presented|1;', 1, '', '2016-02-26 08:16:12');
INSERT INTO audit_trails (`id`, `is_successful`, `user_id`, `session_name`, `action_made`, `table_name`, `old_value`, `new_value`, `record_id`, `audit_desc`, `created`) VALUES(93, 1, 1, 'qahv2p6gi9iddte3kd6dghiff0', 'C', 'EduRequiredDocument', '', 'id|2;name|birth_certificate;edu_registration_id|1;presented|1;', 2, '', '2016-02-26 08:16:12');
INSERT INTO audit_trails (`id`, `is_successful`, `user_id`, `session_name`, `action_made`, `table_name`, `old_value`, `new_value`, `record_id`, `audit_desc`, `created`) VALUES(94, 1, 1, 'qahv2p6gi9iddte3kd6dghiff0', 'C', 'AcctTransaction', '', 'id|1;name|1456474572;description|Enrollment Fee of student ABEBE;cheque_number|NA;invoice_number|AUTO-1456474572;transaction_date|2016-02-26;acct_fiscal_year_id|1;user_id|1;created|2016-02-26 08:16:12;modified|2016-02-26 08:16:12;', 1, '', '2016-02-26 08:16:12');
INSERT INTO audit_trails (`id`, `is_successful`, `user_id`, `session_name`, `action_made`, `table_name`, `old_value`, `new_value`, `record_id`, `audit_desc`, `created`) VALUES(95, 1, 1, 'qahv2p6gi9iddte3kd6dghiff0', 'C', 'AcctJournal', '', 'id|1;acct_transaction_id|1;acct_account_id|3;dr|500.00;cr|0.00;bbf|0.00;created|2016-02-26 08:16:12;modified|2016-02-26 08:16:12;', 1, '', '2016-02-26 08:16:12');
INSERT INTO audit_trails (`id`, `is_successful`, `user_id`, `session_name`, `action_made`, `table_name`, `old_value`, `new_value`, `record_id`, `audit_desc`, `created`) VALUES(96, 1, 1, 'qahv2p6gi9iddte3kd6dghiff0', 'C', 'AcctJournal', '', 'id|2;acct_transaction_id|1;acct_account_id|10;dr|0.00;cr|500.00;bbf|0.00;created|2016-02-26 08:16:12;modified|2016-02-26 08:16:12;', 2, '', '2016-02-26 08:16:12');
INSERT INTO audit_trails (`id`, `is_successful`, `user_id`, `session_name`, `action_made`, `table_name`, `old_value`, `new_value`, `record_id`, `audit_desc`, `created`) VALUES(97, 1, 1, 'qahv2p6gi9iddte3kd6dghiff0', 'C', 'EduPayment', '', 'id|1;edu_payment_schedule_id|-1;edu_student_id|1;is_paid|1;date_paid|2016-02-26;paid_amount|500.00;cheque_number|NA;cheque_amount|0.00;invoice|AUTO-1456474572;transaction_ref|1456474572;created|2016-02-26 08:16:12;modified|2016-02-26 08:16:12;', 1, '', '2016-02-26 08:16:12');
INSERT INTO audit_trails (`id`, `is_successful`, `user_id`, `session_name`, `action_made`, `table_name`, `old_value`, `new_value`, `record_id`, `audit_desc`, `created`) VALUES(105, 1, 1, 'qahv2p6gi9iddte3kd6dghiff0', 'C', 'Person', '', 'id|4;first_name|Abebech;middle_name|Abebech;last_name|Abebech;birthdate|2100-01-01;birth_location|;residence_location|;kebele_or_farmers_association|Not Specified;house_number|;', 4, '', '2016-02-26 08:51:59');
INSERT INTO audit_trails (`id`, `is_successful`, `user_id`, `session_name`, `action_made`, `table_name`, `old_value`, `new_value`, `record_id`, `audit_desc`, `created`) VALUES(106, 1, 1, 'qahv2p6gi9iddte3kd6dghiff0', 'C', 'User', '', 'id|4;username|abebech.abebech_1456476719;password|e0d20c2ec4ff98e331e53995f96533bed3c57b95;email|no_p_1456476719@chaeduc.com;is_active|1;security_question|not specified;security_answer|not specified;person_id|4;edu_campus_id|1;created|2016-02-26 08:51:59;modified|2016-02-26 08:51:59;', 4, '', '2016-02-26 08:51:59');
INSERT INTO audit_trails (`id`, `is_successful`, `user_id`, `session_name`, `action_made`, `table_name`, `old_value`, `new_value`, `record_id`, `audit_desc`, `created`) VALUES(107, 1, 1, 'qahv2p6gi9iddte3kd6dghiff0', 'C', 'GroupsUser', '', 'id|4;user_id|4;group_id|6;', 4, '', '2016-02-26 08:51:59');
INSERT INTO audit_trails (`id`, `is_successful`, `user_id`, `session_name`, `action_made`, `table_name`, `old_value`, `new_value`, `record_id`, `audit_desc`, `created`) VALUES(108, 1, 1, 'qahv2p6gi9iddte3kd6dghiff0', 'C', 'EduParent', '', 'id|2;authorized_person|Abebech;marital_status|S;primary_parent|M;user_id|4;created|2016-02-26 08:51:59;modified|2016-02-26 08:51:59;', 2, '', '2016-02-26 08:51:59');
INSERT INTO audit_trails (`id`, `is_successful`, `user_id`, `session_name`, `action_made`, `table_name`, `old_value`, `new_value`, `record_id`, `audit_desc`, `created`) VALUES(109, 1, 1, 'qahv2p6gi9iddte3kd6dghiff0', 'C', 'EduParentDetail', '', 'id|3;first_name|Abebech;middle_name|Abebech;last_name|Abebech;residence_address|;nationality|Ethiopian;relationship|mother;occupation|;academic_qualification|NA;employment_status|NA;employer|;work_address|[Work Address];work_telephone|[Work Telephone];mobile|[Mobile];email|[Email];photo_file|No file;family_type|M;edu_parent_id|2;created|2016-02-26 08:51:59;modified|2016-02-26 08:51:59;', 3, '', '2016-02-26 08:51:59');
INSERT INTO audit_trails (`id`, `is_successful`, `user_id`, `session_name`, `action_made`, `table_name`, `old_value`, `new_value`, `record_id`, `audit_desc`, `created`) VALUES(110, 1, 1, 'qahv2p6gi9iddte3kd6dghiff0', 'C', 'EduParentDetail', '', 'id|4;first_name|[First Name];middle_name|[Middle Name];last_name|[Last Name];residence_address|;nationality|Ethiopian;relationship|father;occupation|;academic_qualification|NA;employment_status|Em;employer|;work_address|[Work Address];work_telephone|[Work Telephone];mobile|[Mobile];email|[Email];photo_file|No file;family_type|F;edu_parent_id|2;created|2016-02-26 08:51:59;modified|2016-02-26 08:51:59;', 4, '', '2016-02-26 08:51:59');
INSERT INTO audit_trails (`id`, `is_successful`, `user_id`, `session_name`, `action_made`, `table_name`, `old_value`, `new_value`, `record_id`, `audit_desc`, `created`) VALUES(111, 0, 1, 'qahv2p6gi9iddte3kd6dghiff0', 'C', 'EduParentDetail', '', '', 0, '', '2016-02-26 08:51:59');
INSERT INTO audit_trails (`id`, `is_successful`, `user_id`, `session_name`, `action_made`, `table_name`, `old_value`, `new_value`, `record_id`, `audit_desc`, `created`) VALUES(112, 1, 1, 'qahv2p6gi9iddte3kd6dghiff0', 'C', 'Person', '', 'id|5;first_name|ABEBE;middle_name|ABEBE;last_name|ABEBE;birthdate|2013-02-26;birth_location|;residence_location|;kebele_or_farmers_association|Not Specified;house_number|;', 5, '', '2016-02-26 08:51:59');
INSERT INTO audit_trails (`id`, `is_successful`, `user_id`, `session_name`, `action_made`, `table_name`, `old_value`, `new_value`, `record_id`, `audit_desc`, `created`) VALUES(113, 1, 1, 'qahv2p6gi9iddte3kd6dghiff0', 'C', 'User', '', 'id|5;username|abebe_1456476719;password|36a0009e995e220c8def024739d0a63671956b81;email|no_s_1456476719@chaeduc.com;is_active|1;security_question|not specified;security_answer|not specified;person_id|5;edu_campus_id|1;created|2016-02-26 08:51:59;modified|2016-02-26 08:51:59;', 5, '', '2016-02-26 08:51:59');
INSERT INTO audit_trails (`id`, `is_successful`, `user_id`, `session_name`, `action_made`, `table_name`, `old_value`, `new_value`, `record_id`, `audit_desc`, `created`) VALUES(114, 1, 1, 'qahv2p6gi9iddte3kd6dghiff0', 'C', 'GroupsUser', '', 'id|5;user_id|5;group_id|7;', 5, '', '2016-02-26 08:51:59');
INSERT INTO audit_trails (`id`, `is_successful`, `user_id`, `session_name`, `action_made`, `table_name`, `old_value`, `new_value`, `record_id`, `audit_desc`, `created`) VALUES(115, 1, 1, 'qahv2p6gi9iddte3kd6dghiff0', 'C', 'EduStudent', '', 'id|2;name|ABEBE;identity_number|CHA/16/0001;birth_date|2013-02-26;registration_date|2016-02-26;gender|F;nationality|Ethiopian;edu_parent_id|2;user_id|5;photo_file_name|No file;maker_id|1;status|1;created|2016-02-26 08:51:59;modified|2016-02-26 08:51:59;', 2, '', '2016-02-26 08:51:59');
INSERT INTO audit_trails (`id`, `is_successful`, `user_id`, `session_name`, `action_made`, `table_name`, `old_value`, `new_value`, `record_id`, `audit_desc`, `created`) VALUES(116, 1, 1, 'qahv2p6gi9iddte3kd6dghiff0', 'C', 'EduRegistration', '', 'id|2;name|ABEBE;edu_student_id|2;edu_class_id|1;edu_section_id|0;edu_campus_id|1;grand_total_average|0.00;rank|0;status|A;failure_count|0;allowed|A;created|2016-02-26 08:51:59;modified|2016-02-26 08:51:59;', 2, '', '2016-02-26 08:51:59');
INSERT INTO audit_trails (`id`, `is_successful`, `user_id`, `session_name`, `action_made`, `table_name`, `old_value`, `new_value`, `record_id`, `audit_desc`, `created`) VALUES(117, 1, 1, 'qahv2p6gi9iddte3kd6dghiff0', 'C', 'EduStudentCondition', '', 'id|2;edu_student_id|2;learning_condition|Normal;health_condition|Normal;treatment_type|;health_care_institute|;physician|;alergy|Nothing;physical_condition|Normal;created|2016-02-26 08:51:59;modified|2016-02-26 08:51:59;', 2, '', '2016-02-26 08:51:59');
INSERT INTO audit_trails (`id`, `is_successful`, `user_id`, `session_name`, `action_made`, `table_name`, `old_value`, `new_value`, `record_id`, `audit_desc`, `created`) VALUES(118, 1, 1, 'qahv2p6gi9iddte3kd6dghiff0', 'C', 'EduRequiredDocument', '', 'id|3;name|vaccination;edu_registration_id|2;presented|1;', 3, '', '2016-02-26 08:51:59');
INSERT INTO audit_trails (`id`, `is_successful`, `user_id`, `session_name`, `action_made`, `table_name`, `old_value`, `new_value`, `record_id`, `audit_desc`, `created`) VALUES(119, 1, 1, 'qahv2p6gi9iddte3kd6dghiff0', 'C', 'EduRequiredDocument', '', 'id|4;name|birth_certificate;edu_registration_id|2;presented|1;', 4, '', '2016-02-26 08:51:59');
INSERT INTO audit_trails (`id`, `is_successful`, `user_id`, `session_name`, `action_made`, `table_name`, `old_value`, `new_value`, `record_id`, `audit_desc`, `created`) VALUES(120, 1, 1, 'qahv2p6gi9iddte3kd6dghiff0', 'C', 'AcctTransaction', '', 'id|2;name|1456476719;description|Enrollment Fee of student ABEBE;cheque_number|NA;invoice_number|AUTO-1456476719;transaction_date|2016-02-26;acct_fiscal_year_id|1;user_id|1;created|2016-02-26 08:51:59;modified|2016-02-26 08:51:59;', 2, '', '2016-02-26 08:51:59');
INSERT INTO audit_trails (`id`, `is_successful`, `user_id`, `session_name`, `action_made`, `table_name`, `old_value`, `new_value`, `record_id`, `audit_desc`, `created`) VALUES(121, 1, 1, 'qahv2p6gi9iddte3kd6dghiff0', 'C', 'AcctJournal', '', 'id|3;acct_transaction_id|2;acct_account_id|3;dr|500.00;cr|0.00;bbf|0.00;created|2016-02-26 08:51:59;modified|2016-02-26 08:51:59;', 3, '', '2016-02-26 08:51:59');
INSERT INTO audit_trails (`id`, `is_successful`, `user_id`, `session_name`, `action_made`, `table_name`, `old_value`, `new_value`, `record_id`, `audit_desc`, `created`) VALUES(122, 1, 1, 'qahv2p6gi9iddte3kd6dghiff0', 'C', 'AcctJournal', '', 'id|4;acct_transaction_id|2;acct_account_id|10;dr|0.00;cr|500.00;bbf|0.00;created|2016-02-26 08:51:59;modified|2016-02-26 08:51:59;', 4, '', '2016-02-26 08:51:59');
INSERT INTO audit_trails (`id`, `is_successful`, `user_id`, `session_name`, `action_made`, `table_name`, `old_value`, `new_value`, `record_id`, `audit_desc`, `created`) VALUES(123, 1, 1, 'qahv2p6gi9iddte3kd6dghiff0', 'C', 'EduPayment', '', 'id|2;edu_payment_schedule_id|-1;edu_student_id|2;is_paid|1;date_paid|2016-02-26;paid_amount|500.00;cheque_number|NA;cheque_amount|0.00;invoice|AUTO-1456476719;transaction_ref|1456476719;created|2016-02-26 08:51:59;modified|2016-02-26 08:51:59;', 2, '', '2016-02-26 08:51:59');
INSERT INTO audit_trails (`id`, `is_successful`, `user_id`, `session_name`, `action_made`, `table_name`, `old_value`, `new_value`, `record_id`, `audit_desc`, `created`) VALUES(124, 1, 1, 'qahv2p6gi9iddte3kd6dghiff0', 'C', 'EduReceipt', '', 'id|1;name|;reference_number|1;invoice_date|2016-02-26;crm_number|AUTO-1456476719;parent_name|Abebech Abebech Abebech;parent_address|<br>[Mobile];edu_student_id|2;student_name|ABEBE;student_number|CHA/16/0001;student_class|Nursery;student_section|Not Set;student_academic_year|AY-2008;total_before_tax|500.00;total_after_tax|500.00;VAT|0.00;TOT|0.00;created|2016-02-26 08:51:59;modified|2016-02-26 08:51:59;', 1, '', '2016-02-26 08:51:59');
INSERT INTO audit_trails (`id`, `is_successful`, `user_id`, `session_name`, `action_made`, `table_name`, `old_value`, `new_value`, `record_id`, `audit_desc`, `created`) VALUES(125, 1, 1, 'qahv2p6gi9iddte3kd6dghiff0', 'C', 'EduReceiptItem', '', 'id|1;name|Enrollment Payment;amount|500.00;edu_receipt_id|1;', 1, '', '2016-02-26 08:51:59');
INSERT INTO audit_trails (`id`, `is_successful`, `user_id`, `session_name`, `action_made`, `table_name`, `old_value`, `new_value`, `record_id`, `audit_desc`, `created`) VALUES(126, 1, 1, 'qahv2p6gi9iddte3kd6dghiff0', 'C', 'Person', '', 'id|6;first_name|AA;middle_name|$#67;last_name|ere;birthdate|2100-01-01;birth_location|;residence_location|;kebele_or_farmers_association|Not Specified;house_number|;', 6, '', '2016-02-26 09:02:07');
INSERT INTO audit_trails (`id`, `is_successful`, `user_id`, `session_name`, `action_made`, `table_name`, `old_value`, `new_value`, `record_id`, `audit_desc`, `created`) VALUES(127, 1, 1, 'qahv2p6gi9iddte3kd6dghiff0', 'C', 'User', '', 'id|6;username|aa.$#67_1456477327;password|22643a76517a0415d194b6700cb37fb89673a47a;email|no_p_1456477327@chaeduc.com;is_active|1;security_question|not specified;security_answer|not specified;person_id|6;edu_campus_id|1;created|2016-02-26 09:02:07;modified|2016-02-26 09:02:07;', 6, '', '2016-02-26 09:02:07');
INSERT INTO audit_trails (`id`, `is_successful`, `user_id`, `session_name`, `action_made`, `table_name`, `old_value`, `new_value`, `record_id`, `audit_desc`, `created`) VALUES(128, 1, 1, 'qahv2p6gi9iddte3kd6dghiff0', 'C', 'GroupsUser', '', 'id|6;user_id|6;group_id|6;', 6, '', '2016-02-26 09:02:07');
INSERT INTO audit_trails (`id`, `is_successful`, `user_id`, `session_name`, `action_made`, `table_name`, `old_value`, `new_value`, `record_id`, `audit_desc`, `created`) VALUES(129, 1, 1, 'qahv2p6gi9iddte3kd6dghiff0', 'C', 'EduParent', '', 'id|3;authorized_person|Abb, Tamrat@#$;marital_status|S;primary_parent|M;user_id|6;created|2016-02-26 09:02:07;modified|2016-02-26 09:02:07;', 3, '', '2016-02-26 09:02:07');
INSERT INTO audit_trails (`id`, `is_successful`, `user_id`, `session_name`, `action_made`, `table_name`, `old_value`, `new_value`, `record_id`, `audit_desc`, `created`) VALUES(130, 1, 1, 'qahv2p6gi9iddte3kd6dghiff0', 'C', 'EduParentDetail', '', 'id|5;first_name|AA;middle_name|$#67;last_name|ere;residence_address|;nationality|Ethiopian;relationship|mother;occupation|;academic_qualification|NA;employment_status|NA;employer|;work_address|[Work Address];work_telephone|[Work Telephone];mobile|[Mobile];email|[Email];photo_file|No file;family_type|M;edu_parent_id|3;created|2016-02-26 09:02:07;modified|2016-02-26 09:02:07;', 5, '', '2016-02-26 09:02:07');
INSERT INTO audit_trails (`id`, `is_successful`, `user_id`, `session_name`, `action_made`, `table_name`, `old_value`, `new_value`, `record_id`, `audit_desc`, `created`) VALUES(131, 1, 1, 'qahv2p6gi9iddte3kd6dghiff0', 'C', 'EduParentDetail', '', 'id|6;first_name|[First Name];middle_name|[Middle Name];last_name|[Last Name];residence_address|;nationality|Ethiopian;relationship|father;occupation|;academic_qualification|NA;employment_status|Em;employer|;work_address|[Work Address];work_telephone|[Work Telephone];mobile|[Mobile];email|[Email];photo_file|No file;family_type|F;edu_parent_id|3;created|2016-02-26 09:02:07;modified|2016-02-26 09:02:07;', 6, '', '2016-02-26 09:02:07');
INSERT INTO audit_trails (`id`, `is_successful`, `user_id`, `session_name`, `action_made`, `table_name`, `old_value`, `new_value`, `record_id`, `audit_desc`, `created`) VALUES(132, 0, 1, 'qahv2p6gi9iddte3kd6dghiff0', 'C', 'EduParentDetail', '', '', 0, '', '2016-02-26 09:02:07');
INSERT INTO audit_trails (`id`, `is_successful`, `user_id`, `session_name`, `action_made`, `table_name`, `old_value`, `new_value`, `record_id`, `audit_desc`, `created`) VALUES(133, 1, 1, 'qahv2p6gi9iddte3kd6dghiff0', 'C', 'Person', '', 'id|7;first_name|AAA;middle_name|AAA;last_name|AAA;birthdate|2013-02-26;birth_location|;residence_location|;kebele_or_farmers_association|Not Specified;house_number|;', 7, '', '2016-02-26 09:02:07');
INSERT INTO audit_trails (`id`, `is_successful`, `user_id`, `session_name`, `action_made`, `table_name`, `old_value`, `new_value`, `record_id`, `audit_desc`, `created`) VALUES(134, 1, 1, 'qahv2p6gi9iddte3kd6dghiff0', 'C', 'User', '', 'id|7;username|aaa_1456477327;password|c02ebac181fb5eee408eb181caf7381200fe026d;email|no_s_1456477327@chaeduc.com;is_active|1;security_question|not specified;security_answer|not specified;person_id|7;edu_campus_id|1;created|2016-02-26 09:02:07;modified|2016-02-26 09:02:07;', 7, '', '2016-02-26 09:02:07');
INSERT INTO audit_trails (`id`, `is_successful`, `user_id`, `session_name`, `action_made`, `table_name`, `old_value`, `new_value`, `record_id`, `audit_desc`, `created`) VALUES(135, 1, 1, 'qahv2p6gi9iddte3kd6dghiff0', 'C', 'GroupsUser', '', 'id|7;user_id|7;group_id|7;', 7, '', '2016-02-26 09:02:07');
INSERT INTO audit_trails (`id`, `is_successful`, `user_id`, `session_name`, `action_made`, `table_name`, `old_value`, `new_value`, `record_id`, `audit_desc`, `created`) VALUES(136, 1, 1, 'qahv2p6gi9iddte3kd6dghiff0', 'C', 'EduStudent', '', 'id|3;name|AAA;identity_number|CHA/16/0002;birth_date|2013-02-26;registration_date|2016-02-26;gender|F;nationality|Ethiopian;edu_parent_id|3;user_id|7;photo_file_name|No file;maker_id|1;status|1;created|2016-02-26 09:02:07;modified|2016-02-26 09:02:07;', 3, '', '2016-02-26 09:02:07');
INSERT INTO audit_trails (`id`, `is_successful`, `user_id`, `session_name`, `action_made`, `table_name`, `old_value`, `new_value`, `record_id`, `audit_desc`, `created`) VALUES(137, 1, 1, 'qahv2p6gi9iddte3kd6dghiff0', 'C', 'EduRegistration', '', 'id|3;name|AAA;edu_student_id|3;edu_class_id|1;edu_section_id|0;edu_campus_id|1;grand_total_average|0.00;rank|0;status|A;failure_count|0;allowed|A;created|2016-02-26 09:02:07;modified|2016-02-26 09:02:07;', 3, '', '2016-02-26 09:02:07');
INSERT INTO audit_trails (`id`, `is_successful`, `user_id`, `session_name`, `action_made`, `table_name`, `old_value`, `new_value`, `record_id`, `audit_desc`, `created`) VALUES(138, 1, 1, 'qahv2p6gi9iddte3kd6dghiff0', 'C', 'EduStudentCondition', '', 'id|3;edu_student_id|3;learning_condition|Normal;health_condition|Normal;treatment_type|;health_care_institute|;physician|;alergy|Nothing;physical_condition|Normal;created|2016-02-26 09:02:07;modified|2016-02-26 09:02:07;', 3, '', '2016-02-26 09:02:07');
INSERT INTO audit_trails (`id`, `is_successful`, `user_id`, `session_name`, `action_made`, `table_name`, `old_value`, `new_value`, `record_id`, `audit_desc`, `created`) VALUES(139, 1, 1, 'qahv2p6gi9iddte3kd6dghiff0', 'C', 'EduRequiredDocument', '', 'id|5;name|vaccination;edu_registration_id|3;presented|1;', 5, '', '2016-02-26 09:02:07');
INSERT INTO audit_trails (`id`, `is_successful`, `user_id`, `session_name`, `action_made`, `table_name`, `old_value`, `new_value`, `record_id`, `audit_desc`, `created`) VALUES(140, 1, 1, 'qahv2p6gi9iddte3kd6dghiff0', 'C', 'EduRequiredDocument', '', 'id|6;name|birth_certificate;edu_registration_id|3;presented|1;', 6, '', '2016-02-26 09:02:07');
INSERT INTO audit_trails (`id`, `is_successful`, `user_id`, `session_name`, `action_made`, `table_name`, `old_value`, `new_value`, `record_id`, `audit_desc`, `created`) VALUES(141, 1, 1, 'qahv2p6gi9iddte3kd6dghiff0', 'C', 'AcctTransaction', '', 'id|3;name|1456477327;description|Enrollment Fee of student AAA;cheque_number|NA;invoice_number|AUTO-1456477327;transaction_date|2016-02-26;acct_fiscal_year_id|1;user_id|1;created|2016-02-26 09:02:07;modified|2016-02-26 09:02:07;', 3, '', '2016-02-26 09:02:07');
INSERT INTO audit_trails (`id`, `is_successful`, `user_id`, `session_name`, `action_made`, `table_name`, `old_value`, `new_value`, `record_id`, `audit_desc`, `created`) VALUES(142, 1, 1, 'qahv2p6gi9iddte3kd6dghiff0', 'C', 'AcctJournal', '', 'id|5;acct_transaction_id|3;acct_account_id|3;dr|500.00;cr|0.00;bbf|500.00;created|2016-02-26 09:02:07;modified|2016-02-26 09:02:07;', 5, '', '2016-02-26 09:02:07');
INSERT INTO audit_trails (`id`, `is_successful`, `user_id`, `session_name`, `action_made`, `table_name`, `old_value`, `new_value`, `record_id`, `audit_desc`, `created`) VALUES(143, 1, 1, 'qahv2p6gi9iddte3kd6dghiff0', 'C', 'AcctJournal', '', 'id|6;acct_transaction_id|3;acct_account_id|10;dr|0.00;cr|500.00;bbf|500.00;created|2016-02-26 09:02:07;modified|2016-02-26 09:02:07;', 6, '', '2016-02-26 09:02:07');
INSERT INTO audit_trails (`id`, `is_successful`, `user_id`, `session_name`, `action_made`, `table_name`, `old_value`, `new_value`, `record_id`, `audit_desc`, `created`) VALUES(144, 1, 1, 'qahv2p6gi9iddte3kd6dghiff0', 'C', 'EduPayment', '', 'id|3;edu_payment_schedule_id|-1;edu_student_id|3;is_paid|1;date_paid|2016-02-26;paid_amount|500.00;cheque_number|NA;cheque_amount|0.00;invoice|AUTO-1456477327;transaction_ref|1456477327;created|2016-02-26 09:02:07;modified|2016-02-26 09:02:07;', 3, '', '2016-02-26 09:02:07');
INSERT INTO audit_trails (`id`, `is_successful`, `user_id`, `session_name`, `action_made`, `table_name`, `old_value`, `new_value`, `record_id`, `audit_desc`, `created`) VALUES(145, 1, 1, 'qahv2p6gi9iddte3kd6dghiff0', 'C', 'EduReceipt', '', 'id|2;name|;reference_number|2;invoice_date|2016-02-26;crm_number|AUTO-1456477327;parent_name|AA $#67 ere;parent_address|<br>[Mobile];edu_student_id|3;student_name|AAA;student_number|CHA/16/0002;student_class|Nursery;student_section|Not Set;student_academic_year|AY-2008;total_before_tax|500.00;total_after_tax|500.00;VAT|0.00;TOT|0.00;created|2016-02-26 09:02:07;modified|2016-02-26 09:02:07;', 2, '', '2016-02-26 09:02:07');
INSERT INTO audit_trails (`id`, `is_successful`, `user_id`, `session_name`, `action_made`, `table_name`, `old_value`, `new_value`, `record_id`, `audit_desc`, `created`) VALUES(146, 1, 1, 'qahv2p6gi9iddte3kd6dghiff0', 'C', 'EduReceiptItem', '', 'id|2;name|Enrollment Payment;amount|500.00;edu_receipt_id|2;', 2, '', '2016-02-26 09:02:07');
INSERT INTO audit_trails (`id`, `is_successful`, `user_id`, `session_name`, `action_made`, `table_name`, `old_value`, `new_value`, `record_id`, `audit_desc`, `created`) VALUES(147, 1, 1, '58jbn3lgji2j906gi1uumm8o43', 'U', 'EduQuarter', 'id|1;name|Quarter 1;short_name|Q1;start_date|2015-09-14;end_date|2015-11-30;edu_academic_year_id|1;quarter_type|E;status|AC;user_id|1;created|2016-02-22 16:33:30;modified|2016-02-22 16:33:30;', 'id|1;name|Quarter 1;short_name|Q1;start_date|2015-09-14;end_date|2015-11-30;edu_academic_year_id|1;quarter_type|N;status|AC;user_id|1;created|2016-02-22 16:33:30;modified|2016-03-01 15:32:48;', 1, 'Quarter 1 is updated on March 1, 2016', '2016-03-01 15:32:48');
INSERT INTO audit_trails (`id`, `is_successful`, `user_id`, `session_name`, `action_made`, `table_name`, `old_value`, `new_value`, `record_id`, `audit_desc`, `created`) VALUES(148, 1, 1, '58jbn3lgji2j906gi1uumm8o43', 'C', 'Task', '', 'id|64;name|Students;parent_id|11;controller|edu/edu_students;action|index_v;iconcls|icon-activity;function_name|;lft|53;rght|54;list_order|1;built_in|1;created|2016-03-01 15:38:04;modified|2016-03-01 15:38:04;', 64, '', '2016-03-01 15:38:04');
INSERT INTO audit_trails (`id`, `is_successful`, `user_id`, `session_name`, `action_made`, `table_name`, `old_value`, `new_value`, `record_id`, `audit_desc`, `created`) VALUES(149, 1, 1, '58jbn3lgji2j906gi1uumm8o43', 'U', 'Task', 'id|64;name|Students;parent_id|11;controller|edu/edu_students;action|index_v;iconcls|icon-activity;function_name|;lft|53;rght|54;list_order|1;built_in|1;created|2016-03-01 15:38:04;modified|2016-03-01 15:38:04;', 'id|64;name|All Students;parent_id|11;controller|edu/edu_students;action|index_v;iconcls|icon-activity;function_name|;lft|53;rght|54;list_order|1;built_in|1;created|2016-03-01 15:38:04;modified|2016-03-01 15:57:11;', 64, '', '2016-03-01 15:57:11');
INSERT INTO audit_trails (`id`, `is_successful`, `user_id`, `session_name`, `action_made`, `table_name`, `old_value`, `new_value`, `record_id`, `audit_desc`, `created`) VALUES(150, 1, 1, '58jbn3lgji2j906gi1uumm8o43', 'C', 'Task', '', 'id|65;name|Active Students;parent_id|11;controller|edu/edu_registrations;action|index_v;iconcls|icon-activity;function_name|;lft|55;rght|56;list_order|2;built_in|1;created|2016-03-01 15:58:10;modified|2016-03-01 15:58:10;', 65, '', '2016-03-01 15:58:10');
INSERT INTO audit_trails (`id`, `is_successful`, `user_id`, `session_name`, `action_made`, `table_name`, `old_value`, `new_value`, `record_id`, `audit_desc`, `created`) VALUES(187, 1, 1, 'd43gn66fqcv3jafs7o9fah72q3', 'C', 'Person', '', 'id|14;first_name|AYNESHET;middle_name|ABAY;last_name|LEMMA;birthdate|2100-01-01;birth_location|;residence_location|;kebele_or_farmers_association|Not Specified;house_number|255;', 14, '', '2016-03-04 13:24:14');
INSERT INTO audit_trails (`id`, `is_successful`, `user_id`, `session_name`, `action_made`, `table_name`, `old_value`, `new_value`, `record_id`, `audit_desc`, `created`) VALUES(188, 1, 1, 'd43gn66fqcv3jafs7o9fah72q3', 'C', 'User', '', 'id|14;username|ayneshet.abay_1457097854;password|82379fe911a2ec84d7dc4a40d18c55766657811b;email|no_p_1457097854@chaeduc.com;is_active|1;security_question|not specified;security_answer|not specified;person_id|14;edu_campus_id|1;created|2016-03-04 13:24:14;modified|2016-03-04 13:24:14;', 14, '', '2016-03-04 13:24:14');
INSERT INTO audit_trails (`id`, `is_successful`, `user_id`, `session_name`, `action_made`, `table_name`, `old_value`, `new_value`, `record_id`, `audit_desc`, `created`) VALUES(189, 1, 1, 'd43gn66fqcv3jafs7o9fah72q3', 'C', 'GroupsUser', '', 'id|14;user_id|14;group_id|6;', 14, '', '2016-03-04 13:24:14');
INSERT INTO audit_trails (`id`, `is_successful`, `user_id`, `session_name`, `action_made`, `table_name`, `old_value`, `new_value`, `record_id`, `audit_desc`, `created`) VALUES(190, 1, 1, 'd43gn66fqcv3jafs7o9fah72q3', 'C', 'EduParent', '', 'id|10;authorized_person|BEHAILU, AYNESHET;marital_status|S;primary_parent|M;user_id|14;created|2016-03-04 13:24:14;modified|2016-03-04 13:24:14;', 10, '', '2016-03-04 13:24:14');
INSERT INTO audit_trails (`id`, `is_successful`, `user_id`, `session_name`, `action_made`, `table_name`, `old_value`, `new_value`, `record_id`, `audit_desc`, `created`) VALUES(191, 1, 1, 'd43gn66fqcv3jafs7o9fah72q3', 'C', 'EduParentDetail', '', 'id|19;first_name|AYNESHET;middle_name|ABAY;last_name|LEMMA;residence_address|AA;nationality|Ethiopian;relationship|mother;occupation|NURSE;academic_qualification|Diploma;employment_status|E;employer|WOREDA 12 HEALTH CENTER;work_address|AA;work_telephone|0112234343;mobile|0912274650;email|ayneshet.abay@gmail.com;photo_file|1457097854M.png;family_type|M;edu_parent_id|10;created|2016-03-04 13:24:14;modified|2016-03-04 13:24:14;', 19, '', '2016-03-04 13:24:14');
INSERT INTO audit_trails (`id`, `is_successful`, `user_id`, `session_name`, `action_made`, `table_name`, `old_value`, `new_value`, `record_id`, `audit_desc`, `created`) VALUES(192, 1, 1, 'd43gn66fqcv3jafs7o9fah72q3', 'C', 'EduParentDetail', '', 'id|20;first_name|BEHAILU;middle_name|SINTAYEHU;last_name|DADI;residence_address|AA;nationality|Ethiopian;relationship|father;occupation|AA;academic_qualification|BSc;employment_status|Em;employer|ABAY BANK;work_address|AA;work_telephone|0116523434;mobile|0930328163;email|ophthysoft@gmail.com;photo_file|1457097854F.png;family_type|F;edu_parent_id|10;created|2016-03-04 13:24:14;modified|2016-03-04 13:24:14;', 20, '', '2016-03-04 13:24:14');
INSERT INTO audit_trails (`id`, `is_successful`, `user_id`, `session_name`, `action_made`, `table_name`, `old_value`, `new_value`, `record_id`, `audit_desc`, `created`) VALUES(193, 1, 1, 'd43gn66fqcv3jafs7o9fah72q3', 'C', 'Person', '', 'id|15;first_name|NATNAEL BEHAILU SINTAYEHU;middle_name|NATNAEL BEHAILU SINTAYEHU;last_name|NATNAEL BEHAILU SINTAYEHU;birthdate|2012-05-14;birth_location|;residence_location|;kebele_or_farmers_association|Not Specified;house_number|255;', 15, '', '2016-03-04 13:24:14');
INSERT INTO audit_trails (`id`, `is_successful`, `user_id`, `session_name`, `action_made`, `table_name`, `old_value`, `new_value`, `record_id`, `audit_desc`, `created`) VALUES(194, 1, 1, 'd43gn66fqcv3jafs7o9fah72q3', 'C', 'User', '', 'id|15;username|natnael.behailu.sintayehu_1457097854;password|190bc51fea23eea427f1d6da976688ac735d6c71;email|no_s_1457097854@chaeduc.com;is_active|1;security_question|not specified;security_answer|not specified;person_id|15;edu_campus_id|1;created|2016-03-04 13:24:14;modified|2016-03-04 13:24:14;', 15, '', '2016-03-04 13:24:14');
INSERT INTO audit_trails (`id`, `is_successful`, `user_id`, `session_name`, `action_made`, `table_name`, `old_value`, `new_value`, `record_id`, `audit_desc`, `created`) VALUES(195, 1, 1, 'd43gn66fqcv3jafs7o9fah72q3', 'C', 'GroupsUser', '', 'id|15;user_id|15;group_id|7;', 15, '', '2016-03-04 13:24:14');
INSERT INTO audit_trails (`id`, `is_successful`, `user_id`, `session_name`, `action_made`, `table_name`, `old_value`, `new_value`, `record_id`, `audit_desc`, `created`) VALUES(196, 1, 1, 'd43gn66fqcv3jafs7o9fah72q3', 'C', 'EduStudent', '', 'id|4;name|NATNAEL BEHAILU SINTAYEHU;identity_number|CHA/16/0003;birth_date|2012-05-14;registration_date|2016-03-04;gender|M;nationality|Ethiopian;edu_parent_id|10;user_id|15;photo_file_name|1457097854.png;maker_id|1;status|1;created|2016-03-04 13:24:14;modified|2016-03-04 13:24:14;', 4, '', '2016-03-04 13:24:14');
INSERT INTO audit_trails (`id`, `is_successful`, `user_id`, `session_name`, `action_made`, `table_name`, `old_value`, `new_value`, `record_id`, `audit_desc`, `created`) VALUES(197, 1, 1, 'd43gn66fqcv3jafs7o9fah72q3', 'C', 'EduRegistration', '', 'id|4;name|NATNAEL BEHAILU SINTAYEHU;edu_student_id|4;edu_class_id|1;edu_section_id|0;edu_campus_id|1;grand_total_average|0.00;rank|0;status|A;failure_count|0;allowed|A;created|2016-03-04 13:24:14;modified|2016-03-04 13:24:14;', 4, '', '2016-03-04 13:24:14');
INSERT INTO audit_trails (`id`, `is_successful`, `user_id`, `session_name`, `action_made`, `table_name`, `old_value`, `new_value`, `record_id`, `audit_desc`, `created`) VALUES(198, 1, 1, 'd43gn66fqcv3jafs7o9fah72q3', 'C', 'EduRegistrationQuarter', '', 'id|1;edu_registration_id|0;edu_quarter_id|0;quarter_average|0.00;quarter_rank|0;class_rank|0;created|2016-03-04 13:24:14;modified|2016-03-04 13:24:14;', 1, '', '2016-03-04 13:24:14');
INSERT INTO audit_trails (`id`, `is_successful`, `user_id`, `session_name`, `action_made`, `table_name`, `old_value`, `new_value`, `record_id`, `audit_desc`, `created`) VALUES(199, 1, 1, 'd43gn66fqcv3jafs7o9fah72q3', 'C', 'EduRegistrationQuarterResult', '', 'id|1;edu_registration_quarter_id|0;edu_course_id|0;course_result|0.00;course_rank|0;result_indicator|N;created|2016-03-04 13:24:14;modified|2016-03-04 13:24:14;', 1, '', '2016-03-04 13:24:14');
INSERT INTO audit_trails (`id`, `is_successful`, `user_id`, `session_name`, `action_made`, `table_name`, `old_value`, `new_value`, `record_id`, `audit_desc`, `created`) VALUES(200, 1, 1, 'd43gn66fqcv3jafs7o9fah72q3', 'C', 'EduRegistrationQuarterResult', '', 'id|2;edu_registration_quarter_id|0;edu_course_id|0;course_result|0.00;course_rank|0;result_indicator|N;created|2016-03-04 13:24:14;modified|2016-03-04 13:24:14;', 2, '', '2016-03-04 13:24:14');
INSERT INTO audit_trails (`id`, `is_successful`, `user_id`, `session_name`, `action_made`, `table_name`, `old_value`, `new_value`, `record_id`, `audit_desc`, `created`) VALUES(201, 1, 1, 'd43gn66fqcv3jafs7o9fah72q3', 'C', 'EduRegistrationQuarterResult', '', 'id|3;edu_registration_quarter_id|0;edu_course_id|0;course_result|0.00;course_rank|0;result_indicator|N;created|2016-03-04 13:24:14;modified|2016-03-04 13:24:14;', 3, '', '2016-03-04 13:24:14');
INSERT INTO audit_trails (`id`, `is_successful`, `user_id`, `session_name`, `action_made`, `table_name`, `old_value`, `new_value`, `record_id`, `audit_desc`, `created`) VALUES(202, 1, 1, 'd43gn66fqcv3jafs7o9fah72q3', 'C', 'EduRegistrationQuarterResult', '', 'id|4;edu_registration_quarter_id|0;edu_course_id|0;course_result|0.00;course_rank|0;result_indicator|N;created|2016-03-04 13:24:14;modified|2016-03-04 13:24:14;', 4, '', '2016-03-04 13:24:14');
INSERT INTO audit_trails (`id`, `is_successful`, `user_id`, `session_name`, `action_made`, `table_name`, `old_value`, `new_value`, `record_id`, `audit_desc`, `created`) VALUES(203, 1, 1, 'd43gn66fqcv3jafs7o9fah72q3', 'C', 'EduRegistrationQuarterResult', '', 'id|5;edu_registration_quarter_id|0;edu_course_id|0;course_result|0.00;course_rank|0;result_indicator|N;created|2016-03-04 13:24:14;modified|2016-03-04 13:24:14;', 5, '', '2016-03-04 13:24:14');
INSERT INTO audit_trails (`id`, `is_successful`, `user_id`, `session_name`, `action_made`, `table_name`, `old_value`, `new_value`, `record_id`, `audit_desc`, `created`) VALUES(204, 1, 1, 'd43gn66fqcv3jafs7o9fah72q3', 'C', 'EduRegistrationQuarterResult', '', 'id|6;edu_registration_quarter_id|0;edu_course_id|0;course_result|0.00;course_rank|0;result_indicator|N;created|2016-03-04 13:24:14;modified|2016-03-04 13:24:14;', 6, '', '2016-03-04 13:24:14');
INSERT INTO audit_trails (`id`, `is_successful`, `user_id`, `session_name`, `action_made`, `table_name`, `old_value`, `new_value`, `record_id`, `audit_desc`, `created`) VALUES(205, 1, 1, 'd43gn66fqcv3jafs7o9fah72q3', 'C', 'EduRegistrationQuarter', '', 'id|2;edu_registration_id|0;edu_quarter_id|0;quarter_average|0.00;quarter_rank|0;class_rank|0;created|2016-03-04 13:24:14;modified|2016-03-04 13:24:14;', 2, '', '2016-03-04 13:24:14');
INSERT INTO audit_trails (`id`, `is_successful`, `user_id`, `session_name`, `action_made`, `table_name`, `old_value`, `new_value`, `record_id`, `audit_desc`, `created`) VALUES(206, 1, 1, 'd43gn66fqcv3jafs7o9fah72q3', 'C', 'EduRegistrationQuarterResult', '', 'id|7;edu_registration_quarter_id|0;edu_course_id|0;course_result|0.00;course_rank|0;result_indicator|N;created|2016-03-04 13:24:14;modified|2016-03-04 13:24:14;', 7, '', '2016-03-04 13:24:14');
INSERT INTO audit_trails (`id`, `is_successful`, `user_id`, `session_name`, `action_made`, `table_name`, `old_value`, `new_value`, `record_id`, `audit_desc`, `created`) VALUES(207, 1, 1, 'd43gn66fqcv3jafs7o9fah72q3', 'C', 'EduRegistrationQuarterResult', '', 'id|8;edu_registration_quarter_id|0;edu_course_id|0;course_result|0.00;course_rank|0;result_indicator|N;created|2016-03-04 13:24:15;modified|2016-03-04 13:24:15;', 8, '', '2016-03-04 13:24:15');
INSERT INTO audit_trails (`id`, `is_successful`, `user_id`, `session_name`, `action_made`, `table_name`, `old_value`, `new_value`, `record_id`, `audit_desc`, `created`) VALUES(208, 1, 1, 'd43gn66fqcv3jafs7o9fah72q3', 'C', 'EduRegistrationQuarterResult', '', 'id|9;edu_registration_quarter_id|0;edu_course_id|0;course_result|0.00;course_rank|0;result_indicator|N;created|2016-03-04 13:24:15;modified|2016-03-04 13:24:15;', 9, '', '2016-03-04 13:24:15');
INSERT INTO audit_trails (`id`, `is_successful`, `user_id`, `session_name`, `action_made`, `table_name`, `old_value`, `new_value`, `record_id`, `audit_desc`, `created`) VALUES(209, 1, 1, 'd43gn66fqcv3jafs7o9fah72q3', 'C', 'EduRegistrationQuarterResult', '', 'id|10;edu_registration_quarter_id|0;edu_course_id|0;course_result|0.00;course_rank|0;result_indicator|N;created|2016-03-04 13:24:15;modified|2016-03-04 13:24:15;', 10, '', '2016-03-04 13:24:15');
INSERT INTO audit_trails (`id`, `is_successful`, `user_id`, `session_name`, `action_made`, `table_name`, `old_value`, `new_value`, `record_id`, `audit_desc`, `created`) VALUES(210, 1, 1, 'd43gn66fqcv3jafs7o9fah72q3', 'C', 'EduRegistrationQuarterResult', '', 'id|11;edu_registration_quarter_id|0;edu_course_id|0;course_result|0.00;course_rank|0;result_indicator|N;created|2016-03-04 13:24:15;modified|2016-03-04 13:24:15;', 11, '', '2016-03-04 13:24:15');
INSERT INTO audit_trails (`id`, `is_successful`, `user_id`, `session_name`, `action_made`, `table_name`, `old_value`, `new_value`, `record_id`, `audit_desc`, `created`) VALUES(211, 1, 1, 'd43gn66fqcv3jafs7o9fah72q3', 'C', 'EduRegistrationQuarterResult', '', 'id|12;edu_registration_quarter_id|0;edu_course_id|0;course_result|0.00;course_rank|0;result_indicator|N;created|2016-03-04 13:24:15;modified|2016-03-04 13:24:15;', 12, '', '2016-03-04 13:24:15');
INSERT INTO audit_trails (`id`, `is_successful`, `user_id`, `session_name`, `action_made`, `table_name`, `old_value`, `new_value`, `record_id`, `audit_desc`, `created`) VALUES(212, 1, 1, 'd43gn66fqcv3jafs7o9fah72q3', 'C', 'EduRegistrationQuarter', '', 'id|3;edu_registration_id|0;edu_quarter_id|0;quarter_average|0.00;quarter_rank|0;class_rank|0;created|2016-03-04 13:24:15;modified|2016-03-04 13:24:15;', 3, '', '2016-03-04 13:24:15');
INSERT INTO audit_trails (`id`, `is_successful`, `user_id`, `session_name`, `action_made`, `table_name`, `old_value`, `new_value`, `record_id`, `audit_desc`, `created`) VALUES(213, 1, 1, 'd43gn66fqcv3jafs7o9fah72q3', 'C', 'EduRegistrationQuarterResult', '', 'id|13;edu_registration_quarter_id|0;edu_course_id|0;course_result|0.00;course_rank|0;result_indicator|N;created|2016-03-04 13:24:15;modified|2016-03-04 13:24:15;', 13, '', '2016-03-04 13:24:15');
INSERT INTO audit_trails (`id`, `is_successful`, `user_id`, `session_name`, `action_made`, `table_name`, `old_value`, `new_value`, `record_id`, `audit_desc`, `created`) VALUES(214, 1, 1, 'd43gn66fqcv3jafs7o9fah72q3', 'C', 'EduRegistrationQuarterResult', '', 'id|14;edu_registration_quarter_id|0;edu_course_id|0;course_result|0.00;course_rank|0;result_indicator|N;created|2016-03-04 13:24:15;modified|2016-03-04 13:24:15;', 14, '', '2016-03-04 13:24:15');
INSERT INTO audit_trails (`id`, `is_successful`, `user_id`, `session_name`, `action_made`, `table_name`, `old_value`, `new_value`, `record_id`, `audit_desc`, `created`) VALUES(215, 1, 1, 'd43gn66fqcv3jafs7o9fah72q3', 'C', 'EduRegistrationQuarterResult', '', 'id|15;edu_registration_quarter_id|0;edu_course_id|0;course_result|0.00;course_rank|0;result_indicator|N;created|2016-03-04 13:24:15;modified|2016-03-04 13:24:15;', 15, '', '2016-03-04 13:24:15');
INSERT INTO audit_trails (`id`, `is_successful`, `user_id`, `session_name`, `action_made`, `table_name`, `old_value`, `new_value`, `record_id`, `audit_desc`, `created`) VALUES(216, 1, 1, 'd43gn66fqcv3jafs7o9fah72q3', 'C', 'EduRegistrationQuarterResult', '', 'id|16;edu_registration_quarter_id|0;edu_course_id|0;course_result|0.00;course_rank|0;result_indicator|N;created|2016-03-04 13:24:15;modified|2016-03-04 13:24:15;', 16, '', '2016-03-04 13:24:15');
INSERT INTO audit_trails (`id`, `is_successful`, `user_id`, `session_name`, `action_made`, `table_name`, `old_value`, `new_value`, `record_id`, `audit_desc`, `created`) VALUES(217, 1, 1, 'd43gn66fqcv3jafs7o9fah72q3', 'C', 'EduRegistrationQuarterResult', '', 'id|17;edu_registration_quarter_id|0;edu_course_id|0;course_result|0.00;course_rank|0;result_indicator|N;created|2016-03-04 13:24:15;modified|2016-03-04 13:24:15;', 17, '', '2016-03-04 13:24:15');
INSERT INTO audit_trails (`id`, `is_successful`, `user_id`, `session_name`, `action_made`, `table_name`, `old_value`, `new_value`, `record_id`, `audit_desc`, `created`) VALUES(218, 1, 1, 'd43gn66fqcv3jafs7o9fah72q3', 'C', 'EduRegistrationQuarterResult', '', 'id|18;edu_registration_quarter_id|0;edu_course_id|0;course_result|0.00;course_rank|0;result_indicator|N;created|2016-03-04 13:24:15;modified|2016-03-04 13:24:15;', 18, '', '2016-03-04 13:24:15');
INSERT INTO audit_trails (`id`, `is_successful`, `user_id`, `session_name`, `action_made`, `table_name`, `old_value`, `new_value`, `record_id`, `audit_desc`, `created`) VALUES(219, 1, 1, 'd43gn66fqcv3jafs7o9fah72q3', 'C', 'EduStudentCondition', '', 'id|4;edu_student_id|4;learning_condition|Normal;health_condition|Normal;treatment_type|;health_care_institute|;physician|;alergy|Nothing;physical_condition|Normal;created|2016-03-04 13:24:15;modified|2016-03-04 13:24:15;', 4, '', '2016-03-04 13:24:15');
INSERT INTO audit_trails (`id`, `is_successful`, `user_id`, `session_name`, `action_made`, `table_name`, `old_value`, `new_value`, `record_id`, `audit_desc`, `created`) VALUES(220, 1, 1, 'd43gn66fqcv3jafs7o9fah72q3', 'C', 'EduRequiredDocument', '', 'id|7;name|vaccination;edu_registration_id|4;presented|1;', 7, '', '2016-03-04 13:24:15');
INSERT INTO audit_trails (`id`, `is_successful`, `user_id`, `session_name`, `action_made`, `table_name`, `old_value`, `new_value`, `record_id`, `audit_desc`, `created`) VALUES(221, 1, 1, 'd43gn66fqcv3jafs7o9fah72q3', 'C', 'EduRequiredDocument', '', 'id|8;name|birth_certificate;edu_registration_id|4;presented|1;', 8, '', '2016-03-04 13:24:15');
INSERT INTO audit_trails (`id`, `is_successful`, `user_id`, `session_name`, `action_made`, `table_name`, `old_value`, `new_value`, `record_id`, `audit_desc`, `created`) VALUES(222, 1, 1, 'd43gn66fqcv3jafs7o9fah72q3', 'C', 'AcctTransaction', '', 'id|4;name|1457097855;description|Enrollment Fee of student NATNAEL BEHAILU SINTAYEHU;cheque_number|NA;invoice_number|AUTO-1457097854;transaction_date|2016-03-04;acct_fiscal_year_id|1;user_id|1;created|2016-03-04 13:24:15;modified|2016-03-04 13:24:15;', 4, '', '2016-03-04 13:24:15');
INSERT INTO audit_trails (`id`, `is_successful`, `user_id`, `session_name`, `action_made`, `table_name`, `old_value`, `new_value`, `record_id`, `audit_desc`, `created`) VALUES(223, 1, 1, 'd43gn66fqcv3jafs7o9fah72q3', 'C', 'AcctJournal', '', 'id|7;acct_transaction_id|4;acct_account_id|3;dr|500.00;cr|0.00;bbf|1000.00;created|2016-03-04 13:24:15;modified|2016-03-04 13:24:15;', 7, '', '2016-03-04 13:24:15');
INSERT INTO audit_trails (`id`, `is_successful`, `user_id`, `session_name`, `action_made`, `table_name`, `old_value`, `new_value`, `record_id`, `audit_desc`, `created`) VALUES(224, 1, 1, 'd43gn66fqcv3jafs7o9fah72q3', 'C', 'AcctJournal', '', 'id|8;acct_transaction_id|4;acct_account_id|10;dr|0.00;cr|500.00;bbf|1000.00;created|2016-03-04 13:24:15;modified|2016-03-04 13:24:15;', 8, '', '2016-03-04 13:24:15');
INSERT INTO audit_trails (`id`, `is_successful`, `user_id`, `session_name`, `action_made`, `table_name`, `old_value`, `new_value`, `record_id`, `audit_desc`, `created`) VALUES(225, 1, 1, 'd43gn66fqcv3jafs7o9fah72q3', 'C', 'EduPayment', '', 'id|4;edu_payment_schedule_id|-1;edu_student_id|4;is_paid|1;date_paid|2016-03-04;paid_amount|500.00;cheque_number|NA;cheque_amount|0.00;invoice|AUTO-1457097854;transaction_ref|1457097855;created|2016-03-04 13:24:15;modified|2016-03-04 13:24:15;', 4, '', '2016-03-04 13:24:15');
INSERT INTO audit_trails (`id`, `is_successful`, `user_id`, `session_name`, `action_made`, `table_name`, `old_value`, `new_value`, `record_id`, `audit_desc`, `created`) VALUES(226, 1, 1, 'd43gn66fqcv3jafs7o9fah72q3', 'C', 'EduReceipt', '', 'id|3;name|;reference_number|3;invoice_date|2016-03-04;crm_number|AUTO-1457097854;parent_name|AYNESHET ABAY LEMMA;parent_address|AA<br>0912274650;edu_student_id|4;student_name|NATNAEL BEHAILU SINTAYEHU;student_number|CHA/16/0003;student_class|Nursery;student_section|Not Set;student_academic_year|AY-2008;total_before_tax|500.00;total_after_tax|500.00;VAT|0.00;TOT|0.00;created|2016-03-04 13:24:15;modified|2016-03-04 13:24:15;', 3, '', '2016-03-04 13:24:15');
INSERT INTO audit_trails (`id`, `is_successful`, `user_id`, `session_name`, `action_made`, `table_name`, `old_value`, `new_value`, `record_id`, `audit_desc`, `created`) VALUES(227, 1, 1, 'd43gn66fqcv3jafs7o9fah72q3', 'C', 'EduReceiptItem', '', 'id|3;name|Enrollment Payment;amount|500.00;edu_receipt_id|3;', 3, '', '2016-03-04 13:24:15');
INSERT INTO audit_trails (`id`, `is_successful`, `user_id`, `session_name`, `action_made`, `table_name`, `old_value`, `new_value`, `record_id`, `audit_desc`, `created`) VALUES(228, 1, 1, 'd43gn66fqcv3jafs7o9fah72q3', 'C', 'Person', '', 'id|16;first_name|MARY;middle_name|MARY;last_name|MARY;birthdate|2100-01-01;birth_location|;residence_location|;kebele_or_farmers_association|Not Specified;house_number|111;', 16, '', '2016-03-04 13:52:36');
INSERT INTO audit_trails (`id`, `is_successful`, `user_id`, `session_name`, `action_made`, `table_name`, `old_value`, `new_value`, `record_id`, `audit_desc`, `created`) VALUES(229, 1, 1, 'd43gn66fqcv3jafs7o9fah72q3', 'C', 'User', '', 'id|16;username|mary.mary_1457099556;password|d85a6f636cdf7192d4d7f422df49264c1314ff3a;email|no_p_1457099556@chaeduc.com;is_active|1;security_question|not specified;security_answer|not specified;person_id|16;edu_campus_id|1;created|2016-03-04 13:52:36;modified|2016-03-04 13:52:36;', 16, '', '2016-03-04 13:52:36');
INSERT INTO audit_trails (`id`, `is_successful`, `user_id`, `session_name`, `action_made`, `table_name`, `old_value`, `new_value`, `record_id`, `audit_desc`, `created`) VALUES(230, 1, 1, 'd43gn66fqcv3jafs7o9fah72q3', 'C', 'GroupsUser', '', 'id|16;user_id|16;group_id|6;', 16, '', '2016-03-04 13:52:36');
INSERT INTO audit_trails (`id`, `is_successful`, `user_id`, `session_name`, `action_made`, `table_name`, `old_value`, `new_value`, `record_id`, `audit_desc`, `created`) VALUES(231, 1, 1, 'd43gn66fqcv3jafs7o9fah72q3', 'C', 'EduParent', '', 'id|11;authorized_person|MARY MARY;marital_status|S;primary_parent|M;user_id|16;created|2016-03-04 13:52:36;modified|2016-03-04 13:52:36;', 11, '', '2016-03-04 13:52:36');
INSERT INTO audit_trails (`id`, `is_successful`, `user_id`, `session_name`, `action_made`, `table_name`, `old_value`, `new_value`, `record_id`, `audit_desc`, `created`) VALUES(232, 1, 1, 'd43gn66fqcv3jafs7o9fah72q3', 'C', 'EduParentDetail', '', 'id|21;first_name|MARY;middle_name|MARY;last_name|MARY;residence_address|AA;nationality|Ethiopian;relationship|mother;occupation|Private;academic_qualification|Diploma;employment_status|E;employer|Abyssinia Bank;work_address|AA;work_telephone|011223322;mobile|0911223344;email|mary@gmail.com;photo_file|1457099556M.png;family_type|M;edu_parent_id|11;created|2016-03-04 13:52:36;modified|2016-03-04 13:52:36;', 21, '', '2016-03-04 13:52:36');
INSERT INTO audit_trails (`id`, `is_successful`, `user_id`, `session_name`, `action_made`, `table_name`, `old_value`, `new_value`, `record_id`, `audit_desc`, `created`) VALUES(233, 1, 1, 'd43gn66fqcv3jafs7o9fah72q3', 'C', 'EduParentDetail', '', 'id|22;first_name|ANDUALEM;middle_name|FANTU;last_name|MANDOYE;residence_address|AA;nationality|Ethiopian;relationship|father;occupation|Private;academic_qualification|BSc;employment_status|Em;employer|Abay Bank;work_address|AA;work_telephone|0113434322;mobile|0911106303;email|andish@gmail.com;photo_file|1457099556F.png;family_type|F;edu_parent_id|11;created|2016-03-04 13:52:36;modified|2016-03-04 13:52:36;', 22, '', '2016-03-04 13:52:36');
INSERT INTO audit_trails (`id`, `is_successful`, `user_id`, `session_name`, `action_made`, `table_name`, `old_value`, `new_value`, `record_id`, `audit_desc`, `created`) VALUES(234, 1, 1, 'd43gn66fqcv3jafs7o9fah72q3', 'C', 'Person', '', 'id|17;first_name|YEABSERA ANDUALEM FANTU;middle_name|YEABSERA ANDUALEM FANTU;last_name|YEABSERA ANDUALEM FANTU;birthdate|2011-02-04;birth_location|;residence_location|;kebele_or_farmers_association|Not Specified;house_number|111;', 17, '', '2016-03-04 13:52:36');
INSERT INTO audit_trails (`id`, `is_successful`, `user_id`, `session_name`, `action_made`, `table_name`, `old_value`, `new_value`, `record_id`, `audit_desc`, `created`) VALUES(235, 1, 1, 'd43gn66fqcv3jafs7o9fah72q3', 'C', 'User', '', 'id|17;username|yeabsera.andualem.fantu_1457099556;password|ec32f8245c479dd4e65a35bcaf683949883e3b3d;email|no_s_1457099556@chaeduc.com;is_active|1;security_question|not specified;security_answer|not specified;person_id|17;edu_campus_id|1;created|2016-03-04 13:52:36;modified|2016-03-04 13:52:36;', 17, '', '2016-03-04 13:52:36');
INSERT INTO audit_trails (`id`, `is_successful`, `user_id`, `session_name`, `action_made`, `table_name`, `old_value`, `new_value`, `record_id`, `audit_desc`, `created`) VALUES(236, 1, 1, 'd43gn66fqcv3jafs7o9fah72q3', 'C', 'GroupsUser', '', 'id|17;user_id|17;group_id|7;', 17, '', '2016-03-04 13:52:36');
INSERT INTO audit_trails (`id`, `is_successful`, `user_id`, `session_name`, `action_made`, `table_name`, `old_value`, `new_value`, `record_id`, `audit_desc`, `created`) VALUES(237, 1, 1, 'd43gn66fqcv3jafs7o9fah72q3', 'C', 'EduStudent', '', 'id|5;name|YEABSERA ANDUALEM FANTU;identity_number|CHA/16/0004;birth_date|2011-02-04;registration_date|2016-03-04;gender|M;nationality|Ethiopian;edu_parent_id|11;user_id|17;photo_file_name|1457099556.png;maker_id|1;status|1;created|2016-03-04 13:52:36;modified|2016-03-04 13:52:36;', 5, '', '2016-03-04 13:52:36');
INSERT INTO audit_trails (`id`, `is_successful`, `user_id`, `session_name`, `action_made`, `table_name`, `old_value`, `new_value`, `record_id`, `audit_desc`, `created`) VALUES(238, 1, 1, 'd43gn66fqcv3jafs7o9fah72q3', 'C', 'EduRegistration', '', 'id|5;name|YEABSERA ANDUALEM FANTU;edu_student_id|5;edu_class_id|1;edu_section_id|0;edu_campus_id|1;grand_total_average|0.00;rank|0;status|A;failure_count|0;allowed|A;created|2016-03-04 13:52:36;modified|2016-03-04 13:52:36;', 5, '', '2016-03-04 13:52:36');
INSERT INTO audit_trails (`id`, `is_successful`, `user_id`, `session_name`, `action_made`, `table_name`, `old_value`, `new_value`, `record_id`, `audit_desc`, `created`) VALUES(239, 1, 1, 'd43gn66fqcv3jafs7o9fah72q3', 'C', 'EduRegistrationQuarter', '', 'id|4;edu_registration_id|0;edu_quarter_id|0;quarter_average|0.00;quarter_rank|0;class_rank|0;created|2016-03-04 13:52:36;modified|2016-03-04 13:52:36;', 4, '', '2016-03-04 13:52:36');
INSERT INTO audit_trails (`id`, `is_successful`, `user_id`, `session_name`, `action_made`, `table_name`, `old_value`, `new_value`, `record_id`, `audit_desc`, `created`) VALUES(240, 1, 1, 'd43gn66fqcv3jafs7o9fah72q3', 'C', 'EduRegistrationQuarterResult', '', 'id|19;edu_registration_quarter_id|0;edu_course_id|0;course_result|0.00;course_rank|0;result_indicator|N;created|2016-03-04 13:52:36;modified|2016-03-04 13:52:36;', 19, '', '2016-03-04 13:52:36');
INSERT INTO audit_trails (`id`, `is_successful`, `user_id`, `session_name`, `action_made`, `table_name`, `old_value`, `new_value`, `record_id`, `audit_desc`, `created`) VALUES(241, 1, 1, 'd43gn66fqcv3jafs7o9fah72q3', 'C', 'EduRegistrationQuarterResult', '', 'id|20;edu_registration_quarter_id|0;edu_course_id|0;course_result|0.00;course_rank|0;result_indicator|N;created|2016-03-04 13:52:36;modified|2016-03-04 13:52:36;', 20, '', '2016-03-04 13:52:36');
INSERT INTO audit_trails (`id`, `is_successful`, `user_id`, `session_name`, `action_made`, `table_name`, `old_value`, `new_value`, `record_id`, `audit_desc`, `created`) VALUES(242, 1, 1, 'd43gn66fqcv3jafs7o9fah72q3', 'C', 'EduRegistrationQuarterResult', '', 'id|21;edu_registration_quarter_id|0;edu_course_id|0;course_result|0.00;course_rank|0;result_indicator|N;created|2016-03-04 13:52:36;modified|2016-03-04 13:52:36;', 21, '', '2016-03-04 13:52:36');
INSERT INTO audit_trails (`id`, `is_successful`, `user_id`, `session_name`, `action_made`, `table_name`, `old_value`, `new_value`, `record_id`, `audit_desc`, `created`) VALUES(243, 1, 1, 'd43gn66fqcv3jafs7o9fah72q3', 'C', 'EduRegistrationQuarterResult', '', 'id|22;edu_registration_quarter_id|0;edu_course_id|0;course_result|0.00;course_rank|0;result_indicator|N;created|2016-03-04 13:52:36;modified|2016-03-04 13:52:36;', 22, '', '2016-03-04 13:52:36');
INSERT INTO audit_trails (`id`, `is_successful`, `user_id`, `session_name`, `action_made`, `table_name`, `old_value`, `new_value`, `record_id`, `audit_desc`, `created`) VALUES(244, 1, 1, 'd43gn66fqcv3jafs7o9fah72q3', 'C', 'EduRegistrationQuarterResult', '', 'id|23;edu_registration_quarter_id|0;edu_course_id|0;course_result|0.00;course_rank|0;result_indicator|N;created|2016-03-04 13:52:36;modified|2016-03-04 13:52:36;', 23, '', '2016-03-04 13:52:36');
INSERT INTO audit_trails (`id`, `is_successful`, `user_id`, `session_name`, `action_made`, `table_name`, `old_value`, `new_value`, `record_id`, `audit_desc`, `created`) VALUES(245, 1, 1, 'd43gn66fqcv3jafs7o9fah72q3', 'C', 'EduRegistrationQuarterResult', '', 'id|24;edu_registration_quarter_id|0;edu_course_id|0;course_result|0.00;course_rank|0;result_indicator|N;created|2016-03-04 13:52:36;modified|2016-03-04 13:52:36;', 24, '', '2016-03-04 13:52:36');
INSERT INTO audit_trails (`id`, `is_successful`, `user_id`, `session_name`, `action_made`, `table_name`, `old_value`, `new_value`, `record_id`, `audit_desc`, `created`) VALUES(246, 1, 1, 'd43gn66fqcv3jafs7o9fah72q3', 'C', 'EduRegistrationQuarter', '', 'id|5;edu_registration_id|0;edu_quarter_id|0;quarter_average|0.00;quarter_rank|0;class_rank|0;created|2016-03-04 13:52:36;modified|2016-03-04 13:52:36;', 5, '', '2016-03-04 13:52:36');
INSERT INTO audit_trails (`id`, `is_successful`, `user_id`, `session_name`, `action_made`, `table_name`, `old_value`, `new_value`, `record_id`, `audit_desc`, `created`) VALUES(247, 1, 1, 'd43gn66fqcv3jafs7o9fah72q3', 'C', 'EduRegistrationQuarterResult', '', 'id|25;edu_registration_quarter_id|0;edu_course_id|0;course_result|0.00;course_rank|0;result_indicator|N;created|2016-03-04 13:52:36;modified|2016-03-04 13:52:36;', 25, '', '2016-03-04 13:52:36');
INSERT INTO audit_trails (`id`, `is_successful`, `user_id`, `session_name`, `action_made`, `table_name`, `old_value`, `new_value`, `record_id`, `audit_desc`, `created`) VALUES(248, 1, 1, 'd43gn66fqcv3jafs7o9fah72q3', 'C', 'EduRegistrationQuarterResult', '', 'id|26;edu_registration_quarter_id|0;edu_course_id|0;course_result|0.00;course_rank|0;result_indicator|N;created|2016-03-04 13:52:36;modified|2016-03-04 13:52:36;', 26, '', '2016-03-04 13:52:36');
INSERT INTO audit_trails (`id`, `is_successful`, `user_id`, `session_name`, `action_made`, `table_name`, `old_value`, `new_value`, `record_id`, `audit_desc`, `created`) VALUES(249, 1, 1, 'd43gn66fqcv3jafs7o9fah72q3', 'C', 'EduRegistrationQuarterResult', '', 'id|27;edu_registration_quarter_id|0;edu_course_id|0;course_result|0.00;course_rank|0;result_indicator|N;created|2016-03-04 13:52:36;modified|2016-03-04 13:52:36;', 27, '', '2016-03-04 13:52:36');
INSERT INTO audit_trails (`id`, `is_successful`, `user_id`, `session_name`, `action_made`, `table_name`, `old_value`, `new_value`, `record_id`, `audit_desc`, `created`) VALUES(250, 1, 1, 'd43gn66fqcv3jafs7o9fah72q3', 'C', 'EduRegistrationQuarterResult', '', 'id|28;edu_registration_quarter_id|0;edu_course_id|0;course_result|0.00;course_rank|0;result_indicator|N;created|2016-03-04 13:52:36;modified|2016-03-04 13:52:36;', 28, '', '2016-03-04 13:52:36');
INSERT INTO audit_trails (`id`, `is_successful`, `user_id`, `session_name`, `action_made`, `table_name`, `old_value`, `new_value`, `record_id`, `audit_desc`, `created`) VALUES(251, 1, 1, 'd43gn66fqcv3jafs7o9fah72q3', 'C', 'EduRegistrationQuarterResult', '', 'id|29;edu_registration_quarter_id|0;edu_course_id|0;course_result|0.00;course_rank|0;result_indicator|N;created|2016-03-04 13:52:36;modified|2016-03-04 13:52:36;', 29, '', '2016-03-04 13:52:36');
INSERT INTO audit_trails (`id`, `is_successful`, `user_id`, `session_name`, `action_made`, `table_name`, `old_value`, `new_value`, `record_id`, `audit_desc`, `created`) VALUES(252, 1, 1, 'd43gn66fqcv3jafs7o9fah72q3', 'C', 'EduRegistrationQuarterResult', '', 'id|30;edu_registration_quarter_id|0;edu_course_id|0;course_result|0.00;course_rank|0;result_indicator|N;created|2016-03-04 13:52:36;modified|2016-03-04 13:52:36;', 30, '', '2016-03-04 13:52:36');
INSERT INTO audit_trails (`id`, `is_successful`, `user_id`, `session_name`, `action_made`, `table_name`, `old_value`, `new_value`, `record_id`, `audit_desc`, `created`) VALUES(253, 1, 1, 'd43gn66fqcv3jafs7o9fah72q3', 'C', 'EduRegistrationQuarter', '', 'id|6;edu_registration_id|0;edu_quarter_id|0;quarter_average|0.00;quarter_rank|0;class_rank|0;created|2016-03-04 13:52:36;modified|2016-03-04 13:52:36;', 6, '', '2016-03-04 13:52:36');
INSERT INTO audit_trails (`id`, `is_successful`, `user_id`, `session_name`, `action_made`, `table_name`, `old_value`, `new_value`, `record_id`, `audit_desc`, `created`) VALUES(254, 1, 1, 'd43gn66fqcv3jafs7o9fah72q3', 'C', 'EduRegistrationQuarterResult', '', 'id|31;edu_registration_quarter_id|0;edu_course_id|0;course_result|0.00;course_rank|0;result_indicator|N;created|2016-03-04 13:52:36;modified|2016-03-04 13:52:36;', 31, '', '2016-03-04 13:52:36');
INSERT INTO audit_trails (`id`, `is_successful`, `user_id`, `session_name`, `action_made`, `table_name`, `old_value`, `new_value`, `record_id`, `audit_desc`, `created`) VALUES(255, 1, 1, 'd43gn66fqcv3jafs7o9fah72q3', 'C', 'EduRegistrationQuarterResult', '', 'id|32;edu_registration_quarter_id|0;edu_course_id|0;course_result|0.00;course_rank|0;result_indicator|N;created|2016-03-04 13:52:36;modified|2016-03-04 13:52:36;', 32, '', '2016-03-04 13:52:36');
INSERT INTO audit_trails (`id`, `is_successful`, `user_id`, `session_name`, `action_made`, `table_name`, `old_value`, `new_value`, `record_id`, `audit_desc`, `created`) VALUES(256, 1, 1, 'd43gn66fqcv3jafs7o9fah72q3', 'C', 'EduRegistrationQuarterResult', '', 'id|33;edu_registration_quarter_id|0;edu_course_id|0;course_result|0.00;course_rank|0;result_indicator|N;created|2016-03-04 13:52:36;modified|2016-03-04 13:52:36;', 33, '', '2016-03-04 13:52:36');
INSERT INTO audit_trails (`id`, `is_successful`, `user_id`, `session_name`, `action_made`, `table_name`, `old_value`, `new_value`, `record_id`, `audit_desc`, `created`) VALUES(257, 1, 1, 'd43gn66fqcv3jafs7o9fah72q3', 'C', 'EduRegistrationQuarterResult', '', 'id|34;edu_registration_quarter_id|0;edu_course_id|0;course_result|0.00;course_rank|0;result_indicator|N;created|2016-03-04 13:52:36;modified|2016-03-04 13:52:36;', 34, '', '2016-03-04 13:52:36');
INSERT INTO audit_trails (`id`, `is_successful`, `user_id`, `session_name`, `action_made`, `table_name`, `old_value`, `new_value`, `record_id`, `audit_desc`, `created`) VALUES(258, 1, 1, 'd43gn66fqcv3jafs7o9fah72q3', 'C', 'EduRegistrationQuarterResult', '', 'id|35;edu_registration_quarter_id|0;edu_course_id|0;course_result|0.00;course_rank|0;result_indicator|N;created|2016-03-04 13:52:36;modified|2016-03-04 13:52:36;', 35, '', '2016-03-04 13:52:36');
INSERT INTO audit_trails (`id`, `is_successful`, `user_id`, `session_name`, `action_made`, `table_name`, `old_value`, `new_value`, `record_id`, `audit_desc`, `created`) VALUES(259, 1, 1, 'd43gn66fqcv3jafs7o9fah72q3', 'C', 'EduRegistrationQuarterResult', '', 'id|36;edu_registration_quarter_id|0;edu_course_id|0;course_result|0.00;course_rank|0;result_indicator|N;created|2016-03-04 13:52:36;modified|2016-03-04 13:52:36;', 36, '', '2016-03-04 13:52:36');
INSERT INTO audit_trails (`id`, `is_successful`, `user_id`, `session_name`, `action_made`, `table_name`, `old_value`, `new_value`, `record_id`, `audit_desc`, `created`) VALUES(260, 1, 1, 'd43gn66fqcv3jafs7o9fah72q3', 'C', 'EduRegistrationQuarter', '', 'id|7;edu_registration_id|0;edu_quarter_id|0;quarter_average|0.00;quarter_rank|0;class_rank|0;created|2016-03-04 13:52:36;modified|2016-03-04 13:52:36;', 7, '', '2016-03-04 13:52:36');
INSERT INTO audit_trails (`id`, `is_successful`, `user_id`, `session_name`, `action_made`, `table_name`, `old_value`, `new_value`, `record_id`, `audit_desc`, `created`) VALUES(261, 1, 1, 'd43gn66fqcv3jafs7o9fah72q3', 'C', 'EduRegistrationQuarterResult', '', 'id|37;edu_registration_quarter_id|0;edu_course_id|0;course_result|0.00;course_rank|0;result_indicator|N;created|2016-03-04 13:52:36;modified|2016-03-04 13:52:36;', 37, '', '2016-03-04 13:52:36');
INSERT INTO audit_trails (`id`, `is_successful`, `user_id`, `session_name`, `action_made`, `table_name`, `old_value`, `new_value`, `record_id`, `audit_desc`, `created`) VALUES(262, 1, 1, 'd43gn66fqcv3jafs7o9fah72q3', 'C', 'EduRegistrationQuarterResult', '', 'id|38;edu_registration_quarter_id|0;edu_course_id|0;course_result|0.00;course_rank|0;result_indicator|N;created|2016-03-04 13:52:36;modified|2016-03-04 13:52:36;', 38, '', '2016-03-04 13:52:36');
INSERT INTO audit_trails (`id`, `is_successful`, `user_id`, `session_name`, `action_made`, `table_name`, `old_value`, `new_value`, `record_id`, `audit_desc`, `created`) VALUES(263, 1, 1, 'd43gn66fqcv3jafs7o9fah72q3', 'C', 'EduRegistrationQuarterResult', '', 'id|39;edu_registration_quarter_id|0;edu_course_id|0;course_result|0.00;course_rank|0;result_indicator|N;created|2016-03-04 13:52:36;modified|2016-03-04 13:52:36;', 39, '', '2016-03-04 13:52:36');
INSERT INTO audit_trails (`id`, `is_successful`, `user_id`, `session_name`, `action_made`, `table_name`, `old_value`, `new_value`, `record_id`, `audit_desc`, `created`) VALUES(264, 1, 1, 'd43gn66fqcv3jafs7o9fah72q3', 'C', 'EduRegistrationQuarterResult', '', 'id|40;edu_registration_quarter_id|0;edu_course_id|0;course_result|0.00;course_rank|0;result_indicator|N;created|2016-03-04 13:52:36;modified|2016-03-04 13:52:36;', 40, '', '2016-03-04 13:52:36');
INSERT INTO audit_trails (`id`, `is_successful`, `user_id`, `session_name`, `action_made`, `table_name`, `old_value`, `new_value`, `record_id`, `audit_desc`, `created`) VALUES(265, 1, 1, 'd43gn66fqcv3jafs7o9fah72q3', 'C', 'EduRegistrationQuarterResult', '', 'id|41;edu_registration_quarter_id|0;edu_course_id|0;course_result|0.00;course_rank|0;result_indicator|N;created|2016-03-04 13:52:36;modified|2016-03-04 13:52:36;', 41, '', '2016-03-04 13:52:36');
INSERT INTO audit_trails (`id`, `is_successful`, `user_id`, `session_name`, `action_made`, `table_name`, `old_value`, `new_value`, `record_id`, `audit_desc`, `created`) VALUES(266, 1, 1, 'd43gn66fqcv3jafs7o9fah72q3', 'C', 'EduRegistrationQuarterResult', '', 'id|42;edu_registration_quarter_id|0;edu_course_id|0;course_result|0.00;course_rank|0;result_indicator|N;created|2016-03-04 13:52:36;modified|2016-03-04 13:52:36;', 42, '', '2016-03-04 13:52:36');
INSERT INTO audit_trails (`id`, `is_successful`, `user_id`, `session_name`, `action_made`, `table_name`, `old_value`, `new_value`, `record_id`, `audit_desc`, `created`) VALUES(267, 1, 1, 'd43gn66fqcv3jafs7o9fah72q3', 'C', 'EduStudentCondition', '', 'id|5;edu_student_id|5;learning_condition|Normal;health_condition|Normal;treatment_type|;health_care_institute|;physician|;alergy|Nothing;physical_condition|Normal;created|2016-03-04 13:52:36;modified|2016-03-04 13:52:36;', 5, '', '2016-03-04 13:52:36');
INSERT INTO audit_trails (`id`, `is_successful`, `user_id`, `session_name`, `action_made`, `table_name`, `old_value`, `new_value`, `record_id`, `audit_desc`, `created`) VALUES(268, 1, 1, 'd43gn66fqcv3jafs7o9fah72q3', 'C', 'EduRequiredDocument', '', 'id|9;name|vaccination;edu_registration_id|5;presented|1;', 9, '', '2016-03-04 13:52:36');
INSERT INTO audit_trails (`id`, `is_successful`, `user_id`, `session_name`, `action_made`, `table_name`, `old_value`, `new_value`, `record_id`, `audit_desc`, `created`) VALUES(269, 1, 1, 'd43gn66fqcv3jafs7o9fah72q3', 'C', 'EduRequiredDocument', '', 'id|10;name|birth_certificate;edu_registration_id|5;presented|1;', 10, '', '2016-03-04 13:52:36');
INSERT INTO audit_trails (`id`, `is_successful`, `user_id`, `session_name`, `action_made`, `table_name`, `old_value`, `new_value`, `record_id`, `audit_desc`, `created`) VALUES(270, 1, 1, 'd43gn66fqcv3jafs7o9fah72q3', 'C', 'AcctTransaction', '', 'id|5;name|1457099557;description|Enrollment Fee of student YEABSERA ANDUALEM FANTU;cheque_number|NA;invoice_number|AUTO-1457099556;transaction_date|2016-03-04;acct_fiscal_year_id|1;user_id|1;created|2016-03-04 13:52:37;modified|2016-03-04 13:52:37;', 5, '', '2016-03-04 13:52:37');
INSERT INTO audit_trails (`id`, `is_successful`, `user_id`, `session_name`, `action_made`, `table_name`, `old_value`, `new_value`, `record_id`, `audit_desc`, `created`) VALUES(271, 1, 1, 'd43gn66fqcv3jafs7o9fah72q3', 'C', 'AcctJournal', '', 'id|9;acct_transaction_id|5;acct_account_id|3;dr|500.00;cr|0.00;bbf|1500.00;created|2016-03-04 13:52:37;modified|2016-03-04 13:52:37;', 9, '', '2016-03-04 13:52:37');
INSERT INTO audit_trails (`id`, `is_successful`, `user_id`, `session_name`, `action_made`, `table_name`, `old_value`, `new_value`, `record_id`, `audit_desc`, `created`) VALUES(272, 1, 1, 'd43gn66fqcv3jafs7o9fah72q3', 'C', 'AcctJournal', '', 'id|10;acct_transaction_id|5;acct_account_id|10;dr|0.00;cr|500.00;bbf|1500.00;created|2016-03-04 13:52:37;modified|2016-03-04 13:52:37;', 10, '', '2016-03-04 13:52:37');
INSERT INTO audit_trails (`id`, `is_successful`, `user_id`, `session_name`, `action_made`, `table_name`, `old_value`, `new_value`, `record_id`, `audit_desc`, `created`) VALUES(273, 1, 1, 'd43gn66fqcv3jafs7o9fah72q3', 'C', 'EduPayment', '', 'id|5;edu_payment_schedule_id|-1;edu_student_id|5;is_paid|1;date_paid|2016-03-04;paid_amount|500.00;cheque_number|NA;cheque_amount|0.00;invoice|AUTO-1457099556;transaction_ref|1457099557;created|2016-03-04 13:52:37;modified|2016-03-04 13:52:37;', 5, '', '2016-03-04 13:52:37');
INSERT INTO audit_trails (`id`, `is_successful`, `user_id`, `session_name`, `action_made`, `table_name`, `old_value`, `new_value`, `record_id`, `audit_desc`, `created`) VALUES(274, 1, 1, 'd43gn66fqcv3jafs7o9fah72q3', 'C', 'EduReceipt', '', 'id|4;name|;reference_number|4;invoice_date|2016-03-04;crm_number|AUTO-1457099556;parent_name|MARY MARY MARY;parent_address|AA<br>0911223344;edu_student_id|5;student_name|YEABSERA ANDUALEM FANTU;student_number|CHA/16/0004;student_class|Nursery;student_section|Not Set;student_academic_year|AY-2008;total_before_tax|500.00;total_after_tax|500.00;VAT|0.00;TOT|0.00;created|2016-03-04 13:52:37;modified|2016-03-04 13:52:37;', 4, '', '2016-03-04 13:52:37');
INSERT INTO audit_trails (`id`, `is_successful`, `user_id`, `session_name`, `action_made`, `table_name`, `old_value`, `new_value`, `record_id`, `audit_desc`, `created`) VALUES(275, 1, 1, 'd43gn66fqcv3jafs7o9fah72q3', 'C', 'EduReceiptItem', '', 'id|4;name|Enrollment Payment;amount|500.00;edu_receipt_id|4;', 4, '', '2016-03-04 13:52:37');
INSERT INTO audit_trails (`id`, `is_successful`, `user_id`, `session_name`, `action_made`, `table_name`, `old_value`, `new_value`, `record_id`, `audit_desc`, `created`) VALUES(276, 1, 1, 'd43gn66fqcv3jafs7o9fah72q3', 'C', 'Person', '', 'id|18;first_name|A;middle_name|F;last_name|M;birthdate|2100-01-01;birth_location|;residence_location|;kebele_or_farmers_association|Not Specified;house_number|;', 18, '', '2016-03-04 15:12:01');
INSERT INTO audit_trails (`id`, `is_successful`, `user_id`, `session_name`, `action_made`, `table_name`, `old_value`, `new_value`, `record_id`, `audit_desc`, `created`) VALUES(277, 1, 1, 'd43gn66fqcv3jafs7o9fah72q3', 'C', 'User', '', 'id|18;username|a.f_1457104321;password|375be279213710892a67689b799ec6be27458cf7;email|no_p_1457104321@chaeduc.com;is_active|1;security_question|not specified;security_answer|not specified;person_id|18;edu_campus_id|1;created|2016-03-04 15:12:01;modified|2016-03-04 15:12:01;', 18, '', '2016-03-04 15:12:01');
INSERT INTO audit_trails (`id`, `is_successful`, `user_id`, `session_name`, `action_made`, `table_name`, `old_value`, `new_value`, `record_id`, `audit_desc`, `created`) VALUES(278, 1, 1, 'd43gn66fqcv3jafs7o9fah72q3', 'C', 'GroupsUser', '', 'id|18;user_id|18;group_id|6;', 18, '', '2016-03-04 15:12:01');
INSERT INTO audit_trails (`id`, `is_successful`, `user_id`, `session_name`, `action_made`, `table_name`, `old_value`, `new_value`, `record_id`, `audit_desc`, `created`) VALUES(279, 1, 1, 'd43gn66fqcv3jafs7o9fah72q3', 'C', 'EduParent', '', 'id|12;authorized_person|A F, M M;marital_status|M;primary_parent|F;user_id|18;created|2016-03-04 15:12:01;modified|2016-03-04 15:12:01;', 12, '', '2016-03-04 15:12:01');
INSERT INTO audit_trails (`id`, `is_successful`, `user_id`, `session_name`, `action_made`, `table_name`, `old_value`, `new_value`, `record_id`, `audit_desc`, `created`) VALUES(280, 1, 1, 'd43gn66fqcv3jafs7o9fah72q3', 'C', 'EduParentDetail', '', 'id|23;first_name|M;middle_name|M;last_name|M;residence_address|AA;nationality|Ethiopian;relationship|mother;occupation|;academic_qualification|Diploma;employment_status|E;employer|;work_address|AA;work_telephone|0112345678;mobile|0911223344;email|[Email];photo_file|1457104321M.png;family_type|M;edu_parent_id|12;created|2016-03-04 15:12:01;modified|2016-03-04 15:12:01;', 23, '', '2016-03-04 15:12:01');
INSERT INTO audit_trails (`id`, `is_successful`, `user_id`, `session_name`, `action_made`, `table_name`, `old_value`, `new_value`, `record_id`, `audit_desc`, `created`) VALUES(281, 1, 1, 'd43gn66fqcv3jafs7o9fah72q3', 'C', 'EduParentDetail', '', 'id|24;first_name|A;middle_name|F;last_name|M;residence_address|;nationality|Ethiopian;relationship|father;occupation|;academic_qualification|NA;employment_status|Em;employer|;work_address|AA;work_telephone|0117454343;mobile|0930323232;email|[Email];photo_file|1457104321F.png;family_type|F;edu_parent_id|12;created|2016-03-04 15:12:01;modified|2016-03-04 15:12:01;', 24, '', '2016-03-04 15:12:01');
INSERT INTO audit_trails (`id`, `is_successful`, `user_id`, `session_name`, `action_made`, `table_name`, `old_value`, `new_value`, `record_id`, `audit_desc`, `created`) VALUES(282, 1, 1, 'd43gn66fqcv3jafs7o9fah72q3', 'C', 'Person', '', 'id|19;first_name|Y A F;middle_name|Y A F;last_name|Y A F;birthdate|2013-03-04;birth_location|;residence_location|;kebele_or_farmers_association|Not Specified;house_number|;', 19, '', '2016-03-04 15:12:01');
INSERT INTO audit_trails (`id`, `is_successful`, `user_id`, `session_name`, `action_made`, `table_name`, `old_value`, `new_value`, `record_id`, `audit_desc`, `created`) VALUES(283, 1, 1, 'd43gn66fqcv3jafs7o9fah72q3', 'C', 'User', '', 'id|19;username|y.a.f_1457104321;password|e72641f1f53b455e1af70b4afcb4f3c4c9443a79;email|no_s_1457104321@chaeduc.com;is_active|1;security_question|not specified;security_answer|not specified;person_id|19;edu_campus_id|1;created|2016-03-04 15:12:01;modified|2016-03-04 15:12:01;', 19, '', '2016-03-04 15:12:01');
INSERT INTO audit_trails (`id`, `is_successful`, `user_id`, `session_name`, `action_made`, `table_name`, `old_value`, `new_value`, `record_id`, `audit_desc`, `created`) VALUES(284, 1, 1, 'd43gn66fqcv3jafs7o9fah72q3', 'C', 'GroupsUser', '', 'id|19;user_id|19;group_id|7;', 19, '', '2016-03-04 15:12:01');
INSERT INTO audit_trails (`id`, `is_successful`, `user_id`, `session_name`, `action_made`, `table_name`, `old_value`, `new_value`, `record_id`, `audit_desc`, `created`) VALUES(285, 1, 1, 'd43gn66fqcv3jafs7o9fah72q3', 'C', 'EduStudent', '', 'id|6;name|Y A F;identity_number|CHA/16/0005;birth_date|2013-03-04;registration_date|2016-03-04;gender|F;nationality|Ethiopian;edu_parent_id|12;user_id|19;photo_file_name|1457104321.png;maker_id|1;status|1;created|2016-03-04 15:12:01;modified|2016-03-04 15:12:01;', 6, '', '2016-03-04 15:12:01');
INSERT INTO audit_trails (`id`, `is_successful`, `user_id`, `session_name`, `action_made`, `table_name`, `old_value`, `new_value`, `record_id`, `audit_desc`, `created`) VALUES(286, 1, 1, 'd43gn66fqcv3jafs7o9fah72q3', 'C', 'EduRegistration', '', 'id|6;name|Y A F;edu_student_id|6;edu_class_id|1;edu_section_id|0;edu_campus_id|1;grand_total_average|0.00;rank|0;status|A;failure_count|0;allowed|A;created|2016-03-04 15:12:01;modified|2016-03-04 15:12:01;', 6, '', '2016-03-04 15:12:01');
INSERT INTO audit_trails (`id`, `is_successful`, `user_id`, `session_name`, `action_made`, `table_name`, `old_value`, `new_value`, `record_id`, `audit_desc`, `created`) VALUES(287, 1, 1, 'd43gn66fqcv3jafs7o9fah72q3', 'C', 'EduRegistrationQuarter', '', 'id|8;edu_registration_id|0;edu_quarter_id|0;quarter_average|0.00;quarter_rank|0;class_rank|0;created|2016-03-04 15:12:01;modified|2016-03-04 15:12:01;', 8, '', '2016-03-04 15:12:01');
INSERT INTO audit_trails (`id`, `is_successful`, `user_id`, `session_name`, `action_made`, `table_name`, `old_value`, `new_value`, `record_id`, `audit_desc`, `created`) VALUES(288, 1, 1, 'd43gn66fqcv3jafs7o9fah72q3', 'C', 'EduRegistrationQuarterResult', '', 'id|43;edu_registration_quarter_id|0;edu_course_id|0;course_result|0.00;course_rank|0;result_indicator|N;created|2016-03-04 15:12:01;modified|2016-03-04 15:12:01;', 43, '', '2016-03-04 15:12:01');
INSERT INTO audit_trails (`id`, `is_successful`, `user_id`, `session_name`, `action_made`, `table_name`, `old_value`, `new_value`, `record_id`, `audit_desc`, `created`) VALUES(289, 1, 1, 'd43gn66fqcv3jafs7o9fah72q3', 'C', 'EduRegistrationQuarterResult', '', 'id|44;edu_registration_quarter_id|0;edu_course_id|0;course_result|0.00;course_rank|0;result_indicator|N;created|2016-03-04 15:12:01;modified|2016-03-04 15:12:01;', 44, '', '2016-03-04 15:12:01');
INSERT INTO audit_trails (`id`, `is_successful`, `user_id`, `session_name`, `action_made`, `table_name`, `old_value`, `new_value`, `record_id`, `audit_desc`, `created`) VALUES(290, 1, 1, 'd43gn66fqcv3jafs7o9fah72q3', 'C', 'EduRegistrationQuarterResult', '', 'id|45;edu_registration_quarter_id|0;edu_course_id|0;course_result|0.00;course_rank|0;result_indicator|N;created|2016-03-04 15:12:01;modified|2016-03-04 15:12:01;', 45, '', '2016-03-04 15:12:01');
INSERT INTO audit_trails (`id`, `is_successful`, `user_id`, `session_name`, `action_made`, `table_name`, `old_value`, `new_value`, `record_id`, `audit_desc`, `created`) VALUES(291, 1, 1, 'd43gn66fqcv3jafs7o9fah72q3', 'C', 'EduRegistrationQuarterResult', '', 'id|46;edu_registration_quarter_id|0;edu_course_id|0;course_result|0.00;course_rank|0;result_indicator|N;created|2016-03-04 15:12:01;modified|2016-03-04 15:12:01;', 46, '', '2016-03-04 15:12:01');
INSERT INTO audit_trails (`id`, `is_successful`, `user_id`, `session_name`, `action_made`, `table_name`, `old_value`, `new_value`, `record_id`, `audit_desc`, `created`) VALUES(292, 1, 1, 'd43gn66fqcv3jafs7o9fah72q3', 'C', 'EduRegistrationQuarterResult', '', 'id|47;edu_registration_quarter_id|0;edu_course_id|0;course_result|0.00;course_rank|0;result_indicator|N;created|2016-03-04 15:12:01;modified|2016-03-04 15:12:01;', 47, '', '2016-03-04 15:12:01');
INSERT INTO audit_trails (`id`, `is_successful`, `user_id`, `session_name`, `action_made`, `table_name`, `old_value`, `new_value`, `record_id`, `audit_desc`, `created`) VALUES(293, 1, 1, 'd43gn66fqcv3jafs7o9fah72q3', 'C', 'EduRegistrationQuarterResult', '', 'id|48;edu_registration_quarter_id|0;edu_course_id|0;course_result|0.00;course_rank|0;result_indicator|N;created|2016-03-04 15:12:01;modified|2016-03-04 15:12:01;', 48, '', '2016-03-04 15:12:01');
INSERT INTO audit_trails (`id`, `is_successful`, `user_id`, `session_name`, `action_made`, `table_name`, `old_value`, `new_value`, `record_id`, `audit_desc`, `created`) VALUES(294, 1, 1, 'd43gn66fqcv3jafs7o9fah72q3', 'C', 'EduRegistrationQuarter', '', 'id|9;edu_registration_id|0;edu_quarter_id|0;quarter_average|0.00;quarter_rank|0;class_rank|0;created|2016-03-04 15:12:01;modified|2016-03-04 15:12:01;', 9, '', '2016-03-04 15:12:01');
INSERT INTO audit_trails (`id`, `is_successful`, `user_id`, `session_name`, `action_made`, `table_name`, `old_value`, `new_value`, `record_id`, `audit_desc`, `created`) VALUES(295, 1, 1, 'd43gn66fqcv3jafs7o9fah72q3', 'C', 'EduRegistrationQuarterResult', '', 'id|49;edu_registration_quarter_id|0;edu_course_id|0;course_result|0.00;course_rank|0;result_indicator|N;created|2016-03-04 15:12:01;modified|2016-03-04 15:12:01;', 49, '', '2016-03-04 15:12:01');
INSERT INTO audit_trails (`id`, `is_successful`, `user_id`, `session_name`, `action_made`, `table_name`, `old_value`, `new_value`, `record_id`, `audit_desc`, `created`) VALUES(296, 1, 1, 'd43gn66fqcv3jafs7o9fah72q3', 'C', 'EduRegistrationQuarterResult', '', 'id|50;edu_registration_quarter_id|0;edu_course_id|0;course_result|0.00;course_rank|0;result_indicator|N;created|2016-03-04 15:12:01;modified|2016-03-04 15:12:01;', 50, '', '2016-03-04 15:12:01');
INSERT INTO audit_trails (`id`, `is_successful`, `user_id`, `session_name`, `action_made`, `table_name`, `old_value`, `new_value`, `record_id`, `audit_desc`, `created`) VALUES(297, 1, 1, 'd43gn66fqcv3jafs7o9fah72q3', 'C', 'EduRegistrationQuarterResult', '', 'id|51;edu_registration_quarter_id|0;edu_course_id|0;course_result|0.00;course_rank|0;result_indicator|N;created|2016-03-04 15:12:01;modified|2016-03-04 15:12:01;', 51, '', '2016-03-04 15:12:01');
INSERT INTO audit_trails (`id`, `is_successful`, `user_id`, `session_name`, `action_made`, `table_name`, `old_value`, `new_value`, `record_id`, `audit_desc`, `created`) VALUES(298, 1, 1, 'd43gn66fqcv3jafs7o9fah72q3', 'C', 'EduRegistrationQuarterResult', '', 'id|52;edu_registration_quarter_id|0;edu_course_id|0;course_result|0.00;course_rank|0;result_indicator|N;created|2016-03-04 15:12:01;modified|2016-03-04 15:12:01;', 52, '', '2016-03-04 15:12:01');
INSERT INTO audit_trails (`id`, `is_successful`, `user_id`, `session_name`, `action_made`, `table_name`, `old_value`, `new_value`, `record_id`, `audit_desc`, `created`) VALUES(299, 1, 1, 'd43gn66fqcv3jafs7o9fah72q3', 'C', 'EduRegistrationQuarterResult', '', 'id|53;edu_registration_quarter_id|0;edu_course_id|0;course_result|0.00;course_rank|0;result_indicator|N;created|2016-03-04 15:12:01;modified|2016-03-04 15:12:01;', 53, '', '2016-03-04 15:12:01');
INSERT INTO audit_trails (`id`, `is_successful`, `user_id`, `session_name`, `action_made`, `table_name`, `old_value`, `new_value`, `record_id`, `audit_desc`, `created`) VALUES(300, 1, 1, 'd43gn66fqcv3jafs7o9fah72q3', 'C', 'EduRegistrationQuarterResult', '', 'id|54;edu_registration_quarter_id|0;edu_course_id|0;course_result|0.00;course_rank|0;result_indicator|N;created|2016-03-04 15:12:01;modified|2016-03-04 15:12:01;', 54, '', '2016-03-04 15:12:01');
INSERT INTO audit_trails (`id`, `is_successful`, `user_id`, `session_name`, `action_made`, `table_name`, `old_value`, `new_value`, `record_id`, `audit_desc`, `created`) VALUES(301, 1, 1, 'd43gn66fqcv3jafs7o9fah72q3', 'C', 'EduRegistrationQuarter', '', 'id|10;edu_registration_id|0;edu_quarter_id|0;quarter_average|0.00;quarter_rank|0;class_rank|0;created|2016-03-04 15:12:01;modified|2016-03-04 15:12:01;', 10, '', '2016-03-04 15:12:01');
INSERT INTO audit_trails (`id`, `is_successful`, `user_id`, `session_name`, `action_made`, `table_name`, `old_value`, `new_value`, `record_id`, `audit_desc`, `created`) VALUES(302, 1, 1, 'd43gn66fqcv3jafs7o9fah72q3', 'C', 'EduRegistrationQuarterResult', '', 'id|55;edu_registration_quarter_id|0;edu_course_id|0;course_result|0.00;course_rank|0;result_indicator|N;created|2016-03-04 15:12:01;modified|2016-03-04 15:12:01;', 55, '', '2016-03-04 15:12:01');
INSERT INTO audit_trails (`id`, `is_successful`, `user_id`, `session_name`, `action_made`, `table_name`, `old_value`, `new_value`, `record_id`, `audit_desc`, `created`) VALUES(303, 1, 1, 'd43gn66fqcv3jafs7o9fah72q3', 'C', 'EduRegistrationQuarterResult', '', 'id|56;edu_registration_quarter_id|0;edu_course_id|0;course_result|0.00;course_rank|0;result_indicator|N;created|2016-03-04 15:12:01;modified|2016-03-04 15:12:01;', 56, '', '2016-03-04 15:12:01');
INSERT INTO audit_trails (`id`, `is_successful`, `user_id`, `session_name`, `action_made`, `table_name`, `old_value`, `new_value`, `record_id`, `audit_desc`, `created`) VALUES(304, 1, 1, 'd43gn66fqcv3jafs7o9fah72q3', 'C', 'EduRegistrationQuarterResult', '', 'id|57;edu_registration_quarter_id|0;edu_course_id|0;course_result|0.00;course_rank|0;result_indicator|N;created|2016-03-04 15:12:01;modified|2016-03-04 15:12:01;', 57, '', '2016-03-04 15:12:01');
INSERT INTO audit_trails (`id`, `is_successful`, `user_id`, `session_name`, `action_made`, `table_name`, `old_value`, `new_value`, `record_id`, `audit_desc`, `created`) VALUES(305, 1, 1, 'd43gn66fqcv3jafs7o9fah72q3', 'C', 'EduRegistrationQuarterResult', '', 'id|58;edu_registration_quarter_id|0;edu_course_id|0;course_result|0.00;course_rank|0;result_indicator|N;created|2016-03-04 15:12:01;modified|2016-03-04 15:12:01;', 58, '', '2016-03-04 15:12:01');
INSERT INTO audit_trails (`id`, `is_successful`, `user_id`, `session_name`, `action_made`, `table_name`, `old_value`, `new_value`, `record_id`, `audit_desc`, `created`) VALUES(306, 1, 1, 'd43gn66fqcv3jafs7o9fah72q3', 'C', 'EduRegistrationQuarterResult', '', 'id|59;edu_registration_quarter_id|0;edu_course_id|0;course_result|0.00;course_rank|0;result_indicator|N;created|2016-03-04 15:12:01;modified|2016-03-04 15:12:01;', 59, '', '2016-03-04 15:12:01');
INSERT INTO audit_trails (`id`, `is_successful`, `user_id`, `session_name`, `action_made`, `table_name`, `old_value`, `new_value`, `record_id`, `audit_desc`, `created`) VALUES(307, 1, 1, 'd43gn66fqcv3jafs7o9fah72q3', 'C', 'EduRegistrationQuarterResult', '', 'id|60;edu_registration_quarter_id|0;edu_course_id|0;course_result|0.00;course_rank|0;result_indicator|N;created|2016-03-04 15:12:01;modified|2016-03-04 15:12:01;', 60, '', '2016-03-04 15:12:01');
INSERT INTO audit_trails (`id`, `is_successful`, `user_id`, `session_name`, `action_made`, `table_name`, `old_value`, `new_value`, `record_id`, `audit_desc`, `created`) VALUES(308, 1, 1, 'd43gn66fqcv3jafs7o9fah72q3', 'C', 'EduRegistrationQuarter', '', 'id|11;edu_registration_id|0;edu_quarter_id|0;quarter_average|0.00;quarter_rank|0;class_rank|0;created|2016-03-04 15:12:02;modified|2016-03-04 15:12:02;', 11, '', '2016-03-04 15:12:02');
INSERT INTO audit_trails (`id`, `is_successful`, `user_id`, `session_name`, `action_made`, `table_name`, `old_value`, `new_value`, `record_id`, `audit_desc`, `created`) VALUES(309, 1, 1, 'd43gn66fqcv3jafs7o9fah72q3', 'C', 'EduRegistrationQuarterResult', '', 'id|61;edu_registration_quarter_id|0;edu_course_id|0;course_result|0.00;course_rank|0;result_indicator|N;created|2016-03-04 15:12:02;modified|2016-03-04 15:12:02;', 61, '', '2016-03-04 15:12:02');
INSERT INTO audit_trails (`id`, `is_successful`, `user_id`, `session_name`, `action_made`, `table_name`, `old_value`, `new_value`, `record_id`, `audit_desc`, `created`) VALUES(310, 1, 1, 'd43gn66fqcv3jafs7o9fah72q3', 'C', 'EduRegistrationQuarterResult', '', 'id|62;edu_registration_quarter_id|0;edu_course_id|0;course_result|0.00;course_rank|0;result_indicator|N;created|2016-03-04 15:12:02;modified|2016-03-04 15:12:02;', 62, '', '2016-03-04 15:12:02');
INSERT INTO audit_trails (`id`, `is_successful`, `user_id`, `session_name`, `action_made`, `table_name`, `old_value`, `new_value`, `record_id`, `audit_desc`, `created`) VALUES(311, 1, 1, 'd43gn66fqcv3jafs7o9fah72q3', 'C', 'EduRegistrationQuarterResult', '', 'id|63;edu_registration_quarter_id|0;edu_course_id|0;course_result|0.00;course_rank|0;result_indicator|N;created|2016-03-04 15:12:02;modified|2016-03-04 15:12:02;', 63, '', '2016-03-04 15:12:02');
INSERT INTO audit_trails (`id`, `is_successful`, `user_id`, `session_name`, `action_made`, `table_name`, `old_value`, `new_value`, `record_id`, `audit_desc`, `created`) VALUES(312, 1, 1, 'd43gn66fqcv3jafs7o9fah72q3', 'C', 'EduRegistrationQuarterResult', '', 'id|64;edu_registration_quarter_id|0;edu_course_id|0;course_result|0.00;course_rank|0;result_indicator|N;created|2016-03-04 15:12:02;modified|2016-03-04 15:12:02;', 64, '', '2016-03-04 15:12:02');
INSERT INTO audit_trails (`id`, `is_successful`, `user_id`, `session_name`, `action_made`, `table_name`, `old_value`, `new_value`, `record_id`, `audit_desc`, `created`) VALUES(313, 1, 1, 'd43gn66fqcv3jafs7o9fah72q3', 'C', 'EduRegistrationQuarterResult', '', 'id|65;edu_registration_quarter_id|0;edu_course_id|0;course_result|0.00;course_rank|0;result_indicator|N;created|2016-03-04 15:12:02;modified|2016-03-04 15:12:02;', 65, '', '2016-03-04 15:12:02');
INSERT INTO audit_trails (`id`, `is_successful`, `user_id`, `session_name`, `action_made`, `table_name`, `old_value`, `new_value`, `record_id`, `audit_desc`, `created`) VALUES(314, 1, 1, 'd43gn66fqcv3jafs7o9fah72q3', 'C', 'EduRegistrationQuarterResult', '', 'id|66;edu_registration_quarter_id|0;edu_course_id|0;course_result|0.00;course_rank|0;result_indicator|N;created|2016-03-04 15:12:02;modified|2016-03-04 15:12:02;', 66, '', '2016-03-04 15:12:02');
INSERT INTO audit_trails (`id`, `is_successful`, `user_id`, `session_name`, `action_made`, `table_name`, `old_value`, `new_value`, `record_id`, `audit_desc`, `created`) VALUES(315, 1, 1, 'd43gn66fqcv3jafs7o9fah72q3', 'C', 'EduStudentCondition', '', 'id|6;edu_student_id|6;learning_condition|Normal;health_condition|Normal;treatment_type|;health_care_institute|;physician|;alergy|Nothing;physical_condition|Normal;created|2016-03-04 15:12:02;modified|2016-03-04 15:12:02;', 6, '', '2016-03-04 15:12:02');
INSERT INTO audit_trails (`id`, `is_successful`, `user_id`, `session_name`, `action_made`, `table_name`, `old_value`, `new_value`, `record_id`, `audit_desc`, `created`) VALUES(316, 1, 1, 'd43gn66fqcv3jafs7o9fah72q3', 'C', 'EduRequiredDocument', '', 'id|11;name|vaccination;edu_registration_id|6;presented|1;', 11, '', '2016-03-04 15:12:02');
INSERT INTO audit_trails (`id`, `is_successful`, `user_id`, `session_name`, `action_made`, `table_name`, `old_value`, `new_value`, `record_id`, `audit_desc`, `created`) VALUES(317, 1, 1, 'd43gn66fqcv3jafs7o9fah72q3', 'C', 'EduRequiredDocument', '', 'id|12;name|birth_certificate;edu_registration_id|6;presented|1;', 12, '', '2016-03-04 15:12:02');
INSERT INTO audit_trails (`id`, `is_successful`, `user_id`, `session_name`, `action_made`, `table_name`, `old_value`, `new_value`, `record_id`, `audit_desc`, `created`) VALUES(318, 1, 1, 'd43gn66fqcv3jafs7o9fah72q3', 'C', 'AcctTransaction', '', 'id|6;name|1457104322;description|Enrollment Fee of student Y A F;cheque_number|NA;invoice_number|AUTO-1457104321;transaction_date|2016-03-04;acct_fiscal_year_id|1;user_id|1;created|2016-03-04 15:12:02;modified|2016-03-04 15:12:02;', 6, '', '2016-03-04 15:12:02');
INSERT INTO audit_trails (`id`, `is_successful`, `user_id`, `session_name`, `action_made`, `table_name`, `old_value`, `new_value`, `record_id`, `audit_desc`, `created`) VALUES(319, 1, 1, 'd43gn66fqcv3jafs7o9fah72q3', 'C', 'AcctJournal', '', 'id|11;acct_transaction_id|6;acct_account_id|3;dr|500.00;cr|0.00;bbf|2000.00;created|2016-03-04 15:12:02;modified|2016-03-04 15:12:02;', 11, '', '2016-03-04 15:12:02');
INSERT INTO audit_trails (`id`, `is_successful`, `user_id`, `session_name`, `action_made`, `table_name`, `old_value`, `new_value`, `record_id`, `audit_desc`, `created`) VALUES(320, 1, 1, 'd43gn66fqcv3jafs7o9fah72q3', 'C', 'AcctJournal', '', 'id|12;acct_transaction_id|6;acct_account_id|10;dr|0.00;cr|500.00;bbf|2000.00;created|2016-03-04 15:12:02;modified|2016-03-04 15:12:02;', 12, '', '2016-03-04 15:12:02');
INSERT INTO audit_trails (`id`, `is_successful`, `user_id`, `session_name`, `action_made`, `table_name`, `old_value`, `new_value`, `record_id`, `audit_desc`, `created`) VALUES(321, 1, 1, 'd43gn66fqcv3jafs7o9fah72q3', 'C', 'EduPayment', '', 'id|6;edu_payment_schedule_id|-1;edu_student_id|6;is_paid|1;date_paid|2016-03-04;paid_amount|500.00;cheque_number|NA;cheque_amount|0.00;invoice|AUTO-1457104321;transaction_ref|1457104322;created|2016-03-04 15:12:02;modified|2016-03-04 15:12:02;', 6, '', '2016-03-04 15:12:02');
INSERT INTO audit_trails (`id`, `is_successful`, `user_id`, `session_name`, `action_made`, `table_name`, `old_value`, `new_value`, `record_id`, `audit_desc`, `created`) VALUES(322, 1, 1, 'd43gn66fqcv3jafs7o9fah72q3', 'C', 'EduReceipt', '', 'id|5;name|;reference_number|5;invoice_date|2016-03-04;crm_number|AUTO-1457104321;parent_name|A F M;parent_address|<br>0930323232;edu_student_id|6;student_name|Y A F;student_number|CHA/16/0005;student_class|Nursery;student_section|Not Set;student_academic_year|AY-2008;total_before_tax|500.00;total_after_tax|500.00;VAT|0.00;TOT|0.00;created|2016-03-04 15:12:02;modified|2016-03-04 15:12:02;', 5, '', '2016-03-04 15:12:02');
INSERT INTO audit_trails (`id`, `is_successful`, `user_id`, `session_name`, `action_made`, `table_name`, `old_value`, `new_value`, `record_id`, `audit_desc`, `created`) VALUES(323, 1, 1, 'd43gn66fqcv3jafs7o9fah72q3', 'C', 'EduReceiptItem', '', 'id|5;name|Enrollment Payment;amount|500.00;edu_receipt_id|5;', 5, '', '2016-03-04 15:12:02');
INSERT INTO audit_trails (`id`, `is_successful`, `user_id`, `session_name`, `action_made`, `table_name`, `old_value`, `new_value`, `record_id`, `audit_desc`, `created`) VALUES(324, 1, 1, 'd43gn66fqcv3jafs7o9fah72q3', 'C', 'Person', '', 'id|20;first_name|K;middle_name|K;last_name|K;birthdate|2100-01-01;birth_location|;residence_location|;kebele_or_farmers_association|Not Specified;house_number|;', 20, '', '2016-03-04 15:23:56');
INSERT INTO audit_trails (`id`, `is_successful`, `user_id`, `session_name`, `action_made`, `table_name`, `old_value`, `new_value`, `record_id`, `audit_desc`, `created`) VALUES(325, 1, 1, 'd43gn66fqcv3jafs7o9fah72q3', 'C', 'User', '', 'id|20;username|k.k_1457105036;password|f0cddcee258ed3b0b6a0b6e3484ac7e6a8a490b8;email|no_p_1457105036@chaeduc.com;is_active|1;security_question|not specified;security_answer|not specified;person_id|20;edu_campus_id|1;created|2016-03-04 15:23:56;modified|2016-03-04 15:23:56;', 20, '', '2016-03-04 15:23:56');
INSERT INTO audit_trails (`id`, `is_successful`, `user_id`, `session_name`, `action_made`, `table_name`, `old_value`, `new_value`, `record_id`, `audit_desc`, `created`) VALUES(326, 1, 1, 'd43gn66fqcv3jafs7o9fah72q3', 'C', 'GroupsUser', '', 'id|20;user_id|20;group_id|6;', 20, '', '2016-03-04 15:23:56');
INSERT INTO audit_trails (`id`, `is_successful`, `user_id`, `session_name`, `action_made`, `table_name`, `old_value`, `new_value`, `record_id`, `audit_desc`, `created`) VALUES(327, 1, 1, 'd43gn66fqcv3jafs7o9fah72q3', 'C', 'EduParent', '', 'id|13;authorized_person|ABENEZER T;marital_status|M;primary_parent|M;user_id|20;created|2016-03-04 15:23:56;modified|2016-03-04 15:23:56;', 13, '', '2016-03-04 15:23:56');
INSERT INTO audit_trails (`id`, `is_successful`, `user_id`, `session_name`, `action_made`, `table_name`, `old_value`, `new_value`, `record_id`, `audit_desc`, `created`) VALUES(328, 1, 1, 'd43gn66fqcv3jafs7o9fah72q3', 'C', 'EduParentDetail', '', 'id|25;first_name|K;middle_name|K;last_name|K;residence_address|;nationality|Ethiopian;relationship|mother;occupation|;academic_qualification|NA;employment_status|NA;employer|;work_address|[Work Address];work_telephone|[Work Telephone];mobile|[Mobile];email|[Email];photo_file|1457105036M.png;family_type|M;edu_parent_id|13;created|2016-03-04 15:23:56;modified|2016-03-04 15:23:56;', 25, '', '2016-03-04 15:23:56');
INSERT INTO audit_trails (`id`, `is_successful`, `user_id`, `session_name`, `action_made`, `table_name`, `old_value`, `new_value`, `record_id`, `audit_desc`, `created`) VALUES(329, 1, 1, 'd43gn66fqcv3jafs7o9fah72q3', 'C', 'EduParentDetail', '', 'id|26;first_name|A;middle_name|T;last_name|T;residence_address|AA;nationality|Ethiopian;relationship|father;occupation|;academic_qualification|NA;employment_status|Em;employer|;work_address|AA;work_telephone|0113242424;mobile|0911223344;email|[Email];photo_file|1457105036F.png;family_type|F;edu_parent_id|13;created|2016-03-04 15:23:56;modified|2016-03-04 15:23:56;', 26, '', '2016-03-04 15:23:56');
INSERT INTO audit_trails (`id`, `is_successful`, `user_id`, `session_name`, `action_made`, `table_name`, `old_value`, `new_value`, `record_id`, `audit_desc`, `created`) VALUES(330, 1, 1, 'd43gn66fqcv3jafs7o9fah72q3', 'C', 'Person', '', 'id|21;first_name|E A T;middle_name|E A T;last_name|E A T;birthdate|2013-03-04;birth_location|;residence_location|;kebele_or_farmers_association|Not Specified;house_number|;', 21, '', '2016-03-04 15:23:56');
INSERT INTO audit_trails (`id`, `is_successful`, `user_id`, `session_name`, `action_made`, `table_name`, `old_value`, `new_value`, `record_id`, `audit_desc`, `created`) VALUES(331, 1, 1, 'd43gn66fqcv3jafs7o9fah72q3', 'C', 'User', '', 'id|21;username|e.a.t_1457105036;password|58daac666d4e24d57647dd36c21baad7f3e29400;email|no_s_1457105036@chaeduc.com;is_active|1;security_question|not specified;security_answer|not specified;person_id|21;edu_campus_id|1;created|2016-03-04 15:23:56;modified|2016-03-04 15:23:56;', 21, '', '2016-03-04 15:23:56');
INSERT INTO audit_trails (`id`, `is_successful`, `user_id`, `session_name`, `action_made`, `table_name`, `old_value`, `new_value`, `record_id`, `audit_desc`, `created`) VALUES(332, 1, 1, 'd43gn66fqcv3jafs7o9fah72q3', 'C', 'GroupsUser', '', 'id|21;user_id|21;group_id|7;', 21, '', '2016-03-04 15:23:57');
INSERT INTO audit_trails (`id`, `is_successful`, `user_id`, `session_name`, `action_made`, `table_name`, `old_value`, `new_value`, `record_id`, `audit_desc`, `created`) VALUES(333, 1, 1, 'd43gn66fqcv3jafs7o9fah72q3', 'C', 'EduStudent', '', 'id|7;name|E A T;identity_number|CHA/16/0006;birth_date|2013-03-04;registration_date|2016-03-04;gender|M;nationality|Ethiopian;edu_parent_id|13;user_id|21;photo_file_name|1457105037.png;maker_id|1;status|1;created|2016-03-04 15:23:57;modified|2016-03-04 15:23:57;', 7, '', '2016-03-04 15:23:57');
INSERT INTO audit_trails (`id`, `is_successful`, `user_id`, `session_name`, `action_made`, `table_name`, `old_value`, `new_value`, `record_id`, `audit_desc`, `created`) VALUES(334, 1, 1, 'd43gn66fqcv3jafs7o9fah72q3', 'C', 'EduRegistration', '', 'id|7;name|E A T;edu_student_id|7;edu_class_id|1;edu_section_id|0;edu_campus_id|1;grand_total_average|0.00;rank|0;status|A;failure_count|0;allowed|A;created|2016-03-04 15:23:57;modified|2016-03-04 15:23:57;', 7, '', '2016-03-04 15:23:57');
INSERT INTO audit_trails (`id`, `is_successful`, `user_id`, `session_name`, `action_made`, `table_name`, `old_value`, `new_value`, `record_id`, `audit_desc`, `created`) VALUES(335, 1, 1, 'd43gn66fqcv3jafs7o9fah72q3', 'C', 'EduRegistrationQuarter', '', 'id|12;edu_registration_id|0;edu_quarter_id|0;quarter_average|0.00;quarter_rank|0;class_rank|0;created|2016-03-04 15:23:57;modified|2016-03-04 15:23:57;', 12, '', '2016-03-04 15:23:57');
INSERT INTO audit_trails (`id`, `is_successful`, `user_id`, `session_name`, `action_made`, `table_name`, `old_value`, `new_value`, `record_id`, `audit_desc`, `created`) VALUES(336, 1, 1, 'd43gn66fqcv3jafs7o9fah72q3', 'C', 'EduRegistrationQuarterResult', '', 'id|67;edu_registration_quarter_id|0;edu_course_id|0;course_result|0.00;course_rank|0;result_indicator|N;created|2016-03-04 15:23:57;modified|2016-03-04 15:23:57;', 67, '', '2016-03-04 15:23:57');
INSERT INTO audit_trails (`id`, `is_successful`, `user_id`, `session_name`, `action_made`, `table_name`, `old_value`, `new_value`, `record_id`, `audit_desc`, `created`) VALUES(337, 1, 1, 'd43gn66fqcv3jafs7o9fah72q3', 'C', 'EduRegistrationQuarterResult', '', 'id|68;edu_registration_quarter_id|0;edu_course_id|0;course_result|0.00;course_rank|0;result_indicator|N;created|2016-03-04 15:23:57;modified|2016-03-04 15:23:57;', 68, '', '2016-03-04 15:23:57');
INSERT INTO audit_trails (`id`, `is_successful`, `user_id`, `session_name`, `action_made`, `table_name`, `old_value`, `new_value`, `record_id`, `audit_desc`, `created`) VALUES(338, 1, 1, 'd43gn66fqcv3jafs7o9fah72q3', 'C', 'EduRegistrationQuarterResult', '', 'id|69;edu_registration_quarter_id|0;edu_course_id|0;course_result|0.00;course_rank|0;result_indicator|N;created|2016-03-04 15:23:57;modified|2016-03-04 15:23:57;', 69, '', '2016-03-04 15:23:57');
INSERT INTO audit_trails (`id`, `is_successful`, `user_id`, `session_name`, `action_made`, `table_name`, `old_value`, `new_value`, `record_id`, `audit_desc`, `created`) VALUES(339, 1, 1, 'd43gn66fqcv3jafs7o9fah72q3', 'C', 'EduRegistrationQuarterResult', '', 'id|70;edu_registration_quarter_id|0;edu_course_id|0;course_result|0.00;course_rank|0;result_indicator|N;created|2016-03-04 15:23:57;modified|2016-03-04 15:23:57;', 70, '', '2016-03-04 15:23:57');
INSERT INTO audit_trails (`id`, `is_successful`, `user_id`, `session_name`, `action_made`, `table_name`, `old_value`, `new_value`, `record_id`, `audit_desc`, `created`) VALUES(340, 1, 1, 'd43gn66fqcv3jafs7o9fah72q3', 'C', 'EduRegistrationQuarterResult', '', 'id|71;edu_registration_quarter_id|0;edu_course_id|0;course_result|0.00;course_rank|0;result_indicator|N;created|2016-03-04 15:23:57;modified|2016-03-04 15:23:57;', 71, '', '2016-03-04 15:23:57');
INSERT INTO audit_trails (`id`, `is_successful`, `user_id`, `session_name`, `action_made`, `table_name`, `old_value`, `new_value`, `record_id`, `audit_desc`, `created`) VALUES(341, 1, 1, 'd43gn66fqcv3jafs7o9fah72q3', 'C', 'EduRegistrationQuarterResult', '', 'id|72;edu_registration_quarter_id|0;edu_course_id|0;course_result|0.00;course_rank|0;result_indicator|N;created|2016-03-04 15:23:57;modified|2016-03-04 15:23:57;', 72, '', '2016-03-04 15:23:57');
INSERT INTO audit_trails (`id`, `is_successful`, `user_id`, `session_name`, `action_made`, `table_name`, `old_value`, `new_value`, `record_id`, `audit_desc`, `created`) VALUES(342, 1, 1, 'd43gn66fqcv3jafs7o9fah72q3', 'C', 'EduRegistrationQuarter', '', 'id|13;edu_registration_id|0;edu_quarter_id|0;quarter_average|0.00;quarter_rank|0;class_rank|0;created|2016-03-04 15:23:57;modified|2016-03-04 15:23:57;', 13, '', '2016-03-04 15:23:57');
INSERT INTO audit_trails (`id`, `is_successful`, `user_id`, `session_name`, `action_made`, `table_name`, `old_value`, `new_value`, `record_id`, `audit_desc`, `created`) VALUES(343, 1, 1, 'd43gn66fqcv3jafs7o9fah72q3', 'C', 'EduRegistrationQuarterResult', '', 'id|73;edu_registration_quarter_id|0;edu_course_id|0;course_result|0.00;course_rank|0;result_indicator|N;created|2016-03-04 15:23:57;modified|2016-03-04 15:23:57;', 73, '', '2016-03-04 15:23:57');
INSERT INTO audit_trails (`id`, `is_successful`, `user_id`, `session_name`, `action_made`, `table_name`, `old_value`, `new_value`, `record_id`, `audit_desc`, `created`) VALUES(344, 1, 1, 'd43gn66fqcv3jafs7o9fah72q3', 'C', 'EduRegistrationQuarterResult', '', 'id|74;edu_registration_quarter_id|0;edu_course_id|0;course_result|0.00;course_rank|0;result_indicator|N;created|2016-03-04 15:23:57;modified|2016-03-04 15:23:57;', 74, '', '2016-03-04 15:23:57');
INSERT INTO audit_trails (`id`, `is_successful`, `user_id`, `session_name`, `action_made`, `table_name`, `old_value`, `new_value`, `record_id`, `audit_desc`, `created`) VALUES(345, 1, 1, 'd43gn66fqcv3jafs7o9fah72q3', 'C', 'EduRegistrationQuarterResult', '', 'id|75;edu_registration_quarter_id|0;edu_course_id|0;course_result|0.00;course_rank|0;result_indicator|N;created|2016-03-04 15:23:57;modified|2016-03-04 15:23:57;', 75, '', '2016-03-04 15:23:57');
INSERT INTO audit_trails (`id`, `is_successful`, `user_id`, `session_name`, `action_made`, `table_name`, `old_value`, `new_value`, `record_id`, `audit_desc`, `created`) VALUES(346, 1, 1, 'd43gn66fqcv3jafs7o9fah72q3', 'C', 'EduRegistrationQuarterResult', '', 'id|76;edu_registration_quarter_id|0;edu_course_id|0;course_result|0.00;course_rank|0;result_indicator|N;created|2016-03-04 15:23:57;modified|2016-03-04 15:23:57;', 76, '', '2016-03-04 15:23:57');
INSERT INTO audit_trails (`id`, `is_successful`, `user_id`, `session_name`, `action_made`, `table_name`, `old_value`, `new_value`, `record_id`, `audit_desc`, `created`) VALUES(347, 1, 1, 'd43gn66fqcv3jafs7o9fah72q3', 'C', 'EduRegistrationQuarterResult', '', 'id|77;edu_registration_quarter_id|0;edu_course_id|0;course_result|0.00;course_rank|0;result_indicator|N;created|2016-03-04 15:23:57;modified|2016-03-04 15:23:57;', 77, '', '2016-03-04 15:23:57');
INSERT INTO audit_trails (`id`, `is_successful`, `user_id`, `session_name`, `action_made`, `table_name`, `old_value`, `new_value`, `record_id`, `audit_desc`, `created`) VALUES(348, 1, 1, 'd43gn66fqcv3jafs7o9fah72q3', 'C', 'EduRegistrationQuarterResult', '', 'id|78;edu_registration_quarter_id|0;edu_course_id|0;course_result|0.00;course_rank|0;result_indicator|N;created|2016-03-04 15:23:57;modified|2016-03-04 15:23:57;', 78, '', '2016-03-04 15:23:57');
INSERT INTO audit_trails (`id`, `is_successful`, `user_id`, `session_name`, `action_made`, `table_name`, `old_value`, `new_value`, `record_id`, `audit_desc`, `created`) VALUES(349, 1, 1, 'd43gn66fqcv3jafs7o9fah72q3', 'C', 'EduRegistrationQuarter', '', 'id|14;edu_registration_id|0;edu_quarter_id|0;quarter_average|0.00;quarter_rank|0;class_rank|0;created|2016-03-04 15:23:57;modified|2016-03-04 15:23:57;', 14, '', '2016-03-04 15:23:57');
INSERT INTO audit_trails (`id`, `is_successful`, `user_id`, `session_name`, `action_made`, `table_name`, `old_value`, `new_value`, `record_id`, `audit_desc`, `created`) VALUES(350, 1, 1, 'd43gn66fqcv3jafs7o9fah72q3', 'C', 'EduRegistrationQuarterResult', '', 'id|79;edu_registration_quarter_id|0;edu_course_id|0;course_result|0.00;course_rank|0;result_indicator|N;created|2016-03-04 15:23:57;modified|2016-03-04 15:23:57;', 79, '', '2016-03-04 15:23:57');
INSERT INTO audit_trails (`id`, `is_successful`, `user_id`, `session_name`, `action_made`, `table_name`, `old_value`, `new_value`, `record_id`, `audit_desc`, `created`) VALUES(351, 1, 1, 'd43gn66fqcv3jafs7o9fah72q3', 'C', 'EduRegistrationQuarterResult', '', 'id|80;edu_registration_quarter_id|0;edu_course_id|0;course_result|0.00;course_rank|0;result_indicator|N;created|2016-03-04 15:23:57;modified|2016-03-04 15:23:57;', 80, '', '2016-03-04 15:23:57');
INSERT INTO audit_trails (`id`, `is_successful`, `user_id`, `session_name`, `action_made`, `table_name`, `old_value`, `new_value`, `record_id`, `audit_desc`, `created`) VALUES(352, 1, 1, 'd43gn66fqcv3jafs7o9fah72q3', 'C', 'EduRegistrationQuarterResult', '', 'id|81;edu_registration_quarter_id|0;edu_course_id|0;course_result|0.00;course_rank|0;result_indicator|N;created|2016-03-04 15:23:57;modified|2016-03-04 15:23:57;', 81, '', '2016-03-04 15:23:57');
INSERT INTO audit_trails (`id`, `is_successful`, `user_id`, `session_name`, `action_made`, `table_name`, `old_value`, `new_value`, `record_id`, `audit_desc`, `created`) VALUES(353, 1, 1, 'd43gn66fqcv3jafs7o9fah72q3', 'C', 'EduRegistrationQuarterResult', '', 'id|82;edu_registration_quarter_id|0;edu_course_id|0;course_result|0.00;course_rank|0;result_indicator|N;created|2016-03-04 15:23:57;modified|2016-03-04 15:23:57;', 82, '', '2016-03-04 15:23:57');
INSERT INTO audit_trails (`id`, `is_successful`, `user_id`, `session_name`, `action_made`, `table_name`, `old_value`, `new_value`, `record_id`, `audit_desc`, `created`) VALUES(354, 1, 1, 'd43gn66fqcv3jafs7o9fah72q3', 'C', 'EduRegistrationQuarterResult', '', 'id|83;edu_registration_quarter_id|0;edu_course_id|0;course_result|0.00;course_rank|0;result_indicator|N;created|2016-03-04 15:23:57;modified|2016-03-04 15:23:57;', 83, '', '2016-03-04 15:23:57');
INSERT INTO audit_trails (`id`, `is_successful`, `user_id`, `session_name`, `action_made`, `table_name`, `old_value`, `new_value`, `record_id`, `audit_desc`, `created`) VALUES(355, 1, 1, 'd43gn66fqcv3jafs7o9fah72q3', 'C', 'EduRegistrationQuarterResult', '', 'id|84;edu_registration_quarter_id|0;edu_course_id|0;course_result|0.00;course_rank|0;result_indicator|N;created|2016-03-04 15:23:57;modified|2016-03-04 15:23:57;', 84, '', '2016-03-04 15:23:57');
INSERT INTO audit_trails (`id`, `is_successful`, `user_id`, `session_name`, `action_made`, `table_name`, `old_value`, `new_value`, `record_id`, `audit_desc`, `created`) VALUES(356, 1, 1, 'd43gn66fqcv3jafs7o9fah72q3', 'C', 'EduRegistrationQuarter', '', 'id|15;edu_registration_id|0;edu_quarter_id|0;quarter_average|0.00;quarter_rank|0;class_rank|0;created|2016-03-04 15:23:57;modified|2016-03-04 15:23:57;', 15, '', '2016-03-04 15:23:57');
INSERT INTO audit_trails (`id`, `is_successful`, `user_id`, `session_name`, `action_made`, `table_name`, `old_value`, `new_value`, `record_id`, `audit_desc`, `created`) VALUES(357, 1, 1, 'd43gn66fqcv3jafs7o9fah72q3', 'C', 'EduRegistrationQuarterResult', '', 'id|85;edu_registration_quarter_id|0;edu_course_id|0;course_result|0.00;course_rank|0;result_indicator|N;created|2016-03-04 15:23:57;modified|2016-03-04 15:23:57;', 85, '', '2016-03-04 15:23:57');
INSERT INTO audit_trails (`id`, `is_successful`, `user_id`, `session_name`, `action_made`, `table_name`, `old_value`, `new_value`, `record_id`, `audit_desc`, `created`) VALUES(358, 1, 1, 'd43gn66fqcv3jafs7o9fah72q3', 'C', 'EduRegistrationQuarterResult', '', 'id|86;edu_registration_quarter_id|0;edu_course_id|0;course_result|0.00;course_rank|0;result_indicator|N;created|2016-03-04 15:23:57;modified|2016-03-04 15:23:57;', 86, '', '2016-03-04 15:23:57');
INSERT INTO audit_trails (`id`, `is_successful`, `user_id`, `session_name`, `action_made`, `table_name`, `old_value`, `new_value`, `record_id`, `audit_desc`, `created`) VALUES(359, 1, 1, 'd43gn66fqcv3jafs7o9fah72q3', 'C', 'EduRegistrationQuarterResult', '', 'id|87;edu_registration_quarter_id|0;edu_course_id|0;course_result|0.00;course_rank|0;result_indicator|N;created|2016-03-04 15:23:57;modified|2016-03-04 15:23:57;', 87, '', '2016-03-04 15:23:57');
INSERT INTO audit_trails (`id`, `is_successful`, `user_id`, `session_name`, `action_made`, `table_name`, `old_value`, `new_value`, `record_id`, `audit_desc`, `created`) VALUES(360, 1, 1, 'd43gn66fqcv3jafs7o9fah72q3', 'C', 'EduRegistrationQuarterResult', '', 'id|88;edu_registration_quarter_id|0;edu_course_id|0;course_result|0.00;course_rank|0;result_indicator|N;created|2016-03-04 15:23:57;modified|2016-03-04 15:23:57;', 88, '', '2016-03-04 15:23:57');
INSERT INTO audit_trails (`id`, `is_successful`, `user_id`, `session_name`, `action_made`, `table_name`, `old_value`, `new_value`, `record_id`, `audit_desc`, `created`) VALUES(361, 1, 1, 'd43gn66fqcv3jafs7o9fah72q3', 'C', 'EduRegistrationQuarterResult', '', 'id|89;edu_registration_quarter_id|0;edu_course_id|0;course_result|0.00;course_rank|0;result_indicator|N;created|2016-03-04 15:23:57;modified|2016-03-04 15:23:57;', 89, '', '2016-03-04 15:23:57');
INSERT INTO audit_trails (`id`, `is_successful`, `user_id`, `session_name`, `action_made`, `table_name`, `old_value`, `new_value`, `record_id`, `audit_desc`, `created`) VALUES(362, 1, 1, 'd43gn66fqcv3jafs7o9fah72q3', 'C', 'EduRegistrationQuarterResult', '', 'id|90;edu_registration_quarter_id|0;edu_course_id|0;course_result|0.00;course_rank|0;result_indicator|N;created|2016-03-04 15:23:57;modified|2016-03-04 15:23:57;', 90, '', '2016-03-04 15:23:57');
INSERT INTO audit_trails (`id`, `is_successful`, `user_id`, `session_name`, `action_made`, `table_name`, `old_value`, `new_value`, `record_id`, `audit_desc`, `created`) VALUES(363, 1, 1, 'd43gn66fqcv3jafs7o9fah72q3', 'C', 'EduStudentCondition', '', 'id|7;edu_student_id|7;learning_condition|Normal;health_condition|Normal;treatment_type|;health_care_institute|;physician|;alergy|Nothing;physical_condition|Normal;created|2016-03-04 15:23:57;modified|2016-03-04 15:23:57;', 7, '', '2016-03-04 15:23:57');
INSERT INTO audit_trails (`id`, `is_successful`, `user_id`, `session_name`, `action_made`, `table_name`, `old_value`, `new_value`, `record_id`, `audit_desc`, `created`) VALUES(364, 1, 1, 'd43gn66fqcv3jafs7o9fah72q3', 'C', 'EduRequiredDocument', '', 'id|13;name|vaccination;edu_registration_id|7;presented|1;', 13, '', '2016-03-04 15:23:57');
INSERT INTO audit_trails (`id`, `is_successful`, `user_id`, `session_name`, `action_made`, `table_name`, `old_value`, `new_value`, `record_id`, `audit_desc`, `created`) VALUES(365, 1, 1, 'd43gn66fqcv3jafs7o9fah72q3', 'C', 'EduRequiredDocument', '', 'id|14;name|birth_certificate;edu_registration_id|7;presented|1;', 14, '', '2016-03-04 15:23:57');
INSERT INTO audit_trails (`id`, `is_successful`, `user_id`, `session_name`, `action_made`, `table_name`, `old_value`, `new_value`, `record_id`, `audit_desc`, `created`) VALUES(366, 1, 1, 'd43gn66fqcv3jafs7o9fah72q3', 'C', 'AcctTransaction', '', 'id|7;name|1457105037;description|Enrollment Fee of student E A T;cheque_number|NA;invoice_number|AUTO-1457105036;transaction_date|2016-03-04;acct_fiscal_year_id|1;user_id|1;created|2016-03-04 15:23:57;modified|2016-03-04 15:23:57;', 7, '', '2016-03-04 15:23:57');
INSERT INTO audit_trails (`id`, `is_successful`, `user_id`, `session_name`, `action_made`, `table_name`, `old_value`, `new_value`, `record_id`, `audit_desc`, `created`) VALUES(367, 1, 1, 'd43gn66fqcv3jafs7o9fah72q3', 'C', 'AcctJournal', '', 'id|13;acct_transaction_id|7;acct_account_id|3;dr|500.00;cr|0.00;bbf|2500.00;created|2016-03-04 15:23:57;modified|2016-03-04 15:23:57;', 13, '', '2016-03-04 15:23:57');
INSERT INTO audit_trails (`id`, `is_successful`, `user_id`, `session_name`, `action_made`, `table_name`, `old_value`, `new_value`, `record_id`, `audit_desc`, `created`) VALUES(368, 1, 1, 'd43gn66fqcv3jafs7o9fah72q3', 'C', 'AcctJournal', '', 'id|14;acct_transaction_id|7;acct_account_id|10;dr|0.00;cr|500.00;bbf|2500.00;created|2016-03-04 15:23:57;modified|2016-03-04 15:23:57;', 14, '', '2016-03-04 15:23:57');
INSERT INTO audit_trails (`id`, `is_successful`, `user_id`, `session_name`, `action_made`, `table_name`, `old_value`, `new_value`, `record_id`, `audit_desc`, `created`) VALUES(369, 1, 1, 'd43gn66fqcv3jafs7o9fah72q3', 'C', 'EduPayment', '', 'id|7;edu_payment_schedule_id|-1;edu_student_id|7;is_paid|1;date_paid|2016-03-04;paid_amount|500.00;cheque_number|NA;cheque_amount|0.00;invoice|AUTO-1457105036;transaction_ref|1457105037;created|2016-03-04 15:23:57;modified|2016-03-04 15:23:57;', 7, '', '2016-03-04 15:23:57');
INSERT INTO audit_trails (`id`, `is_successful`, `user_id`, `session_name`, `action_made`, `table_name`, `old_value`, `new_value`, `record_id`, `audit_desc`, `created`) VALUES(370, 1, 1, 'd43gn66fqcv3jafs7o9fah72q3', 'C', 'EduReceipt', '', 'id|6;name|;reference_number|6;invoice_date|2016-03-04;crm_number|AUTO-1457105036;parent_name|K K K;parent_address|<br>[Mobile];edu_student_id|7;student_name|E A T;student_number|CHA/16/0006;student_class|Nursery;student_section|Not Set;student_academic_year|AY-2008;total_before_tax|500.00;total_after_tax|500.00;VAT|0.00;TOT|0.00;created|2016-03-04 15:23:57;modified|2016-03-04 15:23:57;', 6, '', '2016-03-04 15:23:57');
INSERT INTO audit_trails (`id`, `is_successful`, `user_id`, `session_name`, `action_made`, `table_name`, `old_value`, `new_value`, `record_id`, `audit_desc`, `created`) VALUES(371, 1, 1, 'd43gn66fqcv3jafs7o9fah72q3', 'C', 'EduReceiptItem', '', 'id|6;name|Enrollment Payment;amount|500.00;edu_receipt_id|6;', 6, '', '2016-03-04 15:23:57');
INSERT INTO audit_trails (`id`, `is_successful`, `user_id`, `session_name`, `action_made`, `table_name`, `old_value`, `new_value`, `record_id`, `audit_desc`, `created`) VALUES(372, 1, 1, 'd43gn66fqcv3jafs7o9fah72q3', 'C', 'Person', '', 'id|22;first_name|HAGOS;middle_name|DEGU;last_name|SHALLOM;birthdate|2100-01-01;birth_location|;residence_location|;kebele_or_farmers_association|Not Specified;house_number|;', 22, '', '2016-03-04 15:35:47');
INSERT INTO audit_trails (`id`, `is_successful`, `user_id`, `session_name`, `action_made`, `table_name`, `old_value`, `new_value`, `record_id`, `audit_desc`, `created`) VALUES(373, 1, 1, 'd43gn66fqcv3jafs7o9fah72q3', 'C', 'User', '', 'id|22;username|hagos.degu_1457105747;password|687b239be0af050547357fafd9c8f8935b7a764d;email|no_p_1457105747@chaeduc.com;is_active|1;security_question|not specified;security_answer|not specified;person_id|22;edu_campus_id|1;created|2016-03-04 15:35:47;modified|2016-03-04 15:35:47;', 22, '', '2016-03-04 15:35:47');
INSERT INTO audit_trails (`id`, `is_successful`, `user_id`, `session_name`, `action_made`, `table_name`, `old_value`, `new_value`, `record_id`, `audit_desc`, `created`) VALUES(374, 1, 1, 'd43gn66fqcv3jafs7o9fah72q3', 'C', 'GroupsUser', '', 'id|22;user_id|22;group_id|6;', 22, '', '2016-03-04 15:35:47');
INSERT INTO audit_trails (`id`, `is_successful`, `user_id`, `session_name`, `action_made`, `table_name`, `old_value`, `new_value`, `record_id`, `audit_desc`, `created`) VALUES(375, 1, 1, 'd43gn66fqcv3jafs7o9fah72q3', 'C', 'EduParent', '', 'id|14;authorized_person|HAGOS, SHEWITEY;marital_status|M;primary_parent|F;user_id|22;created|2016-03-04 15:35:47;modified|2016-03-04 15:35:47;', 14, '', '2016-03-04 15:35:47');
INSERT INTO audit_trails (`id`, `is_successful`, `user_id`, `session_name`, `action_made`, `table_name`, `old_value`, `new_value`, `record_id`, `audit_desc`, `created`) VALUES(376, 1, 1, 'd43gn66fqcv3jafs7o9fah72q3', 'C', 'EduParentDetail', '', 'id|27;first_name|SHEWITEY;middle_name|GENET;last_name|WUHA;residence_address|AA;nationality|Ethiopian;relationship|mother;occupation|;academic_qualification|NA;employment_status|NA;employer|;work_address|[Work Address];work_telephone|[Work Telephone];mobile|0911232323;email|[Email];photo_file|1457105747M.png;family_type|M;edu_parent_id|14;created|2016-03-04 15:35:47;modified|2016-03-04 15:35:47;', 27, '', '2016-03-04 15:35:47');
INSERT INTO audit_trails (`id`, `is_successful`, `user_id`, `session_name`, `action_made`, `table_name`, `old_value`, `new_value`, `record_id`, `audit_desc`, `created`) VALUES(377, 1, 1, 'd43gn66fqcv3jafs7o9fah72q3', 'C', 'EduParentDetail', '', 'id|28;first_name|HAGOS;middle_name|DEGU;last_name|SHALLOM;residence_address|AA;nationality|Ethiopian;relationship|father;occupation|AA;academic_qualification|Diploma;employment_status|Em;employer|;work_address|[Work Address];work_telephone|[Work Telephone];mobile|0911234567;email|[Email];photo_file|1457105747F.png;family_type|F;edu_parent_id|14;created|2016-03-04 15:35:47;modified|2016-03-04 15:35:47;', 28, '', '2016-03-04 15:35:47');
INSERT INTO audit_trails (`id`, `is_successful`, `user_id`, `session_name`, `action_made`, `table_name`, `old_value`, `new_value`, `record_id`, `audit_desc`, `created`) VALUES(378, 1, 1, 'd43gn66fqcv3jafs7o9fah72q3', 'C', 'Person', '', 'id|23;first_name|REZENE HAGOS DEGU;middle_name|REZENE HAGOS DEGU;last_name|REZENE HAGOS DEGU;birthdate|2011-09-06;birth_location|;residence_location|;kebele_or_farmers_association|Not Specified;house_number|;', 23, '', '2016-03-04 15:35:47');
INSERT INTO audit_trails (`id`, `is_successful`, `user_id`, `session_name`, `action_made`, `table_name`, `old_value`, `new_value`, `record_id`, `audit_desc`, `created`) VALUES(379, 1, 1, 'd43gn66fqcv3jafs7o9fah72q3', 'C', 'User', '', 'id|23;username|rezene.hagos.degu_1457105747;password|2f14db69bdeb865979521e995df4fea929732edc;email|no_s_1457105747@chaeduc.com;is_active|1;security_question|not specified;security_answer|not specified;person_id|23;edu_campus_id|1;created|2016-03-04 15:35:47;modified|2016-03-04 15:35:47;', 23, '', '2016-03-04 15:35:47');
INSERT INTO audit_trails (`id`, `is_successful`, `user_id`, `session_name`, `action_made`, `table_name`, `old_value`, `new_value`, `record_id`, `audit_desc`, `created`) VALUES(380, 1, 1, 'd43gn66fqcv3jafs7o9fah72q3', 'C', 'GroupsUser', '', 'id|23;user_id|23;group_id|7;', 23, '', '2016-03-04 15:35:47');
INSERT INTO audit_trails (`id`, `is_successful`, `user_id`, `session_name`, `action_made`, `table_name`, `old_value`, `new_value`, `record_id`, `audit_desc`, `created`) VALUES(381, 1, 1, 'd43gn66fqcv3jafs7o9fah72q3', 'C', 'EduStudent', '', 'id|8;name|REZENE HAGOS DEGU;identity_number|CHA/16/0007;birth_date|2011-09-06;registration_date|2016-03-04;gender|M;nationality|Ethiopian;edu_parent_id|14;user_id|23;photo_file_name|1457105747.png;maker_id|1;status|1;created|2016-03-04 15:35:47;modified|2016-03-04 15:35:47;', 8, '', '2016-03-04 15:35:47');
INSERT INTO audit_trails (`id`, `is_successful`, `user_id`, `session_name`, `action_made`, `table_name`, `old_value`, `new_value`, `record_id`, `audit_desc`, `created`) VALUES(382, 1, 1, 'd43gn66fqcv3jafs7o9fah72q3', 'C', 'EduRegistration', '', 'id|8;name|REZENE HAGOS DEGU;edu_student_id|8;edu_class_id|1;edu_section_id|0;edu_campus_id|1;grand_total_average|0.00;rank|0;status|A;failure_count|0;allowed|A;created|2016-03-04 15:35:47;modified|2016-03-04 15:35:47;', 8, '', '2016-03-04 15:35:47');
INSERT INTO audit_trails (`id`, `is_successful`, `user_id`, `session_name`, `action_made`, `table_name`, `old_value`, `new_value`, `record_id`, `audit_desc`, `created`) VALUES(383, 1, 1, 'd43gn66fqcv3jafs7o9fah72q3', 'C', 'EduRegistrationQuarter', '', 'id|16;edu_registration_id|8;edu_quarter_id|1;quarter_average|0.00;quarter_rank|0;class_rank|0;created|2016-03-04 15:35:47;modified|2016-03-04 15:35:47;', 16, '', '2016-03-04 15:35:47');
INSERT INTO audit_trails (`id`, `is_successful`, `user_id`, `session_name`, `action_made`, `table_name`, `old_value`, `new_value`, `record_id`, `audit_desc`, `created`) VALUES(384, 1, 1, 'd43gn66fqcv3jafs7o9fah72q3', 'C', 'EduRegistrationQuarterResult', '', 'id|91;edu_registration_quarter_id|16;edu_course_id|1;course_result|0.00;course_rank|0;result_indicator|N;created|2016-03-04 15:35:47;modified|2016-03-04 15:35:47;', 91, '', '2016-03-04 15:35:47');
INSERT INTO audit_trails (`id`, `is_successful`, `user_id`, `session_name`, `action_made`, `table_name`, `old_value`, `new_value`, `record_id`, `audit_desc`, `created`) VALUES(385, 1, 1, 'd43gn66fqcv3jafs7o9fah72q3', 'C', 'EduRegistrationQuarterResult', '', 'id|92;edu_registration_quarter_id|16;edu_course_id|2;course_result|0.00;course_rank|0;result_indicator|N;created|2016-03-04 15:35:47;modified|2016-03-04 15:35:47;', 92, '', '2016-03-04 15:35:47');
INSERT INTO audit_trails (`id`, `is_successful`, `user_id`, `session_name`, `action_made`, `table_name`, `old_value`, `new_value`, `record_id`, `audit_desc`, `created`) VALUES(386, 1, 1, 'd43gn66fqcv3jafs7o9fah72q3', 'C', 'EduRegistrationQuarterResult', '', 'id|93;edu_registration_quarter_id|16;edu_course_id|3;course_result|0.00;course_rank|0;result_indicator|N;created|2016-03-04 15:35:47;modified|2016-03-04 15:35:47;', 93, '', '2016-03-04 15:35:47');
INSERT INTO audit_trails (`id`, `is_successful`, `user_id`, `session_name`, `action_made`, `table_name`, `old_value`, `new_value`, `record_id`, `audit_desc`, `created`) VALUES(387, 1, 1, 'd43gn66fqcv3jafs7o9fah72q3', 'C', 'EduRegistrationQuarterResult', '', 'id|94;edu_registration_quarter_id|16;edu_course_id|4;course_result|0.00;course_rank|0;result_indicator|N;created|2016-03-04 15:35:47;modified|2016-03-04 15:35:47;', 94, '', '2016-03-04 15:35:47');
INSERT INTO audit_trails (`id`, `is_successful`, `user_id`, `session_name`, `action_made`, `table_name`, `old_value`, `new_value`, `record_id`, `audit_desc`, `created`) VALUES(388, 1, 1, 'd43gn66fqcv3jafs7o9fah72q3', 'C', 'EduRegistrationQuarterResult', '', 'id|95;edu_registration_quarter_id|16;edu_course_id|5;course_result|0.00;course_rank|0;result_indicator|N;created|2016-03-04 15:35:47;modified|2016-03-04 15:35:47;', 95, '', '2016-03-04 15:35:47');
INSERT INTO audit_trails (`id`, `is_successful`, `user_id`, `session_name`, `action_made`, `table_name`, `old_value`, `new_value`, `record_id`, `audit_desc`, `created`) VALUES(389, 1, 1, 'd43gn66fqcv3jafs7o9fah72q3', 'C', 'EduRegistrationQuarterResult', '', 'id|96;edu_registration_quarter_id|16;edu_course_id|6;course_result|0.00;course_rank|0;result_indicator|N;created|2016-03-04 15:35:47;modified|2016-03-04 15:35:47;', 96, '', '2016-03-04 15:35:47');
INSERT INTO audit_trails (`id`, `is_successful`, `user_id`, `session_name`, `action_made`, `table_name`, `old_value`, `new_value`, `record_id`, `audit_desc`, `created`) VALUES(390, 1, 1, 'd43gn66fqcv3jafs7o9fah72q3', 'C', 'EduRegistrationQuarter', '', 'id|17;edu_registration_id|8;edu_quarter_id|2;quarter_average|0.00;quarter_rank|0;class_rank|0;created|2016-03-04 15:35:47;modified|2016-03-04 15:35:47;', 17, '', '2016-03-04 15:35:47');
INSERT INTO audit_trails (`id`, `is_successful`, `user_id`, `session_name`, `action_made`, `table_name`, `old_value`, `new_value`, `record_id`, `audit_desc`, `created`) VALUES(391, 1, 1, 'd43gn66fqcv3jafs7o9fah72q3', 'C', 'EduRegistrationQuarterResult', '', 'id|97;edu_registration_quarter_id|17;edu_course_id|1;course_result|0.00;course_rank|0;result_indicator|N;created|2016-03-04 15:35:48;modified|2016-03-04 15:35:48;', 97, '', '2016-03-04 15:35:48');
INSERT INTO audit_trails (`id`, `is_successful`, `user_id`, `session_name`, `action_made`, `table_name`, `old_value`, `new_value`, `record_id`, `audit_desc`, `created`) VALUES(392, 1, 1, 'd43gn66fqcv3jafs7o9fah72q3', 'C', 'EduRegistrationQuarterResult', '', 'id|98;edu_registration_quarter_id|17;edu_course_id|2;course_result|0.00;course_rank|0;result_indicator|N;created|2016-03-04 15:35:48;modified|2016-03-04 15:35:48;', 98, '', '2016-03-04 15:35:48');
INSERT INTO audit_trails (`id`, `is_successful`, `user_id`, `session_name`, `action_made`, `table_name`, `old_value`, `new_value`, `record_id`, `audit_desc`, `created`) VALUES(393, 1, 1, 'd43gn66fqcv3jafs7o9fah72q3', 'C', 'EduRegistrationQuarterResult', '', 'id|99;edu_registration_quarter_id|17;edu_course_id|3;course_result|0.00;course_rank|0;result_indicator|N;created|2016-03-04 15:35:48;modified|2016-03-04 15:35:48;', 99, '', '2016-03-04 15:35:48');
INSERT INTO audit_trails (`id`, `is_successful`, `user_id`, `session_name`, `action_made`, `table_name`, `old_value`, `new_value`, `record_id`, `audit_desc`, `created`) VALUES(394, 1, 1, 'd43gn66fqcv3jafs7o9fah72q3', 'C', 'EduRegistrationQuarterResult', '', 'id|100;edu_registration_quarter_id|17;edu_course_id|4;course_result|0.00;course_rank|0;result_indicator|N;created|2016-03-04 15:35:48;modified|2016-03-04 15:35:48;', 100, '', '2016-03-04 15:35:48');
INSERT INTO audit_trails (`id`, `is_successful`, `user_id`, `session_name`, `action_made`, `table_name`, `old_value`, `new_value`, `record_id`, `audit_desc`, `created`) VALUES(395, 1, 1, 'd43gn66fqcv3jafs7o9fah72q3', 'C', 'EduRegistrationQuarterResult', '', 'id|101;edu_registration_quarter_id|17;edu_course_id|5;course_result|0.00;course_rank|0;result_indicator|N;created|2016-03-04 15:35:48;modified|2016-03-04 15:35:48;', 101, '', '2016-03-04 15:35:48');
INSERT INTO audit_trails (`id`, `is_successful`, `user_id`, `session_name`, `action_made`, `table_name`, `old_value`, `new_value`, `record_id`, `audit_desc`, `created`) VALUES(396, 1, 1, 'd43gn66fqcv3jafs7o9fah72q3', 'C', 'EduRegistrationQuarterResult', '', 'id|102;edu_registration_quarter_id|17;edu_course_id|6;course_result|0.00;course_rank|0;result_indicator|N;created|2016-03-04 15:35:48;modified|2016-03-04 15:35:48;', 102, '', '2016-03-04 15:35:48');
INSERT INTO audit_trails (`id`, `is_successful`, `user_id`, `session_name`, `action_made`, `table_name`, `old_value`, `new_value`, `record_id`, `audit_desc`, `created`) VALUES(397, 1, 1, 'd43gn66fqcv3jafs7o9fah72q3', 'C', 'EduRegistrationQuarter', '', 'id|18;edu_registration_id|8;edu_quarter_id|3;quarter_average|0.00;quarter_rank|0;class_rank|0;created|2016-03-04 15:35:48;modified|2016-03-04 15:35:48;', 18, '', '2016-03-04 15:35:48');
INSERT INTO audit_trails (`id`, `is_successful`, `user_id`, `session_name`, `action_made`, `table_name`, `old_value`, `new_value`, `record_id`, `audit_desc`, `created`) VALUES(398, 1, 1, 'd43gn66fqcv3jafs7o9fah72q3', 'C', 'EduRegistrationQuarterResult', '', 'id|103;edu_registration_quarter_id|18;edu_course_id|1;course_result|0.00;course_rank|0;result_indicator|N;created|2016-03-04 15:35:48;modified|2016-03-04 15:35:48;', 103, '', '2016-03-04 15:35:48');
INSERT INTO audit_trails (`id`, `is_successful`, `user_id`, `session_name`, `action_made`, `table_name`, `old_value`, `new_value`, `record_id`, `audit_desc`, `created`) VALUES(399, 1, 1, 'd43gn66fqcv3jafs7o9fah72q3', 'C', 'EduRegistrationQuarterResult', '', 'id|104;edu_registration_quarter_id|18;edu_course_id|2;course_result|0.00;course_rank|0;result_indicator|N;created|2016-03-04 15:35:48;modified|2016-03-04 15:35:48;', 104, '', '2016-03-04 15:35:48');
INSERT INTO audit_trails (`id`, `is_successful`, `user_id`, `session_name`, `action_made`, `table_name`, `old_value`, `new_value`, `record_id`, `audit_desc`, `created`) VALUES(400, 1, 1, 'd43gn66fqcv3jafs7o9fah72q3', 'C', 'EduRegistrationQuarterResult', '', 'id|105;edu_registration_quarter_id|18;edu_course_id|3;course_result|0.00;course_rank|0;result_indicator|N;created|2016-03-04 15:35:48;modified|2016-03-04 15:35:48;', 105, '', '2016-03-04 15:35:48');
INSERT INTO audit_trails (`id`, `is_successful`, `user_id`, `session_name`, `action_made`, `table_name`, `old_value`, `new_value`, `record_id`, `audit_desc`, `created`) VALUES(401, 1, 1, 'd43gn66fqcv3jafs7o9fah72q3', 'C', 'EduRegistrationQuarterResult', '', 'id|106;edu_registration_quarter_id|18;edu_course_id|4;course_result|0.00;course_rank|0;result_indicator|N;created|2016-03-04 15:35:48;modified|2016-03-04 15:35:48;', 106, '', '2016-03-04 15:35:48');
INSERT INTO audit_trails (`id`, `is_successful`, `user_id`, `session_name`, `action_made`, `table_name`, `old_value`, `new_value`, `record_id`, `audit_desc`, `created`) VALUES(402, 1, 1, 'd43gn66fqcv3jafs7o9fah72q3', 'C', 'EduRegistrationQuarterResult', '', 'id|107;edu_registration_quarter_id|18;edu_course_id|5;course_result|0.00;course_rank|0;result_indicator|N;created|2016-03-04 15:35:48;modified|2016-03-04 15:35:48;', 107, '', '2016-03-04 15:35:48');
INSERT INTO audit_trails (`id`, `is_successful`, `user_id`, `session_name`, `action_made`, `table_name`, `old_value`, `new_value`, `record_id`, `audit_desc`, `created`) VALUES(403, 1, 1, 'd43gn66fqcv3jafs7o9fah72q3', 'C', 'EduRegistrationQuarterResult', '', 'id|108;edu_registration_quarter_id|18;edu_course_id|6;course_result|0.00;course_rank|0;result_indicator|N;created|2016-03-04 15:35:48;modified|2016-03-04 15:35:48;', 108, '', '2016-03-04 15:35:48');
INSERT INTO audit_trails (`id`, `is_successful`, `user_id`, `session_name`, `action_made`, `table_name`, `old_value`, `new_value`, `record_id`, `audit_desc`, `created`) VALUES(404, 1, 1, 'd43gn66fqcv3jafs7o9fah72q3', 'C', 'EduRegistrationQuarter', '', 'id|19;edu_registration_id|8;edu_quarter_id|4;quarter_average|0.00;quarter_rank|0;class_rank|0;created|2016-03-04 15:35:48;modified|2016-03-04 15:35:48;', 19, '', '2016-03-04 15:35:48');
INSERT INTO audit_trails (`id`, `is_successful`, `user_id`, `session_name`, `action_made`, `table_name`, `old_value`, `new_value`, `record_id`, `audit_desc`, `created`) VALUES(405, 1, 1, 'd43gn66fqcv3jafs7o9fah72q3', 'C', 'EduRegistrationQuarterResult', '', 'id|109;edu_registration_quarter_id|19;edu_course_id|1;course_result|0.00;course_rank|0;result_indicator|N;created|2016-03-04 15:35:48;modified|2016-03-04 15:35:48;', 109, '', '2016-03-04 15:35:48');
INSERT INTO audit_trails (`id`, `is_successful`, `user_id`, `session_name`, `action_made`, `table_name`, `old_value`, `new_value`, `record_id`, `audit_desc`, `created`) VALUES(406, 1, 1, 'd43gn66fqcv3jafs7o9fah72q3', 'C', 'EduRegistrationQuarterResult', '', 'id|110;edu_registration_quarter_id|19;edu_course_id|2;course_result|0.00;course_rank|0;result_indicator|N;created|2016-03-04 15:35:48;modified|2016-03-04 15:35:48;', 110, '', '2016-03-04 15:35:48');
INSERT INTO audit_trails (`id`, `is_successful`, `user_id`, `session_name`, `action_made`, `table_name`, `old_value`, `new_value`, `record_id`, `audit_desc`, `created`) VALUES(407, 1, 1, 'd43gn66fqcv3jafs7o9fah72q3', 'C', 'EduRegistrationQuarterResult', '', 'id|111;edu_registration_quarter_id|19;edu_course_id|3;course_result|0.00;course_rank|0;result_indicator|N;created|2016-03-04 15:35:48;modified|2016-03-04 15:35:48;', 111, '', '2016-03-04 15:35:48');
INSERT INTO audit_trails (`id`, `is_successful`, `user_id`, `session_name`, `action_made`, `table_name`, `old_value`, `new_value`, `record_id`, `audit_desc`, `created`) VALUES(408, 1, 1, 'd43gn66fqcv3jafs7o9fah72q3', 'C', 'EduRegistrationQuarterResult', '', 'id|112;edu_registration_quarter_id|19;edu_course_id|4;course_result|0.00;course_rank|0;result_indicator|N;created|2016-03-04 15:35:48;modified|2016-03-04 15:35:48;', 112, '', '2016-03-04 15:35:48');
INSERT INTO audit_trails (`id`, `is_successful`, `user_id`, `session_name`, `action_made`, `table_name`, `old_value`, `new_value`, `record_id`, `audit_desc`, `created`) VALUES(409, 1, 1, 'd43gn66fqcv3jafs7o9fah72q3', 'C', 'EduRegistrationQuarterResult', '', 'id|113;edu_registration_quarter_id|19;edu_course_id|5;course_result|0.00;course_rank|0;result_indicator|N;created|2016-03-04 15:35:48;modified|2016-03-04 15:35:48;', 113, '', '2016-03-04 15:35:48');
INSERT INTO audit_trails (`id`, `is_successful`, `user_id`, `session_name`, `action_made`, `table_name`, `old_value`, `new_value`, `record_id`, `audit_desc`, `created`) VALUES(410, 1, 1, 'd43gn66fqcv3jafs7o9fah72q3', 'C', 'EduRegistrationQuarterResult', '', 'id|114;edu_registration_quarter_id|19;edu_course_id|6;course_result|0.00;course_rank|0;result_indicator|N;created|2016-03-04 15:35:48;modified|2016-03-04 15:35:48;', 114, '', '2016-03-04 15:35:48');
INSERT INTO audit_trails (`id`, `is_successful`, `user_id`, `session_name`, `action_made`, `table_name`, `old_value`, `new_value`, `record_id`, `audit_desc`, `created`) VALUES(411, 1, 1, 'd43gn66fqcv3jafs7o9fah72q3', 'C', 'EduStudentCondition', '', 'id|8;edu_student_id|8;learning_condition|Normal;health_condition|Normal;treatment_type|;health_care_institute|;physician|;alergy|Nothing;physical_condition|Normal;created|2016-03-04 15:35:48;modified|2016-03-04 15:35:48;', 8, '', '2016-03-04 15:35:48');
INSERT INTO audit_trails (`id`, `is_successful`, `user_id`, `session_name`, `action_made`, `table_name`, `old_value`, `new_value`, `record_id`, `audit_desc`, `created`) VALUES(412, 1, 1, 'd43gn66fqcv3jafs7o9fah72q3', 'C', 'EduRequiredDocument', '', 'id|15;name|vaccination;edu_registration_id|8;presented|1;', 15, '', '2016-03-04 15:35:48');
INSERT INTO audit_trails (`id`, `is_successful`, `user_id`, `session_name`, `action_made`, `table_name`, `old_value`, `new_value`, `record_id`, `audit_desc`, `created`) VALUES(413, 1, 1, 'd43gn66fqcv3jafs7o9fah72q3', 'C', 'EduRequiredDocument', '', 'id|16;name|birth_certificate;edu_registration_id|8;presented|1;', 16, '', '2016-03-04 15:35:48');
INSERT INTO audit_trails (`id`, `is_successful`, `user_id`, `session_name`, `action_made`, `table_name`, `old_value`, `new_value`, `record_id`, `audit_desc`, `created`) VALUES(414, 1, 1, 'd43gn66fqcv3jafs7o9fah72q3', 'C', 'AcctTransaction', '', 'id|8;name|1457105748;description|Enrollment Fee of student REZENE HAGOS DEGU;cheque_number|NA;invoice_number|AUTO-1457105747;transaction_date|2016-03-04;acct_fiscal_year_id|1;user_id|1;created|2016-03-04 15:35:48;modified|2016-03-04 15:35:48;', 8, '', '2016-03-04 15:35:48');
INSERT INTO audit_trails (`id`, `is_successful`, `user_id`, `session_name`, `action_made`, `table_name`, `old_value`, `new_value`, `record_id`, `audit_desc`, `created`) VALUES(415, 1, 1, 'd43gn66fqcv3jafs7o9fah72q3', 'C', 'AcctJournal', '', 'id|15;acct_transaction_id|8;acct_account_id|3;dr|500.00;cr|0.00;bbf|3000.00;created|2016-03-04 15:35:48;modified|2016-03-04 15:35:48;', 15, '', '2016-03-04 15:35:48');
INSERT INTO audit_trails (`id`, `is_successful`, `user_id`, `session_name`, `action_made`, `table_name`, `old_value`, `new_value`, `record_id`, `audit_desc`, `created`) VALUES(416, 1, 1, 'd43gn66fqcv3jafs7o9fah72q3', 'C', 'AcctJournal', '', 'id|16;acct_transaction_id|8;acct_account_id|10;dr|0.00;cr|500.00;bbf|3000.00;created|2016-03-04 15:35:48;modified|2016-03-04 15:35:48;', 16, '', '2016-03-04 15:35:48');
INSERT INTO audit_trails (`id`, `is_successful`, `user_id`, `session_name`, `action_made`, `table_name`, `old_value`, `new_value`, `record_id`, `audit_desc`, `created`) VALUES(417, 1, 1, 'd43gn66fqcv3jafs7o9fah72q3', 'C', 'EduPayment', '', 'id|8;edu_payment_schedule_id|-1;edu_student_id|8;is_paid|1;date_paid|2016-03-04;paid_amount|500.00;cheque_number|NA;cheque_amount|0.00;invoice|AUTO-1457105747;transaction_ref|1457105748;created|2016-03-04 15:35:48;modified|2016-03-04 15:35:48;', 8, '', '2016-03-04 15:35:48');
INSERT INTO audit_trails (`id`, `is_successful`, `user_id`, `session_name`, `action_made`, `table_name`, `old_value`, `new_value`, `record_id`, `audit_desc`, `created`) VALUES(418, 1, 1, 'd43gn66fqcv3jafs7o9fah72q3', 'C', 'EduReceipt', '', 'id|7;name|;reference_number|7;invoice_date|2016-03-04;crm_number|AUTO-1457105747;parent_name|HAGOS DEGU SHALLOM;parent_address|AA<br>0911234567;edu_student_id|8;student_name|REZENE HAGOS DEGU;student_number|CHA/16/0007;student_class|Nursery;student_section|Not Set;student_academic_year|AY-2008;total_before_tax|500.00;total_after_tax|500.00;VAT|0.00;TOT|0.00;created|2016-03-04 15:35:48;modified|2016-03-04 15:35:48;', 7, '', '2016-03-04 15:35:48');
INSERT INTO audit_trails (`id`, `is_successful`, `user_id`, `session_name`, `action_made`, `table_name`, `old_value`, `new_value`, `record_id`, `audit_desc`, `created`) VALUES(419, 1, 1, 'd43gn66fqcv3jafs7o9fah72q3', 'C', 'EduReceiptItem', '', 'id|7;name|Enrollment Payment;amount|500.00;edu_receipt_id|7;', 7, '', '2016-03-04 15:35:48');
INSERT INTO audit_trails (`id`, `is_successful`, `user_id`, `session_name`, `action_made`, `table_name`, `old_value`, `new_value`, `record_id`, `audit_desc`, `created`) VALUES(420, 1, 1, 'd43gn66fqcv3jafs7o9fah72q3', 'C', 'Task', '', 'id|66;name|Parents or Guardians;parent_id|11;controller|edu/edu_parents;action|index_v;iconcls|icon-activity;function_name|;lft|57;rght|58;list_order|3;built_in|1;created|2016-03-04 16:14:43;modified|2016-03-04 16:14:43;', 66, '', '2016-03-04 16:14:43');
INSERT INTO audit_trails (`id`, `is_successful`, `user_id`, `session_name`, `action_made`, `table_name`, `old_value`, `new_value`, `record_id`, `audit_desc`, `created`) VALUES(427, 1, 1, 'krvocfkupr1qntrq6q42tul7s2', 'C', 'Person', '', 'id|25;first_name|ayalenesh;middle_name|ewenetu;last_name|[Last Name];birthdate|2100-01-01;birth_location|;residence_location|;kebele_or_farmers_association|Not Specified;house_number|;', 25, '', '2016-03-05 14:27:27');
INSERT INTO audit_trails (`id`, `is_successful`, `user_id`, `session_name`, `action_made`, `table_name`, `old_value`, `new_value`, `record_id`, `audit_desc`, `created`) VALUES(428, 1, 1, 'krvocfkupr1qntrq6q42tul7s2', 'C', 'User', '', 'id|25;username|ayalenesh.ewenetu_1457188047;password|bd5cc31f5c3f0fa9b23c280ffdb2812b12c911f2;email|no_p_1457188047@chaeduc.com;is_active|1;security_question|not specified;security_answer|not specified;person_id|25;edu_campus_id|1;created|2016-03-05 14:27:27;modified|2016-03-05 14:27:27;', 25, '', '2016-03-05 14:27:27');
INSERT INTO audit_trails (`id`, `is_successful`, `user_id`, `session_name`, `action_made`, `table_name`, `old_value`, `new_value`, `record_id`, `audit_desc`, `created`) VALUES(429, 1, 1, 'krvocfkupr1qntrq6q42tul7s2', 'C', 'GroupsUser', '', 'id|25;user_id|25;group_id|6;', 25, '', '2016-03-05 14:27:27');
INSERT INTO audit_trails (`id`, `is_successful`, `user_id`, `session_name`, `action_made`, `table_name`, `old_value`, `new_value`, `record_id`, `audit_desc`, `created`) VALUES(430, 1, 1, 'krvocfkupr1qntrq6q42tul7s2', 'C', 'EduParent', '', 'id|16;authorized_person|delalaw;marital_status|M;primary_parent|M;user_id|25;created|2016-03-05 14:27:27;modified|2016-03-05 14:27:27;', 16, '', '2016-03-05 14:27:27');
INSERT INTO audit_trails (`id`, `is_successful`, `user_id`, `session_name`, `action_made`, `table_name`, `old_value`, `new_value`, `record_id`, `audit_desc`, `created`) VALUES(431, 1, 1, 'krvocfkupr1qntrq6q42tul7s2', 'C', 'EduParentDetail', '', 'id|31;first_name|ayalenesh;middle_name|ewenetu;last_name|[Last Name];residence_address|AA;nationality|Ethiopian;relationship|mother;occupation|house wife;academic_qualification|NA;employment_status|NA;employer|;work_address|[Work Address];work_telephone|[Work Telephone];mobile|0911230000;email|[Email];photo_file|1457188047M.jpg;family_type|M;edu_parent_id|16;created|2016-03-05 14:27:27;modified|2016-03-05 14:27:27;', 31, '', '2016-03-05 14:27:27');
INSERT INTO audit_trails (`id`, `is_successful`, `user_id`, `session_name`, `action_made`, `table_name`, `old_value`, `new_value`, `record_id`, `audit_desc`, `created`) VALUES(432, 1, 1, 'krvocfkupr1qntrq6q42tul7s2', 'C', 'EduParentDetail', '', 'id|32;first_name|delalaw;middle_name|temechew;last_name|[Last Name];residence_address|AA;nationality|Ethiopian;relationship|father;occupation|delala;academic_qualification|NA;employment_status|E;employer|self;work_address|[Work Address];work_telephone|[Work Telephone];mobile|0946822009;email|[Email];photo_file|1457188047F.jpg;family_type|F;edu_parent_id|16;created|2016-03-05 14:27:27;modified|2016-03-05 14:27:27;', 32, '', '2016-03-05 14:27:27');
INSERT INTO audit_trails (`id`, `is_successful`, `user_id`, `session_name`, `action_made`, `table_name`, `old_value`, `new_value`, `record_id`, `audit_desc`, `created`) VALUES(433, 1, 1, 'krvocfkupr1qntrq6q42tul7s2', 'C', 'EduSubscription', '', 'id|1;name|Attendance;edu_parent_id|16;sms|1;email|1;portal|1;created|2016-03-05 14:27:27;modified|2016-03-05 14:27:27;', 1, '', '2016-03-05 14:27:27');
INSERT INTO audit_trails (`id`, `is_successful`, `user_id`, `session_name`, `action_made`, `table_name`, `old_value`, `new_value`, `record_id`, `audit_desc`, `created`) VALUES(434, 1, 1, 'krvocfkupr1qntrq6q42tul7s2', 'C', 'EduSubscription', '', 'id|2;name|Student Result;edu_parent_id|16;sms|0;email|1;portal|1;created|2016-03-05 14:27:27;modified|2016-03-05 14:27:27;', 2, '', '2016-03-05 14:27:27');
INSERT INTO audit_trails (`id`, `is_successful`, `user_id`, `session_name`, `action_made`, `table_name`, `old_value`, `new_value`, `record_id`, `audit_desc`, `created`) VALUES(435, 1, 1, 'krvocfkupr1qntrq6q42tul7s2', 'C', 'EduSubscription', '', 'id|3;name|Payments;edu_parent_id|16;sms|1;email|0;portal|1;created|2016-03-05 14:27:27;modified|2016-03-05 14:27:27;', 3, '', '2016-03-05 14:27:27');
INSERT INTO audit_trails (`id`, `is_successful`, `user_id`, `session_name`, `action_made`, `table_name`, `old_value`, `new_value`, `record_id`, `audit_desc`, `created`) VALUES(436, 1, 1, 'krvocfkupr1qntrq6q42tul7s2', 'C', 'EduSubscription', '', 'id|4;name|Announcements;edu_parent_id|16;sms|1;email|1;portal|0;created|2016-03-05 14:27:27;modified|2016-03-05 14:27:27;', 4, '', '2016-03-05 14:27:27');
INSERT INTO audit_trails (`id`, `is_successful`, `user_id`, `session_name`, `action_made`, `table_name`, `old_value`, `new_value`, `record_id`, `audit_desc`, `created`) VALUES(437, 1, 1, 'krvocfkupr1qntrq6q42tul7s2', 'C', 'Person', '', 'id|26;first_name|AYALEW DELALAW TEMECHEW;middle_name|AYALEW DELALAW TEMECHEW;last_name|AYALEW DELALAW TEMECHEW;birthdate|2013-03-05;birth_location|;residence_location|;kebele_or_farmers_association|Not Specified;house_number|;', 26, '', '2016-03-05 14:27:27');
INSERT INTO audit_trails (`id`, `is_successful`, `user_id`, `session_name`, `action_made`, `table_name`, `old_value`, `new_value`, `record_id`, `audit_desc`, `created`) VALUES(438, 1, 1, 'krvocfkupr1qntrq6q42tul7s2', 'C', 'User', '', 'id|26;username|ayalew.delalaw.temechew_1457188047;password|f71e393d07e92421b482812547d0cb9cd80e183c;email|no_s_1457188047@chaeduc.com;is_active|1;security_question|not specified;security_answer|not specified;person_id|26;edu_campus_id|1;created|2016-03-05 14:27:27;modified|2016-03-05 14:27:27;', 26, '', '2016-03-05 14:27:27');
INSERT INTO audit_trails (`id`, `is_successful`, `user_id`, `session_name`, `action_made`, `table_name`, `old_value`, `new_value`, `record_id`, `audit_desc`, `created`) VALUES(439, 1, 1, 'krvocfkupr1qntrq6q42tul7s2', 'C', 'GroupsUser', '', 'id|26;user_id|26;group_id|7;', 26, '', '2016-03-05 14:27:27');
INSERT INTO audit_trails (`id`, `is_successful`, `user_id`, `session_name`, `action_made`, `table_name`, `old_value`, `new_value`, `record_id`, `audit_desc`, `created`) VALUES(440, 1, 1, 'krvocfkupr1qntrq6q42tul7s2', 'C', 'EduStudent', '', 'id|9;name|AYALEW DELALAW TEMECHEW;identity_number|CHA/16/0008;birth_date|2013-03-05;registration_date|2016-03-05;gender|M;nationality|Ethiopian;edu_parent_id|16;user_id|26;photo_file_name|1457188047.jpg;maker_id|1;status|1;created|2016-03-05 14:27:27;modified|2016-03-05 14:27:27;', 9, '', '2016-03-05 14:27:27');
INSERT INTO audit_trails (`id`, `is_successful`, `user_id`, `session_name`, `action_made`, `table_name`, `old_value`, `new_value`, `record_id`, `audit_desc`, `created`) VALUES(441, 1, 1, 'krvocfkupr1qntrq6q42tul7s2', 'C', 'EduRegistration', '', 'id|9;name|AYALEW DELALAW TEMECHEW;edu_student_id|9;edu_class_id|1;edu_section_id|0;edu_campus_id|1;grand_total_average|0.00;rank|0;status|A;failure_count|0;allowed|A;created|2016-03-05 14:27:27;modified|2016-03-05 14:27:27;', 9, '', '2016-03-05 14:27:27');
INSERT INTO audit_trails (`id`, `is_successful`, `user_id`, `session_name`, `action_made`, `table_name`, `old_value`, `new_value`, `record_id`, `audit_desc`, `created`) VALUES(442, 1, 1, 'krvocfkupr1qntrq6q42tul7s2', 'C', 'EduRegistrationQuarter', '', 'id|20;edu_registration_id|9;edu_quarter_id|1;quarter_average|0.00;quarter_rank|0;class_rank|0;created|2016-03-05 14:27:28;modified|2016-03-05 14:27:28;', 20, '', '2016-03-05 14:27:28');
INSERT INTO audit_trails (`id`, `is_successful`, `user_id`, `session_name`, `action_made`, `table_name`, `old_value`, `new_value`, `record_id`, `audit_desc`, `created`) VALUES(443, 1, 1, 'krvocfkupr1qntrq6q42tul7s2', 'C', 'EduRegistrationQuarterResult', '', 'id|115;edu_registration_quarter_id|20;edu_course_id|1;course_result|0.00;course_rank|0;result_indicator|N;created|2016-03-05 14:27:28;modified|2016-03-05 14:27:28;', 115, '', '2016-03-05 14:27:28');
INSERT INTO audit_trails (`id`, `is_successful`, `user_id`, `session_name`, `action_made`, `table_name`, `old_value`, `new_value`, `record_id`, `audit_desc`, `created`) VALUES(444, 1, 1, 'krvocfkupr1qntrq6q42tul7s2', 'C', 'EduRegistrationQuarterResult', '', 'id|116;edu_registration_quarter_id|20;edu_course_id|2;course_result|0.00;course_rank|0;result_indicator|N;created|2016-03-05 14:27:28;modified|2016-03-05 14:27:28;', 116, '', '2016-03-05 14:27:28');
INSERT INTO audit_trails (`id`, `is_successful`, `user_id`, `session_name`, `action_made`, `table_name`, `old_value`, `new_value`, `record_id`, `audit_desc`, `created`) VALUES(445, 1, 1, 'krvocfkupr1qntrq6q42tul7s2', 'C', 'EduRegistrationQuarterResult', '', 'id|117;edu_registration_quarter_id|20;edu_course_id|3;course_result|0.00;course_rank|0;result_indicator|N;created|2016-03-05 14:27:28;modified|2016-03-05 14:27:28;', 117, '', '2016-03-05 14:27:28');
INSERT INTO audit_trails (`id`, `is_successful`, `user_id`, `session_name`, `action_made`, `table_name`, `old_value`, `new_value`, `record_id`, `audit_desc`, `created`) VALUES(446, 1, 1, 'krvocfkupr1qntrq6q42tul7s2', 'C', 'EduRegistrationQuarterResult', '', 'id|118;edu_registration_quarter_id|20;edu_course_id|4;course_result|0.00;course_rank|0;result_indicator|N;created|2016-03-05 14:27:28;modified|2016-03-05 14:27:28;', 118, '', '2016-03-05 14:27:28');
INSERT INTO audit_trails (`id`, `is_successful`, `user_id`, `session_name`, `action_made`, `table_name`, `old_value`, `new_value`, `record_id`, `audit_desc`, `created`) VALUES(447, 1, 1, 'krvocfkupr1qntrq6q42tul7s2', 'C', 'EduRegistrationQuarterResult', '', 'id|119;edu_registration_quarter_id|20;edu_course_id|5;course_result|0.00;course_rank|0;result_indicator|N;created|2016-03-05 14:27:28;modified|2016-03-05 14:27:28;', 119, '', '2016-03-05 14:27:28');
INSERT INTO audit_trails (`id`, `is_successful`, `user_id`, `session_name`, `action_made`, `table_name`, `old_value`, `new_value`, `record_id`, `audit_desc`, `created`) VALUES(448, 1, 1, 'krvocfkupr1qntrq6q42tul7s2', 'C', 'EduRegistrationQuarterResult', '', 'id|120;edu_registration_quarter_id|20;edu_course_id|6;course_result|0.00;course_rank|0;result_indicator|N;created|2016-03-05 14:27:28;modified|2016-03-05 14:27:28;', 120, '', '2016-03-05 14:27:28');
INSERT INTO audit_trails (`id`, `is_successful`, `user_id`, `session_name`, `action_made`, `table_name`, `old_value`, `new_value`, `record_id`, `audit_desc`, `created`) VALUES(449, 1, 1, 'krvocfkupr1qntrq6q42tul7s2', 'C', 'EduRegistrationQuarter', '', 'id|21;edu_registration_id|9;edu_quarter_id|2;quarter_average|0.00;quarter_rank|0;class_rank|0;created|2016-03-05 14:27:28;modified|2016-03-05 14:27:28;', 21, '', '2016-03-05 14:27:28');
INSERT INTO audit_trails (`id`, `is_successful`, `user_id`, `session_name`, `action_made`, `table_name`, `old_value`, `new_value`, `record_id`, `audit_desc`, `created`) VALUES(450, 1, 1, 'krvocfkupr1qntrq6q42tul7s2', 'C', 'EduRegistrationQuarterResult', '', 'id|121;edu_registration_quarter_id|21;edu_course_id|1;course_result|0.00;course_rank|0;result_indicator|N;created|2016-03-05 14:27:28;modified|2016-03-05 14:27:28;', 121, '', '2016-03-05 14:27:28');
INSERT INTO audit_trails (`id`, `is_successful`, `user_id`, `session_name`, `action_made`, `table_name`, `old_value`, `new_value`, `record_id`, `audit_desc`, `created`) VALUES(451, 1, 1, 'krvocfkupr1qntrq6q42tul7s2', 'C', 'EduRegistrationQuarterResult', '', 'id|122;edu_registration_quarter_id|21;edu_course_id|2;course_result|0.00;course_rank|0;result_indicator|N;created|2016-03-05 14:27:28;modified|2016-03-05 14:27:28;', 122, '', '2016-03-05 14:27:28');
INSERT INTO audit_trails (`id`, `is_successful`, `user_id`, `session_name`, `action_made`, `table_name`, `old_value`, `new_value`, `record_id`, `audit_desc`, `created`) VALUES(452, 1, 1, 'krvocfkupr1qntrq6q42tul7s2', 'C', 'EduRegistrationQuarterResult', '', 'id|123;edu_registration_quarter_id|21;edu_course_id|3;course_result|0.00;course_rank|0;result_indicator|N;created|2016-03-05 14:27:28;modified|2016-03-05 14:27:28;', 123, '', '2016-03-05 14:27:28');
INSERT INTO audit_trails (`id`, `is_successful`, `user_id`, `session_name`, `action_made`, `table_name`, `old_value`, `new_value`, `record_id`, `audit_desc`, `created`) VALUES(453, 1, 1, 'krvocfkupr1qntrq6q42tul7s2', 'C', 'EduRegistrationQuarterResult', '', 'id|124;edu_registration_quarter_id|21;edu_course_id|4;course_result|0.00;course_rank|0;result_indicator|N;created|2016-03-05 14:27:28;modified|2016-03-05 14:27:28;', 124, '', '2016-03-05 14:27:28');
INSERT INTO audit_trails (`id`, `is_successful`, `user_id`, `session_name`, `action_made`, `table_name`, `old_value`, `new_value`, `record_id`, `audit_desc`, `created`) VALUES(454, 1, 1, 'krvocfkupr1qntrq6q42tul7s2', 'C', 'EduRegistrationQuarterResult', '', 'id|125;edu_registration_quarter_id|21;edu_course_id|5;course_result|0.00;course_rank|0;result_indicator|N;created|2016-03-05 14:27:28;modified|2016-03-05 14:27:28;', 125, '', '2016-03-05 14:27:28');
INSERT INTO audit_trails (`id`, `is_successful`, `user_id`, `session_name`, `action_made`, `table_name`, `old_value`, `new_value`, `record_id`, `audit_desc`, `created`) VALUES(455, 1, 1, 'krvocfkupr1qntrq6q42tul7s2', 'C', 'EduRegistrationQuarterResult', '', 'id|126;edu_registration_quarter_id|21;edu_course_id|6;course_result|0.00;course_rank|0;result_indicator|N;created|2016-03-05 14:27:28;modified|2016-03-05 14:27:28;', 126, '', '2016-03-05 14:27:28');
INSERT INTO audit_trails (`id`, `is_successful`, `user_id`, `session_name`, `action_made`, `table_name`, `old_value`, `new_value`, `record_id`, `audit_desc`, `created`) VALUES(456, 1, 1, 'krvocfkupr1qntrq6q42tul7s2', 'C', 'EduRegistrationQuarter', '', 'id|22;edu_registration_id|9;edu_quarter_id|3;quarter_average|0.00;quarter_rank|0;class_rank|0;created|2016-03-05 14:27:28;modified|2016-03-05 14:27:28;', 22, '', '2016-03-05 14:27:28');
INSERT INTO audit_trails (`id`, `is_successful`, `user_id`, `session_name`, `action_made`, `table_name`, `old_value`, `new_value`, `record_id`, `audit_desc`, `created`) VALUES(457, 1, 1, 'krvocfkupr1qntrq6q42tul7s2', 'C', 'EduRegistrationQuarterResult', '', 'id|127;edu_registration_quarter_id|22;edu_course_id|1;course_result|0.00;course_rank|0;result_indicator|N;created|2016-03-05 14:27:28;modified|2016-03-05 14:27:28;', 127, '', '2016-03-05 14:27:28');
INSERT INTO audit_trails (`id`, `is_successful`, `user_id`, `session_name`, `action_made`, `table_name`, `old_value`, `new_value`, `record_id`, `audit_desc`, `created`) VALUES(458, 1, 1, 'krvocfkupr1qntrq6q42tul7s2', 'C', 'EduRegistrationQuarterResult', '', 'id|128;edu_registration_quarter_id|22;edu_course_id|2;course_result|0.00;course_rank|0;result_indicator|N;created|2016-03-05 14:27:28;modified|2016-03-05 14:27:28;', 128, '', '2016-03-05 14:27:28');
INSERT INTO audit_trails (`id`, `is_successful`, `user_id`, `session_name`, `action_made`, `table_name`, `old_value`, `new_value`, `record_id`, `audit_desc`, `created`) VALUES(459, 1, 1, 'krvocfkupr1qntrq6q42tul7s2', 'C', 'EduRegistrationQuarterResult', '', 'id|129;edu_registration_quarter_id|22;edu_course_id|3;course_result|0.00;course_rank|0;result_indicator|N;created|2016-03-05 14:27:28;modified|2016-03-05 14:27:28;', 129, '', '2016-03-05 14:27:28');
INSERT INTO audit_trails (`id`, `is_successful`, `user_id`, `session_name`, `action_made`, `table_name`, `old_value`, `new_value`, `record_id`, `audit_desc`, `created`) VALUES(460, 1, 1, 'krvocfkupr1qntrq6q42tul7s2', 'C', 'EduRegistrationQuarterResult', '', 'id|130;edu_registration_quarter_id|22;edu_course_id|4;course_result|0.00;course_rank|0;result_indicator|N;created|2016-03-05 14:27:28;modified|2016-03-05 14:27:28;', 130, '', '2016-03-05 14:27:28');
INSERT INTO audit_trails (`id`, `is_successful`, `user_id`, `session_name`, `action_made`, `table_name`, `old_value`, `new_value`, `record_id`, `audit_desc`, `created`) VALUES(461, 1, 1, 'krvocfkupr1qntrq6q42tul7s2', 'C', 'EduRegistrationQuarterResult', '', 'id|131;edu_registration_quarter_id|22;edu_course_id|5;course_result|0.00;course_rank|0;result_indicator|N;created|2016-03-05 14:27:28;modified|2016-03-05 14:27:28;', 131, '', '2016-03-05 14:27:28');
INSERT INTO audit_trails (`id`, `is_successful`, `user_id`, `session_name`, `action_made`, `table_name`, `old_value`, `new_value`, `record_id`, `audit_desc`, `created`) VALUES(462, 1, 1, 'krvocfkupr1qntrq6q42tul7s2', 'C', 'EduRegistrationQuarterResult', '', 'id|132;edu_registration_quarter_id|22;edu_course_id|6;course_result|0.00;course_rank|0;result_indicator|N;created|2016-03-05 14:27:28;modified|2016-03-05 14:27:28;', 132, '', '2016-03-05 14:27:28');
INSERT INTO audit_trails (`id`, `is_successful`, `user_id`, `session_name`, `action_made`, `table_name`, `old_value`, `new_value`, `record_id`, `audit_desc`, `created`) VALUES(463, 1, 1, 'krvocfkupr1qntrq6q42tul7s2', 'C', 'EduRegistrationQuarter', '', 'id|23;edu_registration_id|9;edu_quarter_id|4;quarter_average|0.00;quarter_rank|0;class_rank|0;created|2016-03-05 14:27:28;modified|2016-03-05 14:27:28;', 23, '', '2016-03-05 14:27:28');
INSERT INTO audit_trails (`id`, `is_successful`, `user_id`, `session_name`, `action_made`, `table_name`, `old_value`, `new_value`, `record_id`, `audit_desc`, `created`) VALUES(464, 1, 1, 'krvocfkupr1qntrq6q42tul7s2', 'C', 'EduRegistrationQuarterResult', '', 'id|133;edu_registration_quarter_id|23;edu_course_id|1;course_result|0.00;course_rank|0;result_indicator|N;created|2016-03-05 14:27:28;modified|2016-03-05 14:27:28;', 133, '', '2016-03-05 14:27:28');
INSERT INTO audit_trails (`id`, `is_successful`, `user_id`, `session_name`, `action_made`, `table_name`, `old_value`, `new_value`, `record_id`, `audit_desc`, `created`) VALUES(465, 1, 1, 'krvocfkupr1qntrq6q42tul7s2', 'C', 'EduRegistrationQuarterResult', '', 'id|134;edu_registration_quarter_id|23;edu_course_id|2;course_result|0.00;course_rank|0;result_indicator|N;created|2016-03-05 14:27:28;modified|2016-03-05 14:27:28;', 134, '', '2016-03-05 14:27:28');
INSERT INTO audit_trails (`id`, `is_successful`, `user_id`, `session_name`, `action_made`, `table_name`, `old_value`, `new_value`, `record_id`, `audit_desc`, `created`) VALUES(466, 1, 1, 'krvocfkupr1qntrq6q42tul7s2', 'C', 'EduRegistrationQuarterResult', '', 'id|135;edu_registration_quarter_id|23;edu_course_id|3;course_result|0.00;course_rank|0;result_indicator|N;created|2016-03-05 14:27:28;modified|2016-03-05 14:27:28;', 135, '', '2016-03-05 14:27:28');
INSERT INTO audit_trails (`id`, `is_successful`, `user_id`, `session_name`, `action_made`, `table_name`, `old_value`, `new_value`, `record_id`, `audit_desc`, `created`) VALUES(467, 1, 1, 'krvocfkupr1qntrq6q42tul7s2', 'C', 'EduRegistrationQuarterResult', '', 'id|136;edu_registration_quarter_id|23;edu_course_id|4;course_result|0.00;course_rank|0;result_indicator|N;created|2016-03-05 14:27:28;modified|2016-03-05 14:27:28;', 136, '', '2016-03-05 14:27:28');
INSERT INTO audit_trails (`id`, `is_successful`, `user_id`, `session_name`, `action_made`, `table_name`, `old_value`, `new_value`, `record_id`, `audit_desc`, `created`) VALUES(468, 1, 1, 'krvocfkupr1qntrq6q42tul7s2', 'C', 'EduRegistrationQuarterResult', '', 'id|137;edu_registration_quarter_id|23;edu_course_id|5;course_result|0.00;course_rank|0;result_indicator|N;created|2016-03-05 14:27:28;modified|2016-03-05 14:27:28;', 137, '', '2016-03-05 14:27:28');
INSERT INTO audit_trails (`id`, `is_successful`, `user_id`, `session_name`, `action_made`, `table_name`, `old_value`, `new_value`, `record_id`, `audit_desc`, `created`) VALUES(469, 1, 1, 'krvocfkupr1qntrq6q42tul7s2', 'C', 'EduRegistrationQuarterResult', '', 'id|138;edu_registration_quarter_id|23;edu_course_id|6;course_result|0.00;course_rank|0;result_indicator|N;created|2016-03-05 14:27:28;modified|2016-03-05 14:27:28;', 138, '', '2016-03-05 14:27:28');
INSERT INTO audit_trails (`id`, `is_successful`, `user_id`, `session_name`, `action_made`, `table_name`, `old_value`, `new_value`, `record_id`, `audit_desc`, `created`) VALUES(470, 1, 1, 'krvocfkupr1qntrq6q42tul7s2', 'C', 'EduStudentCondition', '', 'id|9;edu_student_id|9;learning_condition|Normal;health_condition|Not Normal;treatment_type|;health_care_institute|;physician|;alergy|SUN;physical_condition|hand;created|2016-03-05 14:27:28;modified|2016-03-05 14:27:28;', 9, '', '2016-03-05 14:27:28');
INSERT INTO audit_trails (`id`, `is_successful`, `user_id`, `session_name`, `action_made`, `table_name`, `old_value`, `new_value`, `record_id`, `audit_desc`, `created`) VALUES(471, 1, 1, 'krvocfkupr1qntrq6q42tul7s2', 'C', 'EduRequiredDocument', '', 'id|17;name|vaccination;edu_registration_id|9;presented|1;', 17, '', '2016-03-05 14:27:28');
INSERT INTO audit_trails (`id`, `is_successful`, `user_id`, `session_name`, `action_made`, `table_name`, `old_value`, `new_value`, `record_id`, `audit_desc`, `created`) VALUES(472, 1, 1, 'krvocfkupr1qntrq6q42tul7s2', 'C', 'EduRequiredDocument', '', 'id|18;name|birth_certificate;edu_registration_id|9;presented|1;', 18, '', '2016-03-05 14:27:28');
INSERT INTO audit_trails (`id`, `is_successful`, `user_id`, `session_name`, `action_made`, `table_name`, `old_value`, `new_value`, `record_id`, `audit_desc`, `created`) VALUES(473, 1, 1, 'krvocfkupr1qntrq6q42tul7s2', 'C', 'AcctTransaction', '', 'id|9;name|1457188048;description|Enrollment Fee of student AYALEW DELALAW TEMECHEW;cheque_number|NA;invoice_number|AUTO-1457188047;transaction_date|2016-03-05;acct_fiscal_year_id|1;user_id|1;created|2016-03-05 14:27:28;modified|2016-03-05 14:27:28;', 9, '', '2016-03-05 14:27:28');
INSERT INTO audit_trails (`id`, `is_successful`, `user_id`, `session_name`, `action_made`, `table_name`, `old_value`, `new_value`, `record_id`, `audit_desc`, `created`) VALUES(474, 1, 1, 'krvocfkupr1qntrq6q42tul7s2', 'C', 'AcctJournal', '', 'id|17;acct_transaction_id|9;acct_account_id|3;dr|500.00;cr|0.00;bbf|3500.00;created|2016-03-05 14:27:28;modified|2016-03-05 14:27:28;', 17, '', '2016-03-05 14:27:28');
INSERT INTO audit_trails (`id`, `is_successful`, `user_id`, `session_name`, `action_made`, `table_name`, `old_value`, `new_value`, `record_id`, `audit_desc`, `created`) VALUES(475, 1, 1, 'krvocfkupr1qntrq6q42tul7s2', 'C', 'AcctJournal', '', 'id|18;acct_transaction_id|9;acct_account_id|10;dr|0.00;cr|500.00;bbf|3500.00;created|2016-03-05 14:27:28;modified|2016-03-05 14:27:28;', 18, '', '2016-03-05 14:27:28');
INSERT INTO audit_trails (`id`, `is_successful`, `user_id`, `session_name`, `action_made`, `table_name`, `old_value`, `new_value`, `record_id`, `audit_desc`, `created`) VALUES(476, 1, 1, 'krvocfkupr1qntrq6q42tul7s2', 'C', 'EduPayment', '', 'id|9;edu_payment_schedule_id|-1;edu_student_id|9;is_paid|1;date_paid|2016-03-05;paid_amount|500.00;cheque_number|NA;cheque_amount|0.00;invoice|AUTO-1457188047;transaction_ref|1457188048;created|2016-03-05 14:27:28;modified|2016-03-05 14:27:28;', 9, '', '2016-03-05 14:27:28');
INSERT INTO audit_trails (`id`, `is_successful`, `user_id`, `session_name`, `action_made`, `table_name`, `old_value`, `new_value`, `record_id`, `audit_desc`, `created`) VALUES(477, 1, 1, 'krvocfkupr1qntrq6q42tul7s2', 'C', 'EduReceipt', '', 'id|8;name|;reference_number|8;invoice_date|2016-03-05;crm_number|AUTO-1457188047;parent_name|ayalenesh ewenetu [];parent_address|AA<br>0911230000;edu_student_id|9;student_name|AYALEW DELALAW TEMECHEW;student_number|CHA/16/0008;student_class|Nursery;student_section|Not Set;student_academic_year|AY-2008;total_before_tax|500.00;total_after_tax|500.00;VAT|0.00;TOT|0.00;created|2016-03-05 14:27:28;modified|2016-03-05 14:27:28;', 8, '', '2016-03-05 14:27:28');
INSERT INTO audit_trails (`id`, `is_successful`, `user_id`, `session_name`, `action_made`, `table_name`, `old_value`, `new_value`, `record_id`, `audit_desc`, `created`) VALUES(478, 1, 1, 'krvocfkupr1qntrq6q42tul7s2', 'C', 'EduReceiptItem', '', 'id|8;name|Enrollment Payment;amount|500.00;edu_receipt_id|8;', 8, '', '2016-03-05 14:27:28');
INSERT INTO audit_trails (`id`, `is_successful`, `user_id`, `session_name`, `action_made`, `table_name`, `old_value`, `new_value`, `record_id`, `audit_desc`, `created`) VALUES(479, 1, 1, 'krvocfkupr1qntrq6q42tul7s2', 'U', 'EduPaymentSchedule', 'id|1;month|1;edu_class_id|1;amount|450.00;edu_academic_year_id|1;due_date|2016-03-05;', 'id|1;month|1;edu_class_id|1;amount|450.00;edu_academic_year_id|1;due_date|2016-03-16;', 1, '', '2016-03-05 15:10:28');
INSERT INTO audit_trails (`id`, `is_successful`, `user_id`, `session_name`, `action_made`, `table_name`, `old_value`, `new_value`, `record_id`, `audit_desc`, `created`) VALUES(480, 1, 1, 'krvocfkupr1qntrq6q42tul7s2', 'C', 'Task', '', 'id|67;name|Restore Points;parent_id|18;controller|restore_points;action|index;iconcls|icon-activity;function_name|;lft|112;rght|113;list_order|1;built_in|1;created|2016-03-05 18:21:00;modified|2016-03-05 18:21:00;', 67, '', '2016-03-05 18:21:00');
INSERT INTO checksums (`id`, `name`, `rid`, `cvalue`, `modified`) VALUES(1, 'EduClass', 1, 'e29a73f47f96e28f8cc51f01ec7ba644', '2016-02-21 17:50:44');
INSERT INTO checksums (`id`, `name`, `rid`, `cvalue`, `modified`) VALUES(2, 'EduClass', 2, '0e3d18cbe9354254d884f1b8117c1c97', '2016-02-21 17:51:13');
INSERT INTO checksums (`id`, `name`, `rid`, `cvalue`, `modified`) VALUES(3, 'EduClass', 3, '30e87574c5f8c3c26b91d7d138d4314f', '2016-02-21 17:51:46');
INSERT INTO checksums (`id`, `name`, `rid`, `cvalue`, `modified`) VALUES(4, 'EduClass', 4, '1033bf5dcaddd3d7cb5e594c390dda1e', '2016-02-21 17:52:18');
INSERT INTO checksums (`id`, `name`, `rid`, `cvalue`, `modified`) VALUES(5, 'EduClass', 5, '6dd04611c03c5c5b3c35107a0784979d', '2016-02-21 17:52:39');
INSERT INTO checksums (`id`, `name`, `rid`, `cvalue`, `modified`) VALUES(6, 'EduClass', 6, '12b1a935875f6975b7864747cb9b50c4', '2016-02-21 17:53:01');
INSERT INTO checksums (`id`, `name`, `rid`, `cvalue`, `modified`) VALUES(7, 'EduClass', 7, 'e32231e7f502e0a9f5e74654638086f1', '2016-02-23 07:29:33');
INSERT INTO countries (`id`, `name`, `code`, `currency`, `nationality`, `language`) VALUES(1, 'Ethiopia', 'ETH', 'ETB', 'Ethiopian', 'Amharic');
INSERT INTO countries (`id`, `name`, `code`, `currency`, `nationality`, `language`) VALUES(2, 'Kenya', 'KEN', 'Shiling', 'Kenyan', 'Swahilli');
INSERT INTO countries (`id`, `name`, `code`, `currency`, `nationality`, `language`) VALUES(3, 'Djibouti', 'DJE', 'Dollar', 'Djiboutian', 'French');
INSERT INTO countries (`id`, `name`, `code`, `currency`, `nationality`, `language`) VALUES(4, 'Eritrea', 'ERT', 'Naqfa', 'Eritrean', 'Tigrigna');
INSERT INTO countries (`id`, `name`, `code`, `currency`, `nationality`, `language`) VALUES(5, 'South Sudan', 'SUD', 'Dollar', 'Sudanese', 'Arabic');
INSERT INTO edu_academic_years (`id`, `name`, `start_date`, `end_date`, `status_id`, `created`, `modified`) VALUES(1, 'AY-2008', '2015-09-14', '2016-07-07', 1, '2016-02-22 16:30:20', '2016-02-22 16:30:20');
INSERT INTO edu_assessment_types (`id`, `name`) VALUES(1, 'Home Work');
INSERT INTO edu_assessment_types (`id`, `name`) VALUES(2, 'Class Work');
INSERT INTO edu_assessment_types (`id`, `name`) VALUES(3, 'Team Work');
INSERT INTO edu_assessment_types (`id`, `name`) VALUES(4, 'Observation');
INSERT INTO edu_assessment_types (`id`, `name`) VALUES(5, 'Essays');
INSERT INTO edu_assessment_types (`id`, `name`) VALUES(6, 'Interviews');
INSERT INTO edu_assessment_types (`id`, `name`) VALUES(7, 'Journals');
INSERT INTO edu_assessment_types (`id`, `name`) VALUES(8, 'Teacher-created tests');
INSERT INTO edu_assessment_types (`id`, `name`) VALUES(9, 'Self- and peer-evaluation');
INSERT INTO edu_assessment_types (`id`, `name`) VALUES(10, 'Mid Exam');
INSERT INTO edu_assessment_types (`id`, `name`) VALUES(11, 'Final Exam');
INSERT INTO edu_calendar_event_types (`id`, `name`, `educational`, `applicable`) VALUES(1, 'Registration', 0, 'N');
INSERT INTO edu_calendar_event_types (`id`, `name`, `educational`, `applicable`) VALUES(2, 'Sectioning', 0, 'N');
INSERT INTO edu_calendar_event_types (`id`, `name`, `educational`, `applicable`) VALUES(3, 'Education', 1, 'E');
INSERT INTO edu_calendar_event_types (`id`, `name`, `educational`, `applicable`) VALUES(4, 'Exam', 0, 'E');
INSERT INTO edu_calendar_event_types (`id`, `name`, `educational`, `applicable`) VALUES(5, 'Enrollment', 0, 'N');
INSERT INTO edu_calendar_event_types (`id`, `name`, `educational`, `applicable`) VALUES(6, 'Scheduling', 0, 'N');
INSERT INTO edu_calendar_event_types (`id`, `name`, `educational`, `applicable`) VALUES(7, 'End of Quarter', 0, 'B');
INSERT INTO edu_campuses (`id`, `name`, `address`, `created`, `modified`) VALUES(1, 'Main Campus', 'The Main Campus', '2016-02-09 06:11:46', '2016-02-09 06:27:29');
INSERT INTO edu_class_levels (`id`, `name`, `remark`) VALUES(1, 'Pre-School', 'Pre-School is for the grades less than 1st grade.');
INSERT INTO edu_class_levels (`id`, `name`, `remark`) VALUES(2, 'First-Cycle', 'First-Cycle holds the classes from 1 to 4');
INSERT INTO edu_class_levels (`id`, `name`, `remark`) VALUES(3, 'Second-Cycle', 'Second-Cycle holds classes from 5 to 8');
INSERT INTO edu_class_levels (`id`, `name`, `remark`) VALUES(4, 'Third-Cycle', 'Third-Cycle include the 9th and 10th grades');
INSERT INTO edu_class_levels (`id`, `name`, `remark`) VALUES(5, 'Fourth-Cycle', 'Fourth-Cycle is for the preparatory classes');
INSERT INTO edu_classes (`id`, `name`, `cvalue`, `min_for_promotion`, `edu_class_level_id`, `uni_teacher`, `grading_type`, `enrollment_fee`, `registration_fee`, `created`, `modified`) VALUES(1, 'Nursery', -2, 50.00, 1, 1, 'N', 50.00, 450.00, '2016-02-21 17:50:44', '2016-02-23 07:26:24');
INSERT INTO edu_classes (`id`, `name`, `cvalue`, `min_for_promotion`, `edu_class_level_id`, `uni_teacher`, `grading_type`, `enrollment_fee`, `registration_fee`, `created`, `modified`) VALUES(2, 'Lower KG', -1, 50.00, 1, 1, 'N', 50.00, 450.00, '2016-02-21 17:51:13', '2016-02-21 17:51:13');
INSERT INTO edu_classes (`id`, `name`, `cvalue`, `min_for_promotion`, `edu_class_level_id`, `uni_teacher`, `grading_type`, `enrollment_fee`, `registration_fee`, `created`, `modified`) VALUES(3, 'Upper KG', 0, 50.00, 1, 1, 'N', 50.00, 450.00, '2016-02-21 17:51:46', '2016-02-21 17:51:46');
INSERT INTO edu_classes (`id`, `name`, `cvalue`, `min_for_promotion`, `edu_class_level_id`, `uni_teacher`, `grading_type`, `enrollment_fee`, `registration_fee`, `created`, `modified`) VALUES(4, '1st Grade', 1, 50.00, 2, 0, 'N', 50.00, 450.00, '2016-02-21 17:52:17', '2016-02-21 17:52:17');
INSERT INTO edu_classes (`id`, `name`, `cvalue`, `min_for_promotion`, `edu_class_level_id`, `uni_teacher`, `grading_type`, `enrollment_fee`, `registration_fee`, `created`, `modified`) VALUES(5, '2nd Grade', 2, 50.00, 2, 0, 'N', 50.00, 450.00, '2016-02-21 17:52:38', '2016-02-21 17:52:38');
INSERT INTO edu_classes (`id`, `name`, `cvalue`, `min_for_promotion`, `edu_class_level_id`, `uni_teacher`, `grading_type`, `enrollment_fee`, `registration_fee`, `created`, `modified`) VALUES(6, '3rd Grade', 3, 50.00, 2, 0, 'N', 50.00, 450.00, '2016-02-21 17:53:00', '2016-02-21 17:53:00');
INSERT INTO edu_classes (`id`, `name`, `cvalue`, `min_for_promotion`, `edu_class_level_id`, `uni_teacher`, `grading_type`, `enrollment_fee`, `registration_fee`, `created`, `modified`) VALUES(7, '4th Grade', 4, 50.00, 2, 0, 'N', 50.00, 450.00, '2016-02-23 07:29:33', '2016-02-23 07:34:12');
INSERT INTO edu_courses (`id`, `edu_class_id`, `edu_subject_id`, `description`, `min_for_pass`, `is_mandatory`, `created`, `modified`) VALUES(1, 1, 1, 'Amharic for Nursery', 50.00, 1, '2016-02-21 17:54:06', '2016-02-21 17:54:06');
INSERT INTO edu_courses (`id`, `edu_class_id`, `edu_subject_id`, `description`, `min_for_pass`, `is_mandatory`, `created`, `modified`) VALUES(2, 1, 2, 'English for Nursery', 50.00, 1, '2016-02-21 17:54:24', '2016-02-21 17:54:24');
INSERT INTO edu_courses (`id`, `edu_class_id`, `edu_subject_id`, `description`, `min_for_pass`, `is_mandatory`, `created`, `modified`) VALUES(3, 1, 3, 'Mathematics in English for Nursery', 50.00, 1, '2016-02-21 17:54:59', '2016-02-21 17:54:59');
INSERT INTO edu_courses (`id`, `edu_class_id`, `edu_subject_id`, `description`, `min_for_pass`, `is_mandatory`, `created`, `modified`) VALUES(4, 1, 4, 'Mathematics in Amharic for Nursery', 50.00, 1, '2016-02-21 17:55:15', '2016-02-21 17:55:15');
INSERT INTO edu_courses (`id`, `edu_class_id`, `edu_subject_id`, `description`, `min_for_pass`, `is_mandatory`, `created`, `modified`) VALUES(5, 1, 15, 'Art for Nursery', 50.00, 0, '2016-02-21 17:55:44', '2016-02-21 17:55:44');
INSERT INTO edu_courses (`id`, `edu_class_id`, `edu_subject_id`, `description`, `min_for_pass`, `is_mandatory`, `created`, `modified`) VALUES(6, 1, 16, 'Music for Nursery', 50.00, 0, '2016-02-21 17:57:05', '2016-02-21 17:57:05');
INSERT INTO edu_evaluation_areas (`id`, `name`, `edu_evaluation_category_id`, `created`, `modified`) VALUES(1, 'Attendance', 1, '2015-08-30 09:03:19', '2015-08-30 09:03:19');
INSERT INTO edu_evaluation_areas (`id`, `name`, `edu_evaluation_category_id`, `created`, `modified`) VALUES(2, 'Lateness', 1, '2015-08-30 09:03:29', '2015-08-30 09:03:29');
INSERT INTO edu_evaluation_areas (`id`, `name`, `edu_evaluation_category_id`, `created`, `modified`) VALUES(3, 'Completion', 1, '2015-08-30 09:03:40', '2015-08-30 09:03:40');
INSERT INTO edu_evaluation_areas (`id`, `name`, `edu_evaluation_category_id`, `created`, `modified`) VALUES(4, 'Book Usage', 2, '2015-08-30 09:04:08', '2015-08-30 09:04:08');
INSERT INTO edu_evaluation_areas (`id`, `name`, `edu_evaluation_category_id`, `created`, `modified`) VALUES(5, 'Personal Hygiene', 2, '2015-08-30 09:04:21', '2015-08-30 09:04:21');
INSERT INTO edu_evaluation_areas (`id`, `name`, `edu_evaluation_category_id`, `created`, `modified`) VALUES(6, 'School Supplies', 2, '2015-08-30 09:04:32', '2015-08-30 09:04:32');
INSERT INTO edu_evaluation_areas (`id`, `name`, `edu_evaluation_category_id`, `created`, `modified`) VALUES(7, 'Handwriting', 3, '2015-08-30 09:05:03', '2015-08-30 09:05:03');
INSERT INTO edu_evaluation_areas (`id`, `name`, `edu_evaluation_category_id`, `created`, `modified`) VALUES(8, 'English Use', 3, '2015-08-30 09:05:18', '2015-08-30 09:05:18');
INSERT INTO edu_evaluation_areas (`id`, `name`, `edu_evaluation_category_id`, `created`, `modified`) VALUES(9, 'Morning Devotion', 4, '2015-08-30 09:05:43', '2015-08-30 09:05:43');
INSERT INTO edu_evaluation_areas (`id`, `name`, `edu_evaluation_category_id`, `created`, `modified`) VALUES(10, 'Cooperation and Respect', 4, '2015-08-30 09:05:58', '2015-08-30 09:05:58');
INSERT INTO edu_evaluation_categories (`id`, `name`, `list_order`) VALUES(1, 'Punctuality', 1);
INSERT INTO edu_evaluation_categories (`id`, `name`, `list_order`) VALUES(2, 'Responsibility', 2);
INSERT INTO edu_evaluation_categories (`id`, `name`, `list_order`) VALUES(3, 'Effort', 3);
INSERT INTO edu_evaluation_categories (`id`, `name`, `list_order`) VALUES(4, 'Citizenship', 4);
INSERT INTO edu_evaluations (`id`, `edu_class_id`, `edu_evaluation_area_id`, `order_level`, `created`, `modified`) VALUES(1, 1, 1, 1, '2016-02-21 18:50:59', '2016-02-21 18:50:59');
INSERT INTO edu_guidelines (`id`, `name`, `description`) VALUES(1, 'R', 'At Risk');
INSERT INTO edu_guidelines (`id`, `name`, `description`) VALUES(2, 'NI', 'Needs Improvement');
INSERT INTO edu_guidelines (`id`, `name`, `description`) VALUES(3, 'G', 'Good');
INSERT INTO edu_guidelines (`id`, `name`, `description`) VALUES(4, 'VG', 'Very Good');
INSERT INTO edu_guidelines (`id`, `name`, `description`) VALUES(5, 'E', 'Excellent');
INSERT INTO edu_parent_details (`id`, `first_name`, `middle_name`, `last_name`, `residence_address`, `nationality`, `relationship`, `occupation`, `academic_qualification`, `employment_status`, `employer`, `work_address`, `work_telephone`, `mobile`, `email`, `photo_file`, `family_type`, `edu_parent_id`, `created`, `modified`) VALUES(3, 'Abebech', 'Abebech', 'Abebech', '', 'Ethiopian', 'mother', '', 'NA', 'NA', '', '[Work Address]', '[Work Telephone]', '[Mobile]', '[Email]', '1456160080F.gif', 'M', 2, '2016-02-26 08:51:59', '2016-02-26 08:51:59');
INSERT INTO edu_parent_details (`id`, `first_name`, `middle_name`, `last_name`, `residence_address`, `nationality`, `relationship`, `occupation`, `academic_qualification`, `employment_status`, `employer`, `work_address`, `work_telephone`, `mobile`, `email`, `photo_file`, `family_type`, `edu_parent_id`, `created`, `modified`) VALUES(5, 'AA', '$#67', 'ere', '', 'Ethiopian', 'mother', '', 'NA', 'NA', '', '[Work Address]', '[Work Telephone]', '[Mobile]', '[Email]', '1456160080M.gif', 'M', 3, '2016-02-26 09:02:07', '2016-02-26 09:02:07');
INSERT INTO edu_parent_details (`id`, `first_name`, `middle_name`, `last_name`, `residence_address`, `nationality`, `relationship`, `occupation`, `academic_qualification`, `employment_status`, `employer`, `work_address`, `work_telephone`, `mobile`, `email`, `photo_file`, `family_type`, `edu_parent_id`, `created`, `modified`) VALUES(19, 'AYNESHET', 'ABAY', 'LEMMA', 'AA', 'Ethiopian', 'mother', 'NURSE', 'Diploma', 'E', 'WOREDA 12 HEALTH CENTER', 'AA', 0112234343, 0912274650, 'ayneshet.abay@gmail.com', '1457097854M.png', 'M', 10, '2016-03-04 13:24:14', '2016-03-04 13:24:14');
INSERT INTO edu_parent_details (`id`, `first_name`, `middle_name`, `last_name`, `residence_address`, `nationality`, `relationship`, `occupation`, `academic_qualification`, `employment_status`, `employer`, `work_address`, `work_telephone`, `mobile`, `email`, `photo_file`, `family_type`, `edu_parent_id`, `created`, `modified`) VALUES(20, 'BEHAILU', 'SINTAYEHU', 'DADI', 'AA', 'Ethiopian', 'father', 'AA', 'BSc', 'Em', 'ABAY BANK', 'AA', 0116523434, 0930328163, 'ophthysoft@gmail.com', '1457097854F.png', 'F', 10, '2016-03-04 13:24:14', '2016-03-04 13:24:14');
INSERT INTO edu_parent_details (`id`, `first_name`, `middle_name`, `last_name`, `residence_address`, `nationality`, `relationship`, `occupation`, `academic_qualification`, `employment_status`, `employer`, `work_address`, `work_telephone`, `mobile`, `email`, `photo_file`, `family_type`, `edu_parent_id`, `created`, `modified`) VALUES(21, 'MARY', 'MARY', 'MARY', 'AA', 'Ethiopian', 'mother', 'Private', 'Diploma', 'E', 'Abyssinia Bank', 'AA', 011223322, 0911223344, 'mary@gmail.com', '1457099556M.png', 'M', 11, '2016-03-04 13:52:36', '2016-03-04 13:52:36');
INSERT INTO edu_parent_details (`id`, `first_name`, `middle_name`, `last_name`, `residence_address`, `nationality`, `relationship`, `occupation`, `academic_qualification`, `employment_status`, `employer`, `work_address`, `work_telephone`, `mobile`, `email`, `photo_file`, `family_type`, `edu_parent_id`, `created`, `modified`) VALUES(22, 'ANDUALEM', 'FANTU', 'MANDOYE', 'AA', 'Ethiopian', 'father', 'Private', 'BSc', 'Em', 'Abay Bank', 'AA', 0113434322, 0911106303, 'andish@gmail.com', '1457099556F.png', 'F', 11, '2016-03-04 13:52:36', '2016-03-04 13:52:36');
INSERT INTO edu_parent_details (`id`, `first_name`, `middle_name`, `last_name`, `residence_address`, `nationality`, `relationship`, `occupation`, `academic_qualification`, `employment_status`, `employer`, `work_address`, `work_telephone`, `mobile`, `email`, `photo_file`, `family_type`, `edu_parent_id`, `created`, `modified`) VALUES(23, 'M', 'M', 'M', 'AA', 'Ethiopian', 'mother', '', 'Diploma', 'E', '', 'AA', 0112345678, 0911223344, '[Email]', '1457104321M.png', 'M', 12, '2016-03-04 15:12:01', '2016-03-04 15:12:01');
INSERT INTO edu_parent_details (`id`, `first_name`, `middle_name`, `last_name`, `residence_address`, `nationality`, `relationship`, `occupation`, `academic_qualification`, `employment_status`, `employer`, `work_address`, `work_telephone`, `mobile`, `email`, `photo_file`, `family_type`, `edu_parent_id`, `created`, `modified`) VALUES(24, 'A', 'F', 'M', '', 'Ethiopian', 'father', '', 'NA', 'Em', '', 'AA', 0117454343, 0930323232, '[Email]', '1457104321F.png', 'F', 12, '2016-03-04 15:12:01', '2016-03-04 15:12:01');
INSERT INTO edu_parent_details (`id`, `first_name`, `middle_name`, `last_name`, `residence_address`, `nationality`, `relationship`, `occupation`, `academic_qualification`, `employment_status`, `employer`, `work_address`, `work_telephone`, `mobile`, `email`, `photo_file`, `family_type`, `edu_parent_id`, `created`, `modified`) VALUES(25, 'K', 'K', 'K', '', 'Ethiopian', 'mother', '', 'NA', 'NA', '', '[Work Address]', '[Work Telephone]', '[Mobile]', '[Email]', '1457105036M.png', 'M', 13, '2016-03-04 15:23:56', '2016-03-04 15:23:56');
INSERT INTO edu_parent_details (`id`, `first_name`, `middle_name`, `last_name`, `residence_address`, `nationality`, `relationship`, `occupation`, `academic_qualification`, `employment_status`, `employer`, `work_address`, `work_telephone`, `mobile`, `email`, `photo_file`, `family_type`, `edu_parent_id`, `created`, `modified`) VALUES(26, 'A', 'T', 'T', 'AA', 'Ethiopian', 'father', '', 'NA', 'Em', '', 'AA', 0113242424, 0911223344, 'NA', '1457105036F.png', 'F', 13, '2016-03-04 15:23:56', '2016-03-04 15:23:56');
INSERT INTO edu_parent_details (`id`, `first_name`, `middle_name`, `last_name`, `residence_address`, `nationality`, `relationship`, `occupation`, `academic_qualification`, `employment_status`, `employer`, `work_address`, `work_telephone`, `mobile`, `email`, `photo_file`, `family_type`, `edu_parent_id`, `created`, `modified`) VALUES(27, 'SHEWITEY', 'GENET', 'WUHA', 'AA', 'Ethiopian', 'mother', '', 'NA', 'NA', '', 'NA', 'NA', 0911232323, 'NA', '1457105747M.png', 'M', 14, '2016-03-04 15:35:47', '2016-03-04 15:35:47');
INSERT INTO edu_parent_details (`id`, `first_name`, `middle_name`, `last_name`, `residence_address`, `nationality`, `relationship`, `occupation`, `academic_qualification`, `employment_status`, `employer`, `work_address`, `work_telephone`, `mobile`, `email`, `photo_file`, `family_type`, `edu_parent_id`, `created`, `modified`) VALUES(28, 'HAGOS', 'DEGU', 'SHALLOM', 'AA', 'Ethiopian', 'father', 'AA', 'Diploma', 'Em', '', 'NA', 'NA', 0911234567, 'NA', '1457105747F.png', 'F', 14, '2016-03-04 15:35:47', '2016-03-04 15:35:47');
INSERT INTO edu_parent_details (`id`, `first_name`, `middle_name`, `last_name`, `residence_address`, `nationality`, `relationship`, `occupation`, `academic_qualification`, `employment_status`, `employer`, `work_address`, `work_telephone`, `mobile`, `email`, `photo_file`, `family_type`, `edu_parent_id`, `created`, `modified`) VALUES(31, 'ayalenesh', 'ewenetu', '[Last Name]', 'AA', 'Ethiopian', 'mother', 'house wife', 'NA', 'NA', '', '[Work Address]', '[Work Telephone]', 0911230000, '[Email]', '1457188047M.jpg', 'M', 16, '2016-03-05 14:27:27', '2016-03-05 14:27:27');
INSERT INTO edu_parent_details (`id`, `first_name`, `middle_name`, `last_name`, `residence_address`, `nationality`, `relationship`, `occupation`, `academic_qualification`, `employment_status`, `employer`, `work_address`, `work_telephone`, `mobile`, `email`, `photo_file`, `family_type`, `edu_parent_id`, `created`, `modified`) VALUES(32, 'delalaw', 'temechew', '[Last Name]', 'AA', 'Ethiopian', 'father', 'delala', 'NA', 'E', 'self', '[Work Address]', '[Work Telephone]', 0946822009, '[Email]', '1457188047F.jpg', 'F', 16, '2016-03-05 14:27:27', '2016-03-05 14:27:27');
INSERT INTO edu_parents (`id`, `authorized_person`, `marital_status`, `primary_parent`, `user_id`, `created`, `modified`) VALUES(2, 'Abebech', 'S', 'M', 4, '2016-02-26 08:51:59', '2016-02-26 08:51:59');
INSERT INTO edu_parents (`id`, `authorized_person`, `marital_status`, `primary_parent`, `user_id`, `created`, `modified`) VALUES(3, 'Abb, Tamrat@#$', 'S', 'M', 6, '2016-02-26 09:02:07', '2016-02-26 09:02:07');
INSERT INTO edu_parents (`id`, `authorized_person`, `marital_status`, `primary_parent`, `user_id`, `created`, `modified`) VALUES(10, 'BEHAILU, AYNESHET', 'S', 'M', 14, '2016-03-04 13:24:14', '2016-03-04 13:24:14');
INSERT INTO edu_parents (`id`, `authorized_person`, `marital_status`, `primary_parent`, `user_id`, `created`, `modified`) VALUES(11, 'MARY MARY', 'S', 'M', 16, '2016-03-04 13:52:36', '2016-03-04 13:52:36');
INSERT INTO edu_parents (`id`, `authorized_person`, `marital_status`, `primary_parent`, `user_id`, `created`, `modified`) VALUES(12, 'A F, M M', 'M', 'F', 18, '2016-03-04 15:12:01', '2016-03-04 15:12:01');
INSERT INTO edu_parents (`id`, `authorized_person`, `marital_status`, `primary_parent`, `user_id`, `created`, `modified`) VALUES(13, 'ABENEZER T', 'M', 'M', 20, '2016-03-04 15:23:56', '2016-03-04 15:23:56');
INSERT INTO edu_parents (`id`, `authorized_person`, `marital_status`, `primary_parent`, `user_id`, `created`, `modified`) VALUES(14, 'HAGOS, SHEWITEY', 'M', 'F', 22, '2016-03-04 15:35:47', '2016-03-04 15:35:47');
INSERT INTO edu_parents (`id`, `authorized_person`, `marital_status`, `primary_parent`, `user_id`, `created`, `modified`) VALUES(16, 'delalaw', 'M', 'M', 25, '2016-03-05 14:27:27', '2016-03-05 14:27:27');
INSERT INTO edu_payment_schedules (`id`, `month`, `edu_class_id`, `amount`, `edu_academic_year_id`, `due_date`) VALUES(1, 1, 1, 450.00, 1, '2016-03-16');
INSERT INTO edu_payment_schedules (`id`, `month`, `edu_class_id`, `amount`, `edu_academic_year_id`, `due_date`) VALUES(2, 2, 1, 450.00, 1, '2016-03-05');
INSERT INTO edu_payment_schedules (`id`, `month`, `edu_class_id`, `amount`, `edu_academic_year_id`, `due_date`) VALUES(3, 3, 1, 450.00, 1, '2016-03-05');
INSERT INTO edu_payment_schedules (`id`, `month`, `edu_class_id`, `amount`, `edu_academic_year_id`, `due_date`) VALUES(4, 4, 1, 450.00, 1, '2016-03-05');
INSERT INTO edu_payment_schedules (`id`, `month`, `edu_class_id`, `amount`, `edu_academic_year_id`, `due_date`) VALUES(5, 5, 1, 450.00, 1, '2016-03-05');
INSERT INTO edu_payment_schedules (`id`, `month`, `edu_class_id`, `amount`, `edu_academic_year_id`, `due_date`) VALUES(6, 6, 1, 450.00, 1, '2016-03-05');
INSERT INTO edu_payment_schedules (`id`, `month`, `edu_class_id`, `amount`, `edu_academic_year_id`, `due_date`) VALUES(7, 7, 1, 450.00, 1, '2016-03-05');
INSERT INTO edu_payment_schedules (`id`, `month`, `edu_class_id`, `amount`, `edu_academic_year_id`, `due_date`) VALUES(8, 8, 1, 450.00, 1, '2016-03-05');
INSERT INTO edu_payment_schedules (`id`, `month`, `edu_class_id`, `amount`, `edu_academic_year_id`, `due_date`) VALUES(9, 9, 1, 450.00, 1, '2016-03-05');
INSERT INTO edu_payment_schedules (`id`, `month`, `edu_class_id`, `amount`, `edu_academic_year_id`, `due_date`) VALUES(10, 10, 1, 450.00, 1, '2016-03-05');
INSERT INTO edu_payments (`id`, `edu_payment_schedule_id`, `edu_student_id`, `is_paid`, `date_paid`, `paid_amount`, `cheque_number`, `cheque_amount`, `invoice`, `transaction_ref`, `created`, `modified`) VALUES(2, -1, 2, 1, '2016-02-26', 500.00, 'NA', 0.00, 'AUTO-1456476719', 1456476719, '2016-02-26 08:51:59', '2016-02-26 08:51:59');
INSERT INTO edu_payments (`id`, `edu_payment_schedule_id`, `edu_student_id`, `is_paid`, `date_paid`, `paid_amount`, `cheque_number`, `cheque_amount`, `invoice`, `transaction_ref`, `created`, `modified`) VALUES(3, -1, 3, 1, '2016-02-26', 500.00, 'NA', 0.00, 'AUTO-1456477327', 1456477327, '2016-02-26 09:02:07', '2016-02-26 09:02:07');
INSERT INTO edu_payments (`id`, `edu_payment_schedule_id`, `edu_student_id`, `is_paid`, `date_paid`, `paid_amount`, `cheque_number`, `cheque_amount`, `invoice`, `transaction_ref`, `created`, `modified`) VALUES(4, -1, 4, 1, '2016-03-04', 500.00, 'NA', 0.00, 'AUTO-1457097854', 1457097855, '2016-03-04 13:24:15', '2016-03-04 13:24:15');
INSERT INTO edu_payments (`id`, `edu_payment_schedule_id`, `edu_student_id`, `is_paid`, `date_paid`, `paid_amount`, `cheque_number`, `cheque_amount`, `invoice`, `transaction_ref`, `created`, `modified`) VALUES(5, -1, 5, 1, '2016-03-04', 500.00, 'NA', 0.00, 'AUTO-1457099556', 1457099557, '2016-03-04 13:52:37', '2016-03-04 13:52:37');
INSERT INTO edu_payments (`id`, `edu_payment_schedule_id`, `edu_student_id`, `is_paid`, `date_paid`, `paid_amount`, `cheque_number`, `cheque_amount`, `invoice`, `transaction_ref`, `created`, `modified`) VALUES(6, -1, 6, 1, '2016-03-04', 500.00, 'NA', 0.00, 'AUTO-1457104321', 1457104322, '2016-03-04 15:12:02', '2016-03-04 15:12:02');
INSERT INTO edu_payments (`id`, `edu_payment_schedule_id`, `edu_student_id`, `is_paid`, `date_paid`, `paid_amount`, `cheque_number`, `cheque_amount`, `invoice`, `transaction_ref`, `created`, `modified`) VALUES(7, -1, 7, 1, '2016-03-04', 500.00, 'NA', 0.00, 'AUTO-1457105036', 1457105037, '2016-03-04 15:23:57', '2016-03-04 15:23:57');
INSERT INTO edu_payments (`id`, `edu_payment_schedule_id`, `edu_student_id`, `is_paid`, `date_paid`, `paid_amount`, `cheque_number`, `cheque_amount`, `invoice`, `transaction_ref`, `created`, `modified`) VALUES(8, -1, 8, 1, '2016-03-04', 500.00, 'NA', 0.00, 'AUTO-1457105747', 1457105748, '2016-03-04 15:35:48', '2016-03-04 15:35:48');
INSERT INTO edu_payments (`id`, `edu_payment_schedule_id`, `edu_student_id`, `is_paid`, `date_paid`, `paid_amount`, `cheque_number`, `cheque_amount`, `invoice`, `transaction_ref`, `created`, `modified`) VALUES(9, -1, 9, 1, '2016-03-05', 500.00, 'NA', 0.00, 'AUTO-1457188047', 1457188048, '2016-03-05 14:27:28', '2016-03-05 14:27:28');
INSERT INTO edu_quarters (`id`, `name`, `short_name`, `start_date`, `end_date`, `edu_academic_year_id`, `quarter_type`, `status`, `user_id`, `created`, `modified`) VALUES(1, 'Quarter 1', 'Q1', '2015-09-14', '2015-11-30', 1, 'E', 'AC', 1, '2016-02-22 16:33:30', '2016-03-01 15:32:48');
INSERT INTO edu_quarters (`id`, `name`, `short_name`, `start_date`, `end_date`, `edu_academic_year_id`, `quarter_type`, `status`, `user_id`, `created`, `modified`) VALUES(2, 'Quarter 2', 'Q2', '2015-12-01', '2016-02-15', 1, 'E', 'CR', 1, '2016-02-22 16:34:24', '2016-02-22 16:34:24');
INSERT INTO edu_quarters (`id`, `name`, `short_name`, `start_date`, `end_date`, `edu_academic_year_id`, `quarter_type`, `status`, `user_id`, `created`, `modified`) VALUES(3, 'Quarter 3', 'Q3', '2016-02-16', '2016-04-30', 1, 'E', 'CR', 1, '2016-02-22 16:34:58', '2016-02-22 16:34:58');
INSERT INTO edu_quarters (`id`, `name`, `short_name`, `start_date`, `end_date`, `edu_academic_year_id`, `quarter_type`, `status`, `user_id`, `created`, `modified`) VALUES(4, 'Quarter 4', 'Q4', '2016-05-01', '2016-07-07', 1, 'E', 'CR', 1, '2016-02-22 16:35:26', '2016-02-22 16:35:26');
INSERT INTO edu_receipt_items (`id`, `name`, `amount`, `edu_receipt_id`) VALUES(1, 'Enrollment Payment', 500.00, 1);
INSERT INTO edu_receipt_items (`id`, `name`, `amount`, `edu_receipt_id`) VALUES(2, 'Enrollment Payment', 500.00, 2);
INSERT INTO edu_receipt_items (`id`, `name`, `amount`, `edu_receipt_id`) VALUES(3, 'Enrollment Payment', 500.00, 3);
INSERT INTO edu_receipt_items (`id`, `name`, `amount`, `edu_receipt_id`) VALUES(4, 'Enrollment Payment', 500.00, 4);
INSERT INTO edu_receipt_items (`id`, `name`, `amount`, `edu_receipt_id`) VALUES(5, 'Enrollment Payment', 500.00, 5);
INSERT INTO edu_receipt_items (`id`, `name`, `amount`, `edu_receipt_id`) VALUES(6, 'Enrollment Payment', 500.00, 6);
INSERT INTO edu_receipt_items (`id`, `name`, `amount`, `edu_receipt_id`) VALUES(7, 'Enrollment Payment', 500.00, 7);
INSERT INTO edu_receipt_items (`id`, `name`, `amount`, `edu_receipt_id`) VALUES(8, 'Enrollment Payment', 500.00, 8);
INSERT INTO edu_receipts (`id`, `name`, `reference_number`, `invoice_date`, `crm_number`, `parent_name`, `parent_address`, `edu_student_id`, `student_name`, `student_number`, `student_class`, `student_section`, `student_academic_year`, `total_before_tax`, `total_after_tax`, `VAT`, `TOT`, `created`, `modified`) VALUES(1, '', 1, '2016-02-26', 'AUTO-1456476719', 'Abebech Abebech Abebech', '<br>[Mobile]', 2, 'ABEBE', 'CHA/16/0001', 'Nursery', 'Not Set', 'AY-2008', 500.00, 500.00, 0.00, 0.00, '2016-02-26 08:51:59', '2016-02-26 08:51:59');
INSERT INTO edu_receipts (`id`, `name`, `reference_number`, `invoice_date`, `crm_number`, `parent_name`, `parent_address`, `edu_student_id`, `student_name`, `student_number`, `student_class`, `student_section`, `student_academic_year`, `total_before_tax`, `total_after_tax`, `VAT`, `TOT`, `created`, `modified`) VALUES(2, '', 2, '2016-02-26', 'AUTO-1456477327', 'AA $#67 ere', '<br>[Mobile]', 3, 'AAA', 'CHA/16/0002', 'Nursery', 'Not Set', 'AY-2008', 500.00, 500.00, 0.00, 0.00, '2016-02-26 09:02:07', '2016-02-26 09:02:07');
INSERT INTO edu_receipts (`id`, `name`, `reference_number`, `invoice_date`, `crm_number`, `parent_name`, `parent_address`, `edu_student_id`, `student_name`, `student_number`, `student_class`, `student_section`, `student_academic_year`, `total_before_tax`, `total_after_tax`, `VAT`, `TOT`, `created`, `modified`) VALUES(3, '', 3, '2016-03-04', 'AUTO-1457097854', 'AYNESHET ABAY LEMMA', 'AA<br>0912274650', 4, 'NATNAEL BEHAILU SINTAYEHU', 'CHA/16/0003', 'Nursery', 'Not Set', 'AY-2008', 500.00, 500.00, 0.00, 0.00, '2016-03-04 13:24:15', '2016-03-04 13:24:15');
INSERT INTO edu_receipts (`id`, `name`, `reference_number`, `invoice_date`, `crm_number`, `parent_name`, `parent_address`, `edu_student_id`, `student_name`, `student_number`, `student_class`, `student_section`, `student_academic_year`, `total_before_tax`, `total_after_tax`, `VAT`, `TOT`, `created`, `modified`) VALUES(4, '', 4, '2016-03-04', 'AUTO-1457099556', 'MARY MARY MARY', 'AA<br>0911223344', 5, 'YEABSERA ANDUALEM FANTU', 'CHA/16/0004', 'Nursery', 'Not Set', 'AY-2008', 500.00, 500.00, 0.00, 0.00, '2016-03-04 13:52:37', '2016-03-04 13:52:37');
INSERT INTO edu_receipts (`id`, `name`, `reference_number`, `invoice_date`, `crm_number`, `parent_name`, `parent_address`, `edu_student_id`, `student_name`, `student_number`, `student_class`, `student_section`, `student_academic_year`, `total_before_tax`, `total_after_tax`, `VAT`, `TOT`, `created`, `modified`) VALUES(5, '', 5, '2016-03-04', 'AUTO-1457104321', 'A F M', '<br>0930323232', 6, 'Y A F', 'CHA/16/0005', 'Nursery', 'Not Set', 'AY-2008', 500.00, 500.00, 0.00, 0.00, '2016-03-04 15:12:02', '2016-03-04 15:12:02');
INSERT INTO edu_receipts (`id`, `name`, `reference_number`, `invoice_date`, `crm_number`, `parent_name`, `parent_address`, `edu_student_id`, `student_name`, `student_number`, `student_class`, `student_section`, `student_academic_year`, `total_before_tax`, `total_after_tax`, `VAT`, `TOT`, `created`, `modified`) VALUES(6, '', 6, '2016-03-04', 'AUTO-1457105036', 'K K K', '<br>[Mobile]', 7, 'E A T', 'CHA/16/0006', 'Nursery', 'Not Set', 'AY-2008', 500.00, 500.00, 0.00, 0.00, '2016-03-04 15:23:57', '2016-03-04 15:23:57');
INSERT INTO edu_receipts (`id`, `name`, `reference_number`, `invoice_date`, `crm_number`, `parent_name`, `parent_address`, `edu_student_id`, `student_name`, `student_number`, `student_class`, `student_section`, `student_academic_year`, `total_before_tax`, `total_after_tax`, `VAT`, `TOT`, `created`, `modified`) VALUES(7, '', 7, '2016-03-04', 'AUTO-1457105747', 'HAGOS DEGU SHALLOM', 'AA<br>0911234567', 8, 'REZENE HAGOS DEGU', 'CHA/16/0007', 'Nursery', 'Not Set', 'AY-2008', 500.00, 500.00, 0.00, 0.00, '2016-03-04 15:35:48', '2016-03-04 15:35:48');
INSERT INTO edu_receipts (`id`, `name`, `reference_number`, `invoice_date`, `crm_number`, `parent_name`, `parent_address`, `edu_student_id`, `student_name`, `student_number`, `student_class`, `student_section`, `student_academic_year`, `total_before_tax`, `total_after_tax`, `VAT`, `TOT`, `created`, `modified`) VALUES(8, '', 8, '2016-03-05', 'AUTO-1457188047', 'ayalenesh ewenetu []', 'AA<br>0911230000', 9, 'AYALEW DELALAW TEMECHEW', 'CHA/16/0008', 'Nursery', 'Not Set', 'AY-2008', 500.00, 500.00, 0.00, 0.00, '2016-03-05 14:27:28', '2016-03-05 14:27:28');
INSERT INTO edu_registration_quarter_results (`id`, `edu_registration_quarter_id`, `edu_course_id`, `course_result`, `course_rank`, `result_indicator`, `created`, `modified`) VALUES(1, 0, 0, 0.00, 0, 'N', '2016-03-04 13:24:14', '2016-03-04 13:24:14');
INSERT INTO edu_registration_quarter_results (`id`, `edu_registration_quarter_id`, `edu_course_id`, `course_result`, `course_rank`, `result_indicator`, `created`, `modified`) VALUES(2, 0, 0, 0.00, 0, 'N', '2016-03-04 13:24:14', '2016-03-04 13:24:14');
INSERT INTO edu_registration_quarter_results (`id`, `edu_registration_quarter_id`, `edu_course_id`, `course_result`, `course_rank`, `result_indicator`, `created`, `modified`) VALUES(3, 0, 0, 0.00, 0, 'N', '2016-03-04 13:24:14', '2016-03-04 13:24:14');
INSERT INTO edu_registration_quarter_results (`id`, `edu_registration_quarter_id`, `edu_course_id`, `course_result`, `course_rank`, `result_indicator`, `created`, `modified`) VALUES(4, 0, 0, 0.00, 0, 'N', '2016-03-04 13:24:14', '2016-03-04 13:24:14');
INSERT INTO edu_registration_quarter_results (`id`, `edu_registration_quarter_id`, `edu_course_id`, `course_result`, `course_rank`, `result_indicator`, `created`, `modified`) VALUES(5, 0, 0, 0.00, 0, 'N', '2016-03-04 13:24:14', '2016-03-04 13:24:14');
INSERT INTO edu_registration_quarter_results (`id`, `edu_registration_quarter_id`, `edu_course_id`, `course_result`, `course_rank`, `result_indicator`, `created`, `modified`) VALUES(6, 0, 0, 0.00, 0, 'N', '2016-03-04 13:24:14', '2016-03-04 13:24:14');
INSERT INTO edu_registration_quarter_results (`id`, `edu_registration_quarter_id`, `edu_course_id`, `course_result`, `course_rank`, `result_indicator`, `created`, `modified`) VALUES(7, 0, 0, 0.00, 0, 'N', '2016-03-04 13:24:14', '2016-03-04 13:24:14');
INSERT INTO edu_registration_quarter_results (`id`, `edu_registration_quarter_id`, `edu_course_id`, `course_result`, `course_rank`, `result_indicator`, `created`, `modified`) VALUES(8, 0, 0, 0.00, 0, 'N', '2016-03-04 13:24:15', '2016-03-04 13:24:15');
INSERT INTO edu_registration_quarter_results (`id`, `edu_registration_quarter_id`, `edu_course_id`, `course_result`, `course_rank`, `result_indicator`, `created`, `modified`) VALUES(9, 0, 0, 0.00, 0, 'N', '2016-03-04 13:24:15', '2016-03-04 13:24:15');
INSERT INTO edu_registration_quarter_results (`id`, `edu_registration_quarter_id`, `edu_course_id`, `course_result`, `course_rank`, `result_indicator`, `created`, `modified`) VALUES(10, 0, 0, 0.00, 0, 'N', '2016-03-04 13:24:15', '2016-03-04 13:24:15');
INSERT INTO edu_registration_quarter_results (`id`, `edu_registration_quarter_id`, `edu_course_id`, `course_result`, `course_rank`, `result_indicator`, `created`, `modified`) VALUES(11, 0, 0, 0.00, 0, 'N', '2016-03-04 13:24:15', '2016-03-04 13:24:15');
INSERT INTO edu_registration_quarter_results (`id`, `edu_registration_quarter_id`, `edu_course_id`, `course_result`, `course_rank`, `result_indicator`, `created`, `modified`) VALUES(12, 0, 0, 0.00, 0, 'N', '2016-03-04 13:24:15', '2016-03-04 13:24:15');
INSERT INTO edu_registration_quarter_results (`id`, `edu_registration_quarter_id`, `edu_course_id`, `course_result`, `course_rank`, `result_indicator`, `created`, `modified`) VALUES(13, 0, 0, 0.00, 0, 'N', '2016-03-04 13:24:15', '2016-03-04 13:24:15');
INSERT INTO edu_registration_quarter_results (`id`, `edu_registration_quarter_id`, `edu_course_id`, `course_result`, `course_rank`, `result_indicator`, `created`, `modified`) VALUES(14, 0, 0, 0.00, 0, 'N', '2016-03-04 13:24:15', '2016-03-04 13:24:15');
INSERT INTO edu_registration_quarter_results (`id`, `edu_registration_quarter_id`, `edu_course_id`, `course_result`, `course_rank`, `result_indicator`, `created`, `modified`) VALUES(15, 0, 0, 0.00, 0, 'N', '2016-03-04 13:24:15', '2016-03-04 13:24:15');
INSERT INTO edu_registration_quarter_results (`id`, `edu_registration_quarter_id`, `edu_course_id`, `course_result`, `course_rank`, `result_indicator`, `created`, `modified`) VALUES(16, 0, 0, 0.00, 0, 'N', '2016-03-04 13:24:15', '2016-03-04 13:24:15');
INSERT INTO edu_registration_quarter_results (`id`, `edu_registration_quarter_id`, `edu_course_id`, `course_result`, `course_rank`, `result_indicator`, `created`, `modified`) VALUES(17, 0, 0, 0.00, 0, 'N', '2016-03-04 13:24:15', '2016-03-04 13:24:15');
INSERT INTO edu_registration_quarter_results (`id`, `edu_registration_quarter_id`, `edu_course_id`, `course_result`, `course_rank`, `result_indicator`, `created`, `modified`) VALUES(18, 0, 0, 0.00, 0, 'N', '2016-03-04 13:24:15', '2016-03-04 13:24:15');
INSERT INTO edu_registration_quarter_results (`id`, `edu_registration_quarter_id`, `edu_course_id`, `course_result`, `course_rank`, `result_indicator`, `created`, `modified`) VALUES(19, 0, 0, 0.00, 0, 'N', '2016-03-04 13:52:36', '2016-03-04 13:52:36');
INSERT INTO edu_registration_quarter_results (`id`, `edu_registration_quarter_id`, `edu_course_id`, `course_result`, `course_rank`, `result_indicator`, `created`, `modified`) VALUES(20, 0, 0, 0.00, 0, 'N', '2016-03-04 13:52:36', '2016-03-04 13:52:36');
INSERT INTO edu_registration_quarter_results (`id`, `edu_registration_quarter_id`, `edu_course_id`, `course_result`, `course_rank`, `result_indicator`, `created`, `modified`) VALUES(21, 0, 0, 0.00, 0, 'N', '2016-03-04 13:52:36', '2016-03-04 13:52:36');
INSERT INTO edu_registration_quarter_results (`id`, `edu_registration_quarter_id`, `edu_course_id`, `course_result`, `course_rank`, `result_indicator`, `created`, `modified`) VALUES(22, 0, 0, 0.00, 0, 'N', '2016-03-04 13:52:36', '2016-03-04 13:52:36');
INSERT INTO edu_registration_quarter_results (`id`, `edu_registration_quarter_id`, `edu_course_id`, `course_result`, `course_rank`, `result_indicator`, `created`, `modified`) VALUES(23, 0, 0, 0.00, 0, 'N', '2016-03-04 13:52:36', '2016-03-04 13:52:36');
INSERT INTO edu_registration_quarter_results (`id`, `edu_registration_quarter_id`, `edu_course_id`, `course_result`, `course_rank`, `result_indicator`, `created`, `modified`) VALUES(24, 0, 0, 0.00, 0, 'N', '2016-03-04 13:52:36', '2016-03-04 13:52:36');
INSERT INTO edu_registration_quarter_results (`id`, `edu_registration_quarter_id`, `edu_course_id`, `course_result`, `course_rank`, `result_indicator`, `created`, `modified`) VALUES(25, 0, 0, 0.00, 0, 'N', '2016-03-04 13:52:36', '2016-03-04 13:52:36');
INSERT INTO edu_registration_quarter_results (`id`, `edu_registration_quarter_id`, `edu_course_id`, `course_result`, `course_rank`, `result_indicator`, `created`, `modified`) VALUES(26, 0, 0, 0.00, 0, 'N', '2016-03-04 13:52:36', '2016-03-04 13:52:36');
INSERT INTO edu_registration_quarter_results (`id`, `edu_registration_quarter_id`, `edu_course_id`, `course_result`, `course_rank`, `result_indicator`, `created`, `modified`) VALUES(27, 0, 0, 0.00, 0, 'N', '2016-03-04 13:52:36', '2016-03-04 13:52:36');
INSERT INTO edu_registration_quarter_results (`id`, `edu_registration_quarter_id`, `edu_course_id`, `course_result`, `course_rank`, `result_indicator`, `created`, `modified`) VALUES(28, 0, 0, 0.00, 0, 'N', '2016-03-04 13:52:36', '2016-03-04 13:52:36');
INSERT INTO edu_registration_quarter_results (`id`, `edu_registration_quarter_id`, `edu_course_id`, `course_result`, `course_rank`, `result_indicator`, `created`, `modified`) VALUES(29, 0, 0, 0.00, 0, 'N', '2016-03-04 13:52:36', '2016-03-04 13:52:36');
INSERT INTO edu_registration_quarter_results (`id`, `edu_registration_quarter_id`, `edu_course_id`, `course_result`, `course_rank`, `result_indicator`, `created`, `modified`) VALUES(30, 0, 0, 0.00, 0, 'N', '2016-03-04 13:52:36', '2016-03-04 13:52:36');
INSERT INTO edu_registration_quarter_results (`id`, `edu_registration_quarter_id`, `edu_course_id`, `course_result`, `course_rank`, `result_indicator`, `created`, `modified`) VALUES(31, 0, 0, 0.00, 0, 'N', '2016-03-04 13:52:36', '2016-03-04 13:52:36');
INSERT INTO edu_registration_quarter_results (`id`, `edu_registration_quarter_id`, `edu_course_id`, `course_result`, `course_rank`, `result_indicator`, `created`, `modified`) VALUES(32, 0, 0, 0.00, 0, 'N', '2016-03-04 13:52:36', '2016-03-04 13:52:36');
INSERT INTO edu_registration_quarter_results (`id`, `edu_registration_quarter_id`, `edu_course_id`, `course_result`, `course_rank`, `result_indicator`, `created`, `modified`) VALUES(33, 0, 0, 0.00, 0, 'N', '2016-03-04 13:52:36', '2016-03-04 13:52:36');
INSERT INTO edu_registration_quarter_results (`id`, `edu_registration_quarter_id`, `edu_course_id`, `course_result`, `course_rank`, `result_indicator`, `created`, `modified`) VALUES(34, 0, 0, 0.00, 0, 'N', '2016-03-04 13:52:36', '2016-03-04 13:52:36');
INSERT INTO edu_registration_quarter_results (`id`, `edu_registration_quarter_id`, `edu_course_id`, `course_result`, `course_rank`, `result_indicator`, `created`, `modified`) VALUES(35, 0, 0, 0.00, 0, 'N', '2016-03-04 13:52:36', '2016-03-04 13:52:36');
INSERT INTO edu_registration_quarter_results (`id`, `edu_registration_quarter_id`, `edu_course_id`, `course_result`, `course_rank`, `result_indicator`, `created`, `modified`) VALUES(36, 0, 0, 0.00, 0, 'N', '2016-03-04 13:52:36', '2016-03-04 13:52:36');
INSERT INTO edu_registration_quarter_results (`id`, `edu_registration_quarter_id`, `edu_course_id`, `course_result`, `course_rank`, `result_indicator`, `created`, `modified`) VALUES(37, 0, 0, 0.00, 0, 'N', '2016-03-04 13:52:36', '2016-03-04 13:52:36');
INSERT INTO edu_registration_quarter_results (`id`, `edu_registration_quarter_id`, `edu_course_id`, `course_result`, `course_rank`, `result_indicator`, `created`, `modified`) VALUES(38, 0, 0, 0.00, 0, 'N', '2016-03-04 13:52:36', '2016-03-04 13:52:36');
INSERT INTO edu_registration_quarter_results (`id`, `edu_registration_quarter_id`, `edu_course_id`, `course_result`, `course_rank`, `result_indicator`, `created`, `modified`) VALUES(39, 0, 0, 0.00, 0, 'N', '2016-03-04 13:52:36', '2016-03-04 13:52:36');
INSERT INTO edu_registration_quarter_results (`id`, `edu_registration_quarter_id`, `edu_course_id`, `course_result`, `course_rank`, `result_indicator`, `created`, `modified`) VALUES(40, 0, 0, 0.00, 0, 'N', '2016-03-04 13:52:36', '2016-03-04 13:52:36');
INSERT INTO edu_registration_quarter_results (`id`, `edu_registration_quarter_id`, `edu_course_id`, `course_result`, `course_rank`, `result_indicator`, `created`, `modified`) VALUES(41, 0, 0, 0.00, 0, 'N', '2016-03-04 13:52:36', '2016-03-04 13:52:36');
INSERT INTO edu_registration_quarter_results (`id`, `edu_registration_quarter_id`, `edu_course_id`, `course_result`, `course_rank`, `result_indicator`, `created`, `modified`) VALUES(42, 0, 0, 0.00, 0, 'N', '2016-03-04 13:52:36', '2016-03-04 13:52:36');
INSERT INTO edu_registration_quarter_results (`id`, `edu_registration_quarter_id`, `edu_course_id`, `course_result`, `course_rank`, `result_indicator`, `created`, `modified`) VALUES(43, 0, 0, 0.00, 0, 'N', '2016-03-04 15:12:01', '2016-03-04 15:12:01');
INSERT INTO edu_registration_quarter_results (`id`, `edu_registration_quarter_id`, `edu_course_id`, `course_result`, `course_rank`, `result_indicator`, `created`, `modified`) VALUES(44, 0, 0, 0.00, 0, 'N', '2016-03-04 15:12:01', '2016-03-04 15:12:01');
INSERT INTO edu_registration_quarter_results (`id`, `edu_registration_quarter_id`, `edu_course_id`, `course_result`, `course_rank`, `result_indicator`, `created`, `modified`) VALUES(45, 0, 0, 0.00, 0, 'N', '2016-03-04 15:12:01', '2016-03-04 15:12:01');
INSERT INTO edu_registration_quarter_results (`id`, `edu_registration_quarter_id`, `edu_course_id`, `course_result`, `course_rank`, `result_indicator`, `created`, `modified`) VALUES(46, 0, 0, 0.00, 0, 'N', '2016-03-04 15:12:01', '2016-03-04 15:12:01');
INSERT INTO edu_registration_quarter_results (`id`, `edu_registration_quarter_id`, `edu_course_id`, `course_result`, `course_rank`, `result_indicator`, `created`, `modified`) VALUES(47, 0, 0, 0.00, 0, 'N', '2016-03-04 15:12:01', '2016-03-04 15:12:01');
INSERT INTO edu_registration_quarter_results (`id`, `edu_registration_quarter_id`, `edu_course_id`, `course_result`, `course_rank`, `result_indicator`, `created`, `modified`) VALUES(48, 0, 0, 0.00, 0, 'N', '2016-03-04 15:12:01', '2016-03-04 15:12:01');
INSERT INTO edu_registration_quarter_results (`id`, `edu_registration_quarter_id`, `edu_course_id`, `course_result`, `course_rank`, `result_indicator`, `created`, `modified`) VALUES(49, 0, 0, 0.00, 0, 'N', '2016-03-04 15:12:01', '2016-03-04 15:12:01');
INSERT INTO edu_registration_quarter_results (`id`, `edu_registration_quarter_id`, `edu_course_id`, `course_result`, `course_rank`, `result_indicator`, `created`, `modified`) VALUES(50, 0, 0, 0.00, 0, 'N', '2016-03-04 15:12:01', '2016-03-04 15:12:01');
INSERT INTO edu_registration_quarter_results (`id`, `edu_registration_quarter_id`, `edu_course_id`, `course_result`, `course_rank`, `result_indicator`, `created`, `modified`) VALUES(51, 0, 0, 0.00, 0, 'N', '2016-03-04 15:12:01', '2016-03-04 15:12:01');
INSERT INTO edu_registration_quarter_results (`id`, `edu_registration_quarter_id`, `edu_course_id`, `course_result`, `course_rank`, `result_indicator`, `created`, `modified`) VALUES(52, 0, 0, 0.00, 0, 'N', '2016-03-04 15:12:01', '2016-03-04 15:12:01');
INSERT INTO edu_registration_quarter_results (`id`, `edu_registration_quarter_id`, `edu_course_id`, `course_result`, `course_rank`, `result_indicator`, `created`, `modified`) VALUES(53, 0, 0, 0.00, 0, 'N', '2016-03-04 15:12:01', '2016-03-04 15:12:01');
INSERT INTO edu_registration_quarter_results (`id`, `edu_registration_quarter_id`, `edu_course_id`, `course_result`, `course_rank`, `result_indicator`, `created`, `modified`) VALUES(54, 0, 0, 0.00, 0, 'N', '2016-03-04 15:12:01', '2016-03-04 15:12:01');
INSERT INTO edu_registration_quarter_results (`id`, `edu_registration_quarter_id`, `edu_course_id`, `course_result`, `course_rank`, `result_indicator`, `created`, `modified`) VALUES(55, 0, 0, 0.00, 0, 'N', '2016-03-04 15:12:01', '2016-03-04 15:12:01');
INSERT INTO edu_registration_quarter_results (`id`, `edu_registration_quarter_id`, `edu_course_id`, `course_result`, `course_rank`, `result_indicator`, `created`, `modified`) VALUES(56, 0, 0, 0.00, 0, 'N', '2016-03-04 15:12:01', '2016-03-04 15:12:01');
INSERT INTO edu_registration_quarter_results (`id`, `edu_registration_quarter_id`, `edu_course_id`, `course_result`, `course_rank`, `result_indicator`, `created`, `modified`) VALUES(57, 0, 0, 0.00, 0, 'N', '2016-03-04 15:12:01', '2016-03-04 15:12:01');
INSERT INTO edu_registration_quarter_results (`id`, `edu_registration_quarter_id`, `edu_course_id`, `course_result`, `course_rank`, `result_indicator`, `created`, `modified`) VALUES(58, 0, 0, 0.00, 0, 'N', '2016-03-04 15:12:01', '2016-03-04 15:12:01');
INSERT INTO edu_registration_quarter_results (`id`, `edu_registration_quarter_id`, `edu_course_id`, `course_result`, `course_rank`, `result_indicator`, `created`, `modified`) VALUES(59, 0, 0, 0.00, 0, 'N', '2016-03-04 15:12:01', '2016-03-04 15:12:01');
INSERT INTO edu_registration_quarter_results (`id`, `edu_registration_quarter_id`, `edu_course_id`, `course_result`, `course_rank`, `result_indicator`, `created`, `modified`) VALUES(60, 0, 0, 0.00, 0, 'N', '2016-03-04 15:12:01', '2016-03-04 15:12:01');
INSERT INTO edu_registration_quarter_results (`id`, `edu_registration_quarter_id`, `edu_course_id`, `course_result`, `course_rank`, `result_indicator`, `created`, `modified`) VALUES(61, 0, 0, 0.00, 0, 'N', '2016-03-04 15:12:02', '2016-03-04 15:12:02');
INSERT INTO edu_registration_quarter_results (`id`, `edu_registration_quarter_id`, `edu_course_id`, `course_result`, `course_rank`, `result_indicator`, `created`, `modified`) VALUES(62, 0, 0, 0.00, 0, 'N', '2016-03-04 15:12:02', '2016-03-04 15:12:02');
INSERT INTO edu_registration_quarter_results (`id`, `edu_registration_quarter_id`, `edu_course_id`, `course_result`, `course_rank`, `result_indicator`, `created`, `modified`) VALUES(63, 0, 0, 0.00, 0, 'N', '2016-03-04 15:12:02', '2016-03-04 15:12:02');
INSERT INTO edu_registration_quarter_results (`id`, `edu_registration_quarter_id`, `edu_course_id`, `course_result`, `course_rank`, `result_indicator`, `created`, `modified`) VALUES(64, 0, 0, 0.00, 0, 'N', '2016-03-04 15:12:02', '2016-03-04 15:12:02');
INSERT INTO edu_registration_quarter_results (`id`, `edu_registration_quarter_id`, `edu_course_id`, `course_result`, `course_rank`, `result_indicator`, `created`, `modified`) VALUES(65, 0, 0, 0.00, 0, 'N', '2016-03-04 15:12:02', '2016-03-04 15:12:02');
INSERT INTO edu_registration_quarter_results (`id`, `edu_registration_quarter_id`, `edu_course_id`, `course_result`, `course_rank`, `result_indicator`, `created`, `modified`) VALUES(66, 0, 0, 0.00, 0, 'N', '2016-03-04 15:12:02', '2016-03-04 15:12:02');
INSERT INTO edu_registration_quarter_results (`id`, `edu_registration_quarter_id`, `edu_course_id`, `course_result`, `course_rank`, `result_indicator`, `created`, `modified`) VALUES(67, 0, 0, 0.00, 0, 'N', '2016-03-04 15:23:57', '2016-03-04 15:23:57');
INSERT INTO edu_registration_quarter_results (`id`, `edu_registration_quarter_id`, `edu_course_id`, `course_result`, `course_rank`, `result_indicator`, `created`, `modified`) VALUES(68, 0, 0, 0.00, 0, 'N', '2016-03-04 15:23:57', '2016-03-04 15:23:57');
INSERT INTO edu_registration_quarter_results (`id`, `edu_registration_quarter_id`, `edu_course_id`, `course_result`, `course_rank`, `result_indicator`, `created`, `modified`) VALUES(69, 0, 0, 0.00, 0, 'N', '2016-03-04 15:23:57', '2016-03-04 15:23:57');
INSERT INTO edu_registration_quarter_results (`id`, `edu_registration_quarter_id`, `edu_course_id`, `course_result`, `course_rank`, `result_indicator`, `created`, `modified`) VALUES(70, 0, 0, 0.00, 0, 'N', '2016-03-04 15:23:57', '2016-03-04 15:23:57');
INSERT INTO edu_registration_quarter_results (`id`, `edu_registration_quarter_id`, `edu_course_id`, `course_result`, `course_rank`, `result_indicator`, `created`, `modified`) VALUES(71, 0, 0, 0.00, 0, 'N', '2016-03-04 15:23:57', '2016-03-04 15:23:57');
INSERT INTO edu_registration_quarter_results (`id`, `edu_registration_quarter_id`, `edu_course_id`, `course_result`, `course_rank`, `result_indicator`, `created`, `modified`) VALUES(72, 0, 0, 0.00, 0, 'N', '2016-03-04 15:23:57', '2016-03-04 15:23:57');
INSERT INTO edu_registration_quarter_results (`id`, `edu_registration_quarter_id`, `edu_course_id`, `course_result`, `course_rank`, `result_indicator`, `created`, `modified`) VALUES(73, 0, 0, 0.00, 0, 'N', '2016-03-04 15:23:57', '2016-03-04 15:23:57');
INSERT INTO edu_registration_quarter_results (`id`, `edu_registration_quarter_id`, `edu_course_id`, `course_result`, `course_rank`, `result_indicator`, `created`, `modified`) VALUES(74, 0, 0, 0.00, 0, 'N', '2016-03-04 15:23:57', '2016-03-04 15:23:57');
INSERT INTO edu_registration_quarter_results (`id`, `edu_registration_quarter_id`, `edu_course_id`, `course_result`, `course_rank`, `result_indicator`, `created`, `modified`) VALUES(75, 0, 0, 0.00, 0, 'N', '2016-03-04 15:23:57', '2016-03-04 15:23:57');
INSERT INTO edu_registration_quarter_results (`id`, `edu_registration_quarter_id`, `edu_course_id`, `course_result`, `course_rank`, `result_indicator`, `created`, `modified`) VALUES(76, 0, 0, 0.00, 0, 'N', '2016-03-04 15:23:57', '2016-03-04 15:23:57');
INSERT INTO edu_registration_quarter_results (`id`, `edu_registration_quarter_id`, `edu_course_id`, `course_result`, `course_rank`, `result_indicator`, `created`, `modified`) VALUES(77, 0, 0, 0.00, 0, 'N', '2016-03-04 15:23:57', '2016-03-04 15:23:57');
INSERT INTO edu_registration_quarter_results (`id`, `edu_registration_quarter_id`, `edu_course_id`, `course_result`, `course_rank`, `result_indicator`, `created`, `modified`) VALUES(78, 0, 0, 0.00, 0, 'N', '2016-03-04 15:23:57', '2016-03-04 15:23:57');
INSERT INTO edu_registration_quarter_results (`id`, `edu_registration_quarter_id`, `edu_course_id`, `course_result`, `course_rank`, `result_indicator`, `created`, `modified`) VALUES(79, 0, 0, 0.00, 0, 'N', '2016-03-04 15:23:57', '2016-03-04 15:23:57');
INSERT INTO edu_registration_quarter_results (`id`, `edu_registration_quarter_id`, `edu_course_id`, `course_result`, `course_rank`, `result_indicator`, `created`, `modified`) VALUES(80, 0, 0, 0.00, 0, 'N', '2016-03-04 15:23:57', '2016-03-04 15:23:57');
INSERT INTO edu_registration_quarter_results (`id`, `edu_registration_quarter_id`, `edu_course_id`, `course_result`, `course_rank`, `result_indicator`, `created`, `modified`) VALUES(81, 0, 0, 0.00, 0, 'N', '2016-03-04 15:23:57', '2016-03-04 15:23:57');
INSERT INTO edu_registration_quarter_results (`id`, `edu_registration_quarter_id`, `edu_course_id`, `course_result`, `course_rank`, `result_indicator`, `created`, `modified`) VALUES(82, 0, 0, 0.00, 0, 'N', '2016-03-04 15:23:57', '2016-03-04 15:23:57');
INSERT INTO edu_registration_quarter_results (`id`, `edu_registration_quarter_id`, `edu_course_id`, `course_result`, `course_rank`, `result_indicator`, `created`, `modified`) VALUES(83, 0, 0, 0.00, 0, 'N', '2016-03-04 15:23:57', '2016-03-04 15:23:57');
INSERT INTO edu_registration_quarter_results (`id`, `edu_registration_quarter_id`, `edu_course_id`, `course_result`, `course_rank`, `result_indicator`, `created`, `modified`) VALUES(84, 0, 0, 0.00, 0, 'N', '2016-03-04 15:23:57', '2016-03-04 15:23:57');
INSERT INTO edu_registration_quarter_results (`id`, `edu_registration_quarter_id`, `edu_course_id`, `course_result`, `course_rank`, `result_indicator`, `created`, `modified`) VALUES(85, 0, 0, 0.00, 0, 'N', '2016-03-04 15:23:57', '2016-03-04 15:23:57');
INSERT INTO edu_registration_quarter_results (`id`, `edu_registration_quarter_id`, `edu_course_id`, `course_result`, `course_rank`, `result_indicator`, `created`, `modified`) VALUES(86, 0, 0, 0.00, 0, 'N', '2016-03-04 15:23:57', '2016-03-04 15:23:57');
INSERT INTO edu_registration_quarter_results (`id`, `edu_registration_quarter_id`, `edu_course_id`, `course_result`, `course_rank`, `result_indicator`, `created`, `modified`) VALUES(87, 0, 0, 0.00, 0, 'N', '2016-03-04 15:23:57', '2016-03-04 15:23:57');
INSERT INTO edu_registration_quarter_results (`id`, `edu_registration_quarter_id`, `edu_course_id`, `course_result`, `course_rank`, `result_indicator`, `created`, `modified`) VALUES(88, 0, 0, 0.00, 0, 'N', '2016-03-04 15:23:57', '2016-03-04 15:23:57');
INSERT INTO edu_registration_quarter_results (`id`, `edu_registration_quarter_id`, `edu_course_id`, `course_result`, `course_rank`, `result_indicator`, `created`, `modified`) VALUES(89, 0, 0, 0.00, 0, 'N', '2016-03-04 15:23:57', '2016-03-04 15:23:57');
INSERT INTO edu_registration_quarter_results (`id`, `edu_registration_quarter_id`, `edu_course_id`, `course_result`, `course_rank`, `result_indicator`, `created`, `modified`) VALUES(90, 0, 0, 0.00, 0, 'N', '2016-03-04 15:23:57', '2016-03-04 15:23:57');
INSERT INTO edu_registration_quarter_results (`id`, `edu_registration_quarter_id`, `edu_course_id`, `course_result`, `course_rank`, `result_indicator`, `created`, `modified`) VALUES(91, 16, 1, 0.00, 0, 'N', '2016-03-04 15:35:47', '2016-03-04 15:35:47');
INSERT INTO edu_registration_quarter_results (`id`, `edu_registration_quarter_id`, `edu_course_id`, `course_result`, `course_rank`, `result_indicator`, `created`, `modified`) VALUES(92, 16, 2, 0.00, 0, 'N', '2016-03-04 15:35:47', '2016-03-04 15:35:47');
INSERT INTO edu_registration_quarter_results (`id`, `edu_registration_quarter_id`, `edu_course_id`, `course_result`, `course_rank`, `result_indicator`, `created`, `modified`) VALUES(93, 16, 3, 0.00, 0, 'N', '2016-03-04 15:35:47', '2016-03-04 15:35:47');
INSERT INTO edu_registration_quarter_results (`id`, `edu_registration_quarter_id`, `edu_course_id`, `course_result`, `course_rank`, `result_indicator`, `created`, `modified`) VALUES(94, 16, 4, 0.00, 0, 'N', '2016-03-04 15:35:47', '2016-03-04 15:35:47');
INSERT INTO edu_registration_quarter_results (`id`, `edu_registration_quarter_id`, `edu_course_id`, `course_result`, `course_rank`, `result_indicator`, `created`, `modified`) VALUES(95, 16, 5, 0.00, 0, 'N', '2016-03-04 15:35:47', '2016-03-04 15:35:47');
INSERT INTO edu_registration_quarter_results (`id`, `edu_registration_quarter_id`, `edu_course_id`, `course_result`, `course_rank`, `result_indicator`, `created`, `modified`) VALUES(96, 16, 6, 0.00, 0, 'N', '2016-03-04 15:35:47', '2016-03-04 15:35:47');
INSERT INTO edu_registration_quarter_results (`id`, `edu_registration_quarter_id`, `edu_course_id`, `course_result`, `course_rank`, `result_indicator`, `created`, `modified`) VALUES(97, 17, 1, 0.00, 0, 'N', '2016-03-04 15:35:48', '2016-03-04 15:35:48');
INSERT INTO edu_registration_quarter_results (`id`, `edu_registration_quarter_id`, `edu_course_id`, `course_result`, `course_rank`, `result_indicator`, `created`, `modified`) VALUES(98, 17, 2, 0.00, 0, 'N', '2016-03-04 15:35:48', '2016-03-04 15:35:48');
INSERT INTO edu_registration_quarter_results (`id`, `edu_registration_quarter_id`, `edu_course_id`, `course_result`, `course_rank`, `result_indicator`, `created`, `modified`) VALUES(99, 17, 3, 0.00, 0, 'N', '2016-03-04 15:35:48', '2016-03-04 15:35:48');
INSERT INTO edu_registration_quarter_results (`id`, `edu_registration_quarter_id`, `edu_course_id`, `course_result`, `course_rank`, `result_indicator`, `created`, `modified`) VALUES(100, 17, 4, 0.00, 0, 'N', '2016-03-04 15:35:48', '2016-03-04 15:35:48');
INSERT INTO edu_registration_quarter_results (`id`, `edu_registration_quarter_id`, `edu_course_id`, `course_result`, `course_rank`, `result_indicator`, `created`, `modified`) VALUES(101, 17, 5, 0.00, 0, 'N', '2016-03-04 15:35:48', '2016-03-04 15:35:48');
INSERT INTO edu_registration_quarter_results (`id`, `edu_registration_quarter_id`, `edu_course_id`, `course_result`, `course_rank`, `result_indicator`, `created`, `modified`) VALUES(102, 17, 6, 0.00, 0, 'N', '2016-03-04 15:35:48', '2016-03-04 15:35:48');
INSERT INTO edu_registration_quarter_results (`id`, `edu_registration_quarter_id`, `edu_course_id`, `course_result`, `course_rank`, `result_indicator`, `created`, `modified`) VALUES(103, 18, 1, 0.00, 0, 'N', '2016-03-04 15:35:48', '2016-03-04 15:35:48');
INSERT INTO edu_registration_quarter_results (`id`, `edu_registration_quarter_id`, `edu_course_id`, `course_result`, `course_rank`, `result_indicator`, `created`, `modified`) VALUES(104, 18, 2, 0.00, 0, 'N', '2016-03-04 15:35:48', '2016-03-04 15:35:48');
INSERT INTO edu_registration_quarter_results (`id`, `edu_registration_quarter_id`, `edu_course_id`, `course_result`, `course_rank`, `result_indicator`, `created`, `modified`) VALUES(105, 18, 3, 0.00, 0, 'N', '2016-03-04 15:35:48', '2016-03-04 15:35:48');
INSERT INTO edu_registration_quarter_results (`id`, `edu_registration_quarter_id`, `edu_course_id`, `course_result`, `course_rank`, `result_indicator`, `created`, `modified`) VALUES(106, 18, 4, 0.00, 0, 'N', '2016-03-04 15:35:48', '2016-03-04 15:35:48');
INSERT INTO edu_registration_quarter_results (`id`, `edu_registration_quarter_id`, `edu_course_id`, `course_result`, `course_rank`, `result_indicator`, `created`, `modified`) VALUES(107, 18, 5, 0.00, 0, 'N', '2016-03-04 15:35:48', '2016-03-04 15:35:48');
INSERT INTO edu_registration_quarter_results (`id`, `edu_registration_quarter_id`, `edu_course_id`, `course_result`, `course_rank`, `result_indicator`, `created`, `modified`) VALUES(108, 18, 6, 0.00, 0, 'N', '2016-03-04 15:35:48', '2016-03-04 15:35:48');
INSERT INTO edu_registration_quarter_results (`id`, `edu_registration_quarter_id`, `edu_course_id`, `course_result`, `course_rank`, `result_indicator`, `created`, `modified`) VALUES(109, 19, 1, 0.00, 0, 'N', '2016-03-04 15:35:48', '2016-03-04 15:35:48');
INSERT INTO edu_registration_quarter_results (`id`, `edu_registration_quarter_id`, `edu_course_id`, `course_result`, `course_rank`, `result_indicator`, `created`, `modified`) VALUES(110, 19, 2, 0.00, 0, 'N', '2016-03-04 15:35:48', '2016-03-04 15:35:48');
INSERT INTO edu_registration_quarter_results (`id`, `edu_registration_quarter_id`, `edu_course_id`, `course_result`, `course_rank`, `result_indicator`, `created`, `modified`) VALUES(111, 19, 3, 0.00, 0, 'N', '2016-03-04 15:35:48', '2016-03-04 15:35:48');
INSERT INTO edu_registration_quarter_results (`id`, `edu_registration_quarter_id`, `edu_course_id`, `course_result`, `course_rank`, `result_indicator`, `created`, `modified`) VALUES(112, 19, 4, 0.00, 0, 'N', '2016-03-04 15:35:48', '2016-03-04 15:35:48');
INSERT INTO edu_registration_quarter_results (`id`, `edu_registration_quarter_id`, `edu_course_id`, `course_result`, `course_rank`, `result_indicator`, `created`, `modified`) VALUES(113, 19, 5, 0.00, 0, 'N', '2016-03-04 15:35:48', '2016-03-04 15:35:48');
INSERT INTO edu_registration_quarter_results (`id`, `edu_registration_quarter_id`, `edu_course_id`, `course_result`, `course_rank`, `result_indicator`, `created`, `modified`) VALUES(114, 19, 6, 0.00, 0, 'N', '2016-03-04 15:35:48', '2016-03-04 15:35:48');
INSERT INTO edu_registration_quarter_results (`id`, `edu_registration_quarter_id`, `edu_course_id`, `course_result`, `course_rank`, `result_indicator`, `created`, `modified`) VALUES(115, 20, 1, 0.00, 0, 'N', '2016-03-05 14:27:28', '2016-03-05 14:27:28');
INSERT INTO edu_registration_quarter_results (`id`, `edu_registration_quarter_id`, `edu_course_id`, `course_result`, `course_rank`, `result_indicator`, `created`, `modified`) VALUES(116, 20, 2, 0.00, 0, 'N', '2016-03-05 14:27:28', '2016-03-05 14:27:28');
INSERT INTO edu_registration_quarter_results (`id`, `edu_registration_quarter_id`, `edu_course_id`, `course_result`, `course_rank`, `result_indicator`, `created`, `modified`) VALUES(117, 20, 3, 0.00, 0, 'N', '2016-03-05 14:27:28', '2016-03-05 14:27:28');
INSERT INTO edu_registration_quarter_results (`id`, `edu_registration_quarter_id`, `edu_course_id`, `course_result`, `course_rank`, `result_indicator`, `created`, `modified`) VALUES(118, 20, 4, 0.00, 0, 'N', '2016-03-05 14:27:28', '2016-03-05 14:27:28');
INSERT INTO edu_registration_quarter_results (`id`, `edu_registration_quarter_id`, `edu_course_id`, `course_result`, `course_rank`, `result_indicator`, `created`, `modified`) VALUES(119, 20, 5, 0.00, 0, 'N', '2016-03-05 14:27:28', '2016-03-05 14:27:28');
INSERT INTO edu_registration_quarter_results (`id`, `edu_registration_quarter_id`, `edu_course_id`, `course_result`, `course_rank`, `result_indicator`, `created`, `modified`) VALUES(120, 20, 6, 0.00, 0, 'N', '2016-03-05 14:27:28', '2016-03-05 14:27:28');
INSERT INTO edu_registration_quarter_results (`id`, `edu_registration_quarter_id`, `edu_course_id`, `course_result`, `course_rank`, `result_indicator`, `created`, `modified`) VALUES(121, 21, 1, 0.00, 0, 'N', '2016-03-05 14:27:28', '2016-03-05 14:27:28');
INSERT INTO edu_registration_quarter_results (`id`, `edu_registration_quarter_id`, `edu_course_id`, `course_result`, `course_rank`, `result_indicator`, `created`, `modified`) VALUES(122, 21, 2, 0.00, 0, 'N', '2016-03-05 14:27:28', '2016-03-05 14:27:28');
INSERT INTO edu_registration_quarter_results (`id`, `edu_registration_quarter_id`, `edu_course_id`, `course_result`, `course_rank`, `result_indicator`, `created`, `modified`) VALUES(123, 21, 3, 0.00, 0, 'N', '2016-03-05 14:27:28', '2016-03-05 14:27:28');
INSERT INTO edu_registration_quarter_results (`id`, `edu_registration_quarter_id`, `edu_course_id`, `course_result`, `course_rank`, `result_indicator`, `created`, `modified`) VALUES(124, 21, 4, 0.00, 0, 'N', '2016-03-05 14:27:28', '2016-03-05 14:27:28');
INSERT INTO edu_registration_quarter_results (`id`, `edu_registration_quarter_id`, `edu_course_id`, `course_result`, `course_rank`, `result_indicator`, `created`, `modified`) VALUES(125, 21, 5, 0.00, 0, 'N', '2016-03-05 14:27:28', '2016-03-05 14:27:28');
INSERT INTO edu_registration_quarter_results (`id`, `edu_registration_quarter_id`, `edu_course_id`, `course_result`, `course_rank`, `result_indicator`, `created`, `modified`) VALUES(126, 21, 6, 0.00, 0, 'N', '2016-03-05 14:27:28', '2016-03-05 14:27:28');
INSERT INTO edu_registration_quarter_results (`id`, `edu_registration_quarter_id`, `edu_course_id`, `course_result`, `course_rank`, `result_indicator`, `created`, `modified`) VALUES(127, 22, 1, 0.00, 0, 'N', '2016-03-05 14:27:28', '2016-03-05 14:27:28');
INSERT INTO edu_registration_quarter_results (`id`, `edu_registration_quarter_id`, `edu_course_id`, `course_result`, `course_rank`, `result_indicator`, `created`, `modified`) VALUES(128, 22, 2, 0.00, 0, 'N', '2016-03-05 14:27:28', '2016-03-05 14:27:28');
INSERT INTO edu_registration_quarter_results (`id`, `edu_registration_quarter_id`, `edu_course_id`, `course_result`, `course_rank`, `result_indicator`, `created`, `modified`) VALUES(129, 22, 3, 0.00, 0, 'N', '2016-03-05 14:27:28', '2016-03-05 14:27:28');
INSERT INTO edu_registration_quarter_results (`id`, `edu_registration_quarter_id`, `edu_course_id`, `course_result`, `course_rank`, `result_indicator`, `created`, `modified`) VALUES(130, 22, 4, 0.00, 0, 'N', '2016-03-05 14:27:28', '2016-03-05 14:27:28');
INSERT INTO edu_registration_quarter_results (`id`, `edu_registration_quarter_id`, `edu_course_id`, `course_result`, `course_rank`, `result_indicator`, `created`, `modified`) VALUES(131, 22, 5, 0.00, 0, 'N', '2016-03-05 14:27:28', '2016-03-05 14:27:28');
INSERT INTO edu_registration_quarter_results (`id`, `edu_registration_quarter_id`, `edu_course_id`, `course_result`, `course_rank`, `result_indicator`, `created`, `modified`) VALUES(132, 22, 6, 0.00, 0, 'N', '2016-03-05 14:27:28', '2016-03-05 14:27:28');
INSERT INTO edu_registration_quarter_results (`id`, `edu_registration_quarter_id`, `edu_course_id`, `course_result`, `course_rank`, `result_indicator`, `created`, `modified`) VALUES(133, 23, 1, 0.00, 0, 'N', '2016-03-05 14:27:28', '2016-03-05 14:27:28');
INSERT INTO edu_registration_quarter_results (`id`, `edu_registration_quarter_id`, `edu_course_id`, `course_result`, `course_rank`, `result_indicator`, `created`, `modified`) VALUES(134, 23, 2, 0.00, 0, 'N', '2016-03-05 14:27:28', '2016-03-05 14:27:28');
INSERT INTO edu_registration_quarter_results (`id`, `edu_registration_quarter_id`, `edu_course_id`, `course_result`, `course_rank`, `result_indicator`, `created`, `modified`) VALUES(135, 23, 3, 0.00, 0, 'N', '2016-03-05 14:27:28', '2016-03-05 14:27:28');
INSERT INTO edu_registration_quarter_results (`id`, `edu_registration_quarter_id`, `edu_course_id`, `course_result`, `course_rank`, `result_indicator`, `created`, `modified`) VALUES(136, 23, 4, 0.00, 0, 'N', '2016-03-05 14:27:28', '2016-03-05 14:27:28');
INSERT INTO edu_registration_quarter_results (`id`, `edu_registration_quarter_id`, `edu_course_id`, `course_result`, `course_rank`, `result_indicator`, `created`, `modified`) VALUES(137, 23, 5, 0.00, 0, 'N', '2016-03-05 14:27:28', '2016-03-05 14:27:28');
INSERT INTO edu_registration_quarter_results (`id`, `edu_registration_quarter_id`, `edu_course_id`, `course_result`, `course_rank`, `result_indicator`, `created`, `modified`) VALUES(138, 23, 6, 0.00, 0, 'N', '2016-03-05 14:27:28', '2016-03-05 14:27:28');
INSERT INTO edu_registration_quarters (`id`, `edu_registration_id`, `edu_quarter_id`, `quarter_average`, `quarter_rank`, `class_rank`, `created`, `modified`) VALUES(1, 4, 2, 0.00, 0, 0, '2016-03-04 13:24:14', '2016-03-04 13:24:14');
INSERT INTO edu_registration_quarters (`id`, `edu_registration_id`, `edu_quarter_id`, `quarter_average`, `quarter_rank`, `class_rank`, `created`, `modified`) VALUES(2, 4, 3, 0.00, 0, 0, '2016-03-04 13:24:14', '2016-03-04 13:24:14');
INSERT INTO edu_registration_quarters (`id`, `edu_registration_id`, `edu_quarter_id`, `quarter_average`, `quarter_rank`, `class_rank`, `created`, `modified`) VALUES(3, 4, 4, 0.00, 0, 0, '2016-03-04 13:24:15', '2016-03-04 13:24:15');
INSERT INTO edu_registration_quarters (`id`, `edu_registration_id`, `edu_quarter_id`, `quarter_average`, `quarter_rank`, `class_rank`, `created`, `modified`) VALUES(4, 5, 1, 0.00, 0, 0, '2016-03-04 13:52:36', '2016-03-04 13:52:36');
INSERT INTO edu_registration_quarters (`id`, `edu_registration_id`, `edu_quarter_id`, `quarter_average`, `quarter_rank`, `class_rank`, `created`, `modified`) VALUES(5, 5, 2, 0.00, 0, 0, '2016-03-04 13:52:36', '2016-03-04 13:52:36');
INSERT INTO edu_registration_quarters (`id`, `edu_registration_id`, `edu_quarter_id`, `quarter_average`, `quarter_rank`, `class_rank`, `created`, `modified`) VALUES(6, 5, 3, 0.00, 0, 0, '2016-03-04 13:52:36', '2016-03-04 13:52:36');
INSERT INTO edu_registration_quarters (`id`, `edu_registration_id`, `edu_quarter_id`, `quarter_average`, `quarter_rank`, `class_rank`, `created`, `modified`) VALUES(7, 5, 4, 0.00, 0, 0, '2016-03-04 13:52:36', '2016-03-04 13:52:36');
INSERT INTO edu_registration_quarters (`id`, `edu_registration_id`, `edu_quarter_id`, `quarter_average`, `quarter_rank`, `class_rank`, `created`, `modified`) VALUES(8, 6, 1, 0.00, 0, 0, '2016-03-04 15:12:01', '2016-03-04 15:12:01');
INSERT INTO edu_registration_quarters (`id`, `edu_registration_id`, `edu_quarter_id`, `quarter_average`, `quarter_rank`, `class_rank`, `created`, `modified`) VALUES(9, 6, 2, 0.00, 0, 0, '2016-03-04 15:12:01', '2016-03-04 15:12:01');
INSERT INTO edu_registration_quarters (`id`, `edu_registration_id`, `edu_quarter_id`, `quarter_average`, `quarter_rank`, `class_rank`, `created`, `modified`) VALUES(10, 6, 3, 0.00, 0, 0, '2016-03-04 15:12:01', '2016-03-04 15:12:01');
INSERT INTO edu_registration_quarters (`id`, `edu_registration_id`, `edu_quarter_id`, `quarter_average`, `quarter_rank`, `class_rank`, `created`, `modified`) VALUES(11, 6, 4, 0.00, 0, 0, '2016-03-04 15:12:02', '2016-03-04 15:12:02');
INSERT INTO edu_registration_quarters (`id`, `edu_registration_id`, `edu_quarter_id`, `quarter_average`, `quarter_rank`, `class_rank`, `created`, `modified`) VALUES(12, 7, 1, 0.00, 0, 0, '2016-03-04 15:23:57', '2016-03-04 15:23:57');
INSERT INTO edu_registration_quarters (`id`, `edu_registration_id`, `edu_quarter_id`, `quarter_average`, `quarter_rank`, `class_rank`, `created`, `modified`) VALUES(13, 7, 2, 0.00, 0, 0, '2016-03-04 15:23:57', '2016-03-04 15:23:57');
INSERT INTO edu_registration_quarters (`id`, `edu_registration_id`, `edu_quarter_id`, `quarter_average`, `quarter_rank`, `class_rank`, `created`, `modified`) VALUES(14, 7, 3, 0.00, 0, 0, '2016-03-04 15:23:57', '2016-03-04 15:23:57');
INSERT INTO edu_registration_quarters (`id`, `edu_registration_id`, `edu_quarter_id`, `quarter_average`, `quarter_rank`, `class_rank`, `created`, `modified`) VALUES(15, 7, 4, 0.00, 0, 0, '2016-03-04 15:23:57', '2016-03-04 15:23:57');
INSERT INTO edu_registration_quarters (`id`, `edu_registration_id`, `edu_quarter_id`, `quarter_average`, `quarter_rank`, `class_rank`, `created`, `modified`) VALUES(16, 8, 1, 0.00, 0, 0, '2016-03-04 15:35:47', '2016-03-04 15:35:47');
INSERT INTO edu_registration_quarters (`id`, `edu_registration_id`, `edu_quarter_id`, `quarter_average`, `quarter_rank`, `class_rank`, `created`, `modified`) VALUES(17, 8, 2, 0.00, 0, 0, '2016-03-04 15:35:47', '2016-03-04 15:35:47');
INSERT INTO edu_registration_quarters (`id`, `edu_registration_id`, `edu_quarter_id`, `quarter_average`, `quarter_rank`, `class_rank`, `created`, `modified`) VALUES(18, 8, 3, 0.00, 0, 0, '2016-03-04 15:35:48', '2016-03-04 15:35:48');
INSERT INTO edu_registration_quarters (`id`, `edu_registration_id`, `edu_quarter_id`, `quarter_average`, `quarter_rank`, `class_rank`, `created`, `modified`) VALUES(19, 8, 4, 0.00, 0, 0, '2016-03-04 15:35:48', '2016-03-04 15:35:48');
INSERT INTO edu_registration_quarters (`id`, `edu_registration_id`, `edu_quarter_id`, `quarter_average`, `quarter_rank`, `class_rank`, `created`, `modified`) VALUES(20, 9, 1, 0.00, 0, 0, '2016-03-05 14:27:28', '2016-03-05 14:27:28');
INSERT INTO edu_registration_quarters (`id`, `edu_registration_id`, `edu_quarter_id`, `quarter_average`, `quarter_rank`, `class_rank`, `created`, `modified`) VALUES(21, 9, 2, 0.00, 0, 0, '2016-03-05 14:27:28', '2016-03-05 14:27:28');
INSERT INTO edu_registration_quarters (`id`, `edu_registration_id`, `edu_quarter_id`, `quarter_average`, `quarter_rank`, `class_rank`, `created`, `modified`) VALUES(22, 9, 3, 0.00, 0, 0, '2016-03-05 14:27:28', '2016-03-05 14:27:28');
INSERT INTO edu_registration_quarters (`id`, `edu_registration_id`, `edu_quarter_id`, `quarter_average`, `quarter_rank`, `class_rank`, `created`, `modified`) VALUES(23, 9, 4, 0.00, 0, 0, '2016-03-05 14:27:28', '2016-03-05 14:27:28');
INSERT INTO edu_registrations (`id`, `name`, `edu_student_id`, `edu_class_id`, `edu_section_id`, `edu_campus_id`, `grand_total_average`, `rank`, `status`, `failure_count`, `allowed`, `created`, `modified`) VALUES(2, 'ABEBE', 2, 1, 0, 1, 0.00, 0, 'A', 0, 'A', '2016-02-26 08:51:59', '2016-02-26 08:51:59');
INSERT INTO edu_registrations (`id`, `name`, `edu_student_id`, `edu_class_id`, `edu_section_id`, `edu_campus_id`, `grand_total_average`, `rank`, `status`, `failure_count`, `allowed`, `created`, `modified`) VALUES(3, 'AAA', 3, 1, 0, 1, 0.00, 0, 'A', 0, 'A', '2016-02-26 09:02:07', '2016-02-26 09:02:07');
INSERT INTO edu_registrations (`id`, `name`, `edu_student_id`, `edu_class_id`, `edu_section_id`, `edu_campus_id`, `grand_total_average`, `rank`, `status`, `failure_count`, `allowed`, `created`, `modified`) VALUES(4, 'NATNAEL BEHAILU SINTAYEHU', 4, 1, 0, 1, 0.00, 0, 'A', 0, 'A', '2016-03-04 13:24:14', '2016-03-04 13:24:14');
INSERT INTO edu_registrations (`id`, `name`, `edu_student_id`, `edu_class_id`, `edu_section_id`, `edu_campus_id`, `grand_total_average`, `rank`, `status`, `failure_count`, `allowed`, `created`, `modified`) VALUES(5, 'YEABSERA ANDUALEM FANTU', 5, 1, 0, 1, 0.00, 0, 'A', 0, 'A', '2016-03-04 13:52:36', '2016-03-04 13:52:36');
INSERT INTO edu_registrations (`id`, `name`, `edu_student_id`, `edu_class_id`, `edu_section_id`, `edu_campus_id`, `grand_total_average`, `rank`, `status`, `failure_count`, `allowed`, `created`, `modified`) VALUES(6, 'Y A F', 6, 1, 0, 1, 0.00, 0, 'A', 0, 'A', '2016-03-04 15:12:01', '2016-03-04 15:12:01');
INSERT INTO edu_registrations (`id`, `name`, `edu_student_id`, `edu_class_id`, `edu_section_id`, `edu_campus_id`, `grand_total_average`, `rank`, `status`, `failure_count`, `allowed`, `created`, `modified`) VALUES(7, 'E A T', 7, 1, 0, 1, 0.00, 0, 'A', 0, 'A', '2016-03-04 15:23:57', '2016-03-04 15:23:57');
INSERT INTO edu_registrations (`id`, `name`, `edu_student_id`, `edu_class_id`, `edu_section_id`, `edu_campus_id`, `grand_total_average`, `rank`, `status`, `failure_count`, `allowed`, `created`, `modified`) VALUES(8, 'REZENE HAGOS DEGU', 8, 1, 0, 1, 0.00, 0, 'A', 0, 'A', '2016-03-04 15:35:47', '2016-03-04 15:35:47');
INSERT INTO edu_registrations (`id`, `name`, `edu_student_id`, `edu_class_id`, `edu_section_id`, `edu_campus_id`, `grand_total_average`, `rank`, `status`, `failure_count`, `allowed`, `created`, `modified`) VALUES(9, 'AYALEW DELALAW TEMECHEW', 9, 1, 0, 1, 0.00, 0, 'A', 0, 'A', '2016-03-05 14:27:27', '2016-03-05 14:27:27');
INSERT INTO edu_required_documents (`id`, `name`, `edu_registration_id`, `presented`) VALUES(1, 'vaccination', 1, 1);
INSERT INTO edu_required_documents (`id`, `name`, `edu_registration_id`, `presented`) VALUES(2, 'birth_certificate', 1, 1);
INSERT INTO edu_required_documents (`id`, `name`, `edu_registration_id`, `presented`) VALUES(3, 'vaccination', 2, 1);
INSERT INTO edu_required_documents (`id`, `name`, `edu_registration_id`, `presented`) VALUES(4, 'birth_certificate', 2, 1);
INSERT INTO edu_required_documents (`id`, `name`, `edu_registration_id`, `presented`) VALUES(5, 'vaccination', 3, 1);
INSERT INTO edu_required_documents (`id`, `name`, `edu_registration_id`, `presented`) VALUES(6, 'birth_certificate', 3, 1);
INSERT INTO edu_required_documents (`id`, `name`, `edu_registration_id`, `presented`) VALUES(7, 'vaccination', 4, 1);
INSERT INTO edu_required_documents (`id`, `name`, `edu_registration_id`, `presented`) VALUES(8, 'birth_certificate', 4, 1);
INSERT INTO edu_required_documents (`id`, `name`, `edu_registration_id`, `presented`) VALUES(9, 'vaccination', 5, 1);
INSERT INTO edu_required_documents (`id`, `name`, `edu_registration_id`, `presented`) VALUES(10, 'birth_certificate', 5, 1);
INSERT INTO edu_required_documents (`id`, `name`, `edu_registration_id`, `presented`) VALUES(11, 'vaccination', 6, 1);
INSERT INTO edu_required_documents (`id`, `name`, `edu_registration_id`, `presented`) VALUES(12, 'birth_certificate', 6, 1);
INSERT INTO edu_required_documents (`id`, `name`, `edu_registration_id`, `presented`) VALUES(13, 'vaccination', 7, 1);
INSERT INTO edu_required_documents (`id`, `name`, `edu_registration_id`, `presented`) VALUES(14, 'birth_certificate', 7, 1);
INSERT INTO edu_required_documents (`id`, `name`, `edu_registration_id`, `presented`) VALUES(15, 'vaccination', 8, 1);
INSERT INTO edu_required_documents (`id`, `name`, `edu_registration_id`, `presented`) VALUES(16, 'birth_certificate', 8, 1);
INSERT INTO edu_required_documents (`id`, `name`, `edu_registration_id`, `presented`) VALUES(17, 'vaccination', 9, 1);
INSERT INTO edu_required_documents (`id`, `name`, `edu_registration_id`, `presented`) VALUES(18, 'birth_certificate', 9, 1);
INSERT INTO edu_student_conditions (`id`, `edu_student_id`, `learning_condition`, `health_condition`, `treatment_type`, `health_care_institute`, `physician`, `alergy`, `physical_condition`, `created`, `modified`) VALUES(2, 2, 'Normal', 'Normal', '', '', '', 'Nothing', 'Normal', '2016-02-26 08:51:59', '2016-02-26 08:51:59');
INSERT INTO edu_student_conditions (`id`, `edu_student_id`, `learning_condition`, `health_condition`, `treatment_type`, `health_care_institute`, `physician`, `alergy`, `physical_condition`, `created`, `modified`) VALUES(3, 3, 'Normal', 'Normal', '', '', '', 'Nothing', 'Normal', '2016-02-26 09:02:07', '2016-02-26 09:02:07');
INSERT INTO edu_student_conditions (`id`, `edu_student_id`, `learning_condition`, `health_condition`, `treatment_type`, `health_care_institute`, `physician`, `alergy`, `physical_condition`, `created`, `modified`) VALUES(4, 4, 'Normal', 'Normal', '', '', '', 'Nothing', 'Normal', '2016-03-04 13:24:15', '2016-03-04 13:24:15');
INSERT INTO edu_student_conditions (`id`, `edu_student_id`, `learning_condition`, `health_condition`, `treatment_type`, `health_care_institute`, `physician`, `alergy`, `physical_condition`, `created`, `modified`) VALUES(5, 5, 'Normal', 'Normal', '', '', '', 'Nothing', 'Normal', '2016-03-04 13:52:36', '2016-03-04 13:52:36');
INSERT INTO edu_student_conditions (`id`, `edu_student_id`, `learning_condition`, `health_condition`, `treatment_type`, `health_care_institute`, `physician`, `alergy`, `physical_condition`, `created`, `modified`) VALUES(6, 6, 'Normal', 'Normal', '', '', '', 'Nothing', 'Normal', '2016-03-04 15:12:02', '2016-03-04 15:12:02');
INSERT INTO edu_student_conditions (`id`, `edu_student_id`, `learning_condition`, `health_condition`, `treatment_type`, `health_care_institute`, `physician`, `alergy`, `physical_condition`, `created`, `modified`) VALUES(7, 7, 'Normal', 'Normal', '', '', '', 'Nothing', 'Normal', '2016-03-04 15:23:57', '2016-03-04 15:23:57');
INSERT INTO edu_student_conditions (`id`, `edu_student_id`, `learning_condition`, `health_condition`, `treatment_type`, `health_care_institute`, `physician`, `alergy`, `physical_condition`, `created`, `modified`) VALUES(8, 8, 'Normal', 'Normal', '', '', '', 'Nothing', 'Normal', '2016-03-04 15:35:48', '2016-03-04 15:35:48');
INSERT INTO edu_student_conditions (`id`, `edu_student_id`, `learning_condition`, `health_condition`, `treatment_type`, `health_care_institute`, `physician`, `alergy`, `physical_condition`, `created`, `modified`) VALUES(9, 9, 'Normal', 'Not Normal', '', '', '', 'SUN', 'hand', '2016-03-05 14:27:28', '2016-03-05 14:27:28');
INSERT INTO edu_students (`id`, `name`, `identity_number`, `birth_date`, `registration_date`, `gender`, `nationality`, `edu_parent_id`, `user_id`, `photo_file_name`, `maker_id`, `status`, `created`, `modified`) VALUES(2, 'ABEBE', 'CHA/16/0001', '2013-02-26', '2016-02-26', 'F', 'Ethiopian', 2, 5, '1456214711.gif', 1, 1, '2016-02-26 08:51:59', '2016-02-26 08:51:59');
INSERT INTO edu_students (`id`, `name`, `identity_number`, `birth_date`, `registration_date`, `gender`, `nationality`, `edu_parent_id`, `user_id`, `photo_file_name`, `maker_id`, `status`, `created`, `modified`) VALUES(3, 'Eyobed Abenezer Tiruneh', 'CHA/16/0002', '2013-02-26', '2016-02-26', 'F', 'Ethiopian', 3, 7, '1456214711.gif', 1, 1, '2016-02-26 09:02:07', '2016-02-26 09:02:07');
INSERT INTO edu_students (`id`, `name`, `identity_number`, `birth_date`, `registration_date`, `gender`, `nationality`, `edu_parent_id`, `user_id`, `photo_file_name`, `maker_id`, `status`, `created`, `modified`) VALUES(4, 'NATNAEL BEHAILU SINTAYEHU', 'CHA/16/0003', '2012-05-14', '2016-03-04', 'M', 'Ethiopian', 10, 15, '1457097854.png', 1, 1, '2016-03-04 13:24:14', '2016-03-04 13:24:14');
INSERT INTO edu_students (`id`, `name`, `identity_number`, `birth_date`, `registration_date`, `gender`, `nationality`, `edu_parent_id`, `user_id`, `photo_file_name`, `maker_id`, `status`, `created`, `modified`) VALUES(5, 'YEABSERA ANDUALEM FANTU', 'CHA/16/0004', '2011-02-04', '2016-03-04', 'M', 'Ethiopian', 11, 17, '1457099556.png', 1, 1, '2016-03-04 13:52:36', '2016-03-04 13:52:36');
INSERT INTO edu_students (`id`, `name`, `identity_number`, `birth_date`, `registration_date`, `gender`, `nationality`, `edu_parent_id`, `user_id`, `photo_file_name`, `maker_id`, `status`, `created`, `modified`) VALUES(6, 'Y A F', 'CHA/16/0005', '2013-03-04', '2016-03-04', 'F', 'Ethiopian', 12, 19, '1457104321.png', 1, 1, '2016-03-04 15:12:01', '2016-03-04 15:12:01');
INSERT INTO edu_students (`id`, `name`, `identity_number`, `birth_date`, `registration_date`, `gender`, `nationality`, `edu_parent_id`, `user_id`, `photo_file_name`, `maker_id`, `status`, `created`, `modified`) VALUES(7, 'E A T', 'CHA/16/0006', '2013-03-04', '2016-03-04', 'M', 'Ethiopian', 13, 21, '1457105037.png', 1, 1, '2016-03-04 15:23:57', '2016-03-04 15:23:57');
INSERT INTO edu_students (`id`, `name`, `identity_number`, `birth_date`, `registration_date`, `gender`, `nationality`, `edu_parent_id`, `user_id`, `photo_file_name`, `maker_id`, `status`, `created`, `modified`) VALUES(8, 'REZENE HAGOS DEGU', 'CHA/16/0007', '2011-09-06', '2016-03-04', 'M', 'Ethiopian', 14, 23, '1457105747.png', 1, 1, '2016-03-04 15:35:47', '2016-03-04 15:35:47');
INSERT INTO edu_students (`id`, `name`, `identity_number`, `birth_date`, `registration_date`, `gender`, `nationality`, `edu_parent_id`, `user_id`, `photo_file_name`, `maker_id`, `status`, `created`, `modified`) VALUES(9, 'AYALEW DELALAW TEMECHEW', 'CHA/16/0008', '2013-03-05', '2016-03-05', 'M', 'Ethiopian', 16, 26, '1457188047.jpg', 1, 1, '2016-03-05 14:27:27', '2016-03-05 14:27:27');
INSERT INTO edu_subjects (`id`, `name`, `description`, `min_for_pass`, `is_mandatory`, `color`, `created`, `modified`) VALUES(1, 'Amharic', 'Amharic', 50.00, 1, 'green', '2016-02-21 17:15:51', '2016-02-21 17:48:57');
INSERT INTO edu_subjects (`id`, `name`, `description`, `min_for_pass`, `is_mandatory`, `color`, `created`, `modified`) VALUES(2, 'English', 'English', 50.00, 1, 'red', '2016-02-21 17:36:30', '2016-02-21 17:36:30');
INSERT INTO edu_subjects (`id`, `name`, `description`, `min_for_pass`, `is_mandatory`, `color`, `created`, `modified`) VALUES(3, 'Mathematics in English', 'Mathematics in English', 50.00, 1, 'blue', '2016-02-21 17:37:32', '2016-02-21 17:37:32');
INSERT INTO edu_subjects (`id`, `name`, `description`, `min_for_pass`, `is_mandatory`, `color`, `created`, `modified`) VALUES(4, 'Mathematics in Amharic', 'Mathematics in Amharic', 50.00, 1, 'green', '2016-02-21 17:38:13', '2016-02-21 17:38:13');
INSERT INTO edu_subjects (`id`, `name`, `description`, `min_for_pass`, `is_mandatory`, `color`, `created`, `modified`) VALUES(5, 'History', 'History', 50.00, 0, 'red', '2016-02-21 17:39:00', '2016-02-21 17:39:00');
INSERT INTO edu_subjects (`id`, `name`, `description`, `min_for_pass`, `is_mandatory`, `color`, `created`, `modified`) VALUES(6, 'Biology', 'Biology', 50.00, 0, 'blue', '2016-02-21 17:39:27', '2016-02-21 17:39:27');
INSERT INTO edu_subjects (`id`, `name`, `description`, `min_for_pass`, `is_mandatory`, `color`, `created`, `modified`) VALUES(7, 'Chemistry', 'Chemistry', 50.00, 0, 'green', '2016-02-21 17:40:01', '2016-02-21 17:40:01');
INSERT INTO edu_subjects (`id`, `name`, `description`, `min_for_pass`, `is_mandatory`, `color`, `created`, `modified`) VALUES(8, 'Environmental Science', 'Environmental Science', 50.00, 0, 'red', '2016-02-21 17:42:13', '2016-02-21 17:42:13');
INSERT INTO edu_subjects (`id`, `name`, `description`, `min_for_pass`, `is_mandatory`, `color`, `created`, `modified`) VALUES(9, 'Social Science', 'Social Science', 50.00, 0, 'blue', '2016-02-21 17:42:34', '2016-02-21 17:42:34');
INSERT INTO edu_subjects (`id`, `name`, `description`, `min_for_pass`, `is_mandatory`, `color`, `created`, `modified`) VALUES(10, 'Geography', 'Geography', 50.00, 0, 'green', '2016-02-21 17:42:53', '2016-02-21 17:42:53');
INSERT INTO edu_subjects (`id`, `name`, `description`, `min_for_pass`, `is_mandatory`, `color`, `created`, `modified`) VALUES(11, 'Physical Education', 'Physical Education', 50.00, 0, 'green', '2016-02-21 17:43:22', '2016-02-21 17:43:22');
INSERT INTO edu_subjects (`id`, `name`, `description`, `min_for_pass`, `is_mandatory`, `color`, `created`, `modified`) VALUES(12, 'Civics', 'Civics', 50.00, 0, 'blue', '2016-02-21 17:43:41', '2016-02-21 17:43:41');
INSERT INTO edu_subjects (`id`, `name`, `description`, `min_for_pass`, `is_mandatory`, `color`, `created`, `modified`) VALUES(13, 'ICT', 'ICT', 50.00, 0, 'green', '2016-02-21 17:44:03', '2016-02-21 17:44:03');
INSERT INTO edu_subjects (`id`, `name`, `description`, `min_for_pass`, `is_mandatory`, `color`, `created`, `modified`) VALUES(14, 'Physics', 'Physics', 50.00, 0, 'red', '2016-02-21 17:44:56', '2016-02-21 17:44:56');
INSERT INTO edu_subjects (`id`, `name`, `description`, `min_for_pass`, `is_mandatory`, `color`, `created`, `modified`) VALUES(15, 'Art', 'Art', 50.00, 0, 'blue', '2016-02-21 17:46:02', '2016-02-21 17:46:32');
INSERT INTO edu_subjects (`id`, `name`, `description`, `min_for_pass`, `is_mandatory`, `color`, `created`, `modified`) VALUES(16, 'Music', 'Music', 50.00, 0, 'green', '2016-02-21 17:56:34', '2016-02-21 17:56:34');
INSERT INTO edu_subscriptions (`id`, `name`, `edu_parent_id`, `sms`, `email`, `portal`, `created`, `modified`) VALUES(1, 'Attendance', 16, 1, 1, 1, '2016-03-05 14:27:27', '2016-03-05 14:27:27');
INSERT INTO edu_subscriptions (`id`, `name`, `edu_parent_id`, `sms`, `email`, `portal`, `created`, `modified`) VALUES(2, 'Student Result', 16, 0, 1, 1, '2016-03-05 14:27:27', '2016-03-05 14:27:27');
INSERT INTO edu_subscriptions (`id`, `name`, `edu_parent_id`, `sms`, `email`, `portal`, `created`, `modified`) VALUES(3, 'Payments', 16, 1, 0, 1, '2016-03-05 14:27:27', '2016-03-05 14:27:27');
INSERT INTO edu_subscriptions (`id`, `name`, `edu_parent_id`, `sms`, `email`, `portal`, `created`, `modified`) VALUES(4, 'Announcements', 16, 1, 1, 0, '2016-03-05 14:27:27', '2016-03-05 14:27:27');
INSERT INTO groups (`id`, `name`, `description`, `is_builtin`, `created`, `modified`) VALUES(1, 'Administrators', 'Administrators can manage everything in the system.', 1, '2009-07-01 15:58:05', '2011-06-29 20:33:31');
INSERT INTO groups (`id`, `name`, `description`, `is_builtin`, `created`, `modified`) VALUES(3, 'Teacher', 'Teacher', 1, '2014-05-24 07:35:22', '2015-06-24 07:09:48');
INSERT INTO groups (`id`, `name`, `description`, `is_builtin`, `created`, `modified`) VALUES(4, 'Registrar', 'Registrar manages most of the educational tasks and the admin parts', 1, '2014-06-10 12:55:31', '2014-06-10 12:55:31');
INSERT INTO groups (`id`, `name`, `description`, `is_builtin`, `created`, `modified`) VALUES(5, 'Accountant', 'Accountant maintains journals, transactions, financial reports generation, etc, but not creating the charts of accounts', 1, '2014-06-10 12:55:43', '2015-06-18 15:10:45');
INSERT INTO groups (`id`, `name`, `description`, `is_builtin`, `created`, `modified`) VALUES(2, 'MIS Users', 'MIS Users can get access to reports.', 1, '2015-06-13 07:32:34', '2015-06-18 16:52:24');
INSERT INTO groups (`id`, `name`, `description`, `is_builtin`, `created`, `modified`) VALUES(6, 'Parent', 'Parent', 1, '2015-07-24 05:33:21', '2015-07-24 07:00:00');
INSERT INTO groups (`id`, `name`, `description`, `is_builtin`, `created`, `modified`) VALUES(7, 'Student', 'Student', 1, '2015-07-24 09:27:00', '2015-07-24 15:42:44');
INSERT INTO groups_permissions (`id`, `group_id`, `permission_id`) VALUES(1, 1, 2);
INSERT INTO groups_permissions (`id`, `group_id`, `permission_id`) VALUES(2, 5, 132);
INSERT INTO groups_permissions (`id`, `group_id`, `permission_id`) VALUES(3, 5, 133);
INSERT INTO groups_permissions (`id`, `group_id`, `permission_id`) VALUES(4, 5, 134);
INSERT INTO groups_permissions (`id`, `group_id`, `permission_id`) VALUES(5, 5, 135);
INSERT INTO groups_permissions (`id`, `group_id`, `permission_id`) VALUES(6, 5, 136);
INSERT INTO groups_permissions (`id`, `group_id`, `permission_id`) VALUES(8, 2, 138);
INSERT INTO groups_permissions (`id`, `group_id`, `permission_id`) VALUES(9, 2, 139);
INSERT INTO groups_permissions (`id`, `group_id`, `permission_id`) VALUES(10, 3, 140);
INSERT INTO groups_permissions (`id`, `group_id`, `permission_id`) VALUES(11, 3, 141);
INSERT INTO groups_permissions (`id`, `group_id`, `permission_id`) VALUES(12, 3, 142);
INSERT INTO groups_permissions (`id`, `group_id`, `permission_id`) VALUES(13, 3, 143);
INSERT INTO groups_permissions (`id`, `group_id`, `permission_id`) VALUES(14, 3, 144);
INSERT INTO groups_users (`id`, `group_id`, `user_id`) VALUES(1, 1, 1);
INSERT INTO groups_users (`id`, `group_id`, `user_id`) VALUES(4, 6, 4);
INSERT INTO groups_users (`id`, `group_id`, `user_id`) VALUES(5, 7, 5);
INSERT INTO groups_users (`id`, `group_id`, `user_id`) VALUES(6, 6, 6);
INSERT INTO groups_users (`id`, `group_id`, `user_id`) VALUES(7, 7, 7);
INSERT INTO groups_users (`id`, `group_id`, `user_id`) VALUES(14, 6, 14);
INSERT INTO groups_users (`id`, `group_id`, `user_id`) VALUES(15, 7, 15);
INSERT INTO groups_users (`id`, `group_id`, `user_id`) VALUES(16, 6, 16);
INSERT INTO groups_users (`id`, `group_id`, `user_id`) VALUES(17, 7, 17);
INSERT INTO groups_users (`id`, `group_id`, `user_id`) VALUES(18, 6, 18);
INSERT INTO groups_users (`id`, `group_id`, `user_id`) VALUES(19, 7, 19);
INSERT INTO groups_users (`id`, `group_id`, `user_id`) VALUES(20, 6, 20);
INSERT INTO groups_users (`id`, `group_id`, `user_id`) VALUES(21, 7, 21);
INSERT INTO groups_users (`id`, `group_id`, `user_id`) VALUES(22, 6, 22);
INSERT INTO groups_users (`id`, `group_id`, `user_id`) VALUES(23, 7, 23);
INSERT INTO groups_users (`id`, `group_id`, `user_id`) VALUES(25, 6, 25);
INSERT INTO groups_users (`id`, `group_id`, `user_id`) VALUES(26, 7, 26);
INSERT INTO help_contents (`id`, `name`, `code`, `content`, `created`, `modified`) VALUES(1, 'Introduction', 'INTRO', 'This is the introduction part of the help system.<br><br>This is the content indented for clarifying something.', '2016-02-20 19:57:55', '2016-02-20 19:57:55');
INSERT INTO help_contents (`id`, `name`, `code`, `content`, `created`, `modified`) VALUES(2, 'Getting Started', 'GS', '<font size=5>The Getting Started Content</font><br><br>I know this is the getting started page content.<br>', '2016-02-20 22:42:59', '2016-02-20 22:42:59');
INSERT INTO help_items (`id`, `title`, `parent_id`, `content`, `list_order`, `lft`, `rght`, `version`, `created`, `modified`) VALUES(1, 'RedFox Help', NULL, 'Redfox Help is a set of interrelated help contents that is vital to the healthy performance of the RedFox Schhol ERP sytem.', 1, 1, 6, '1.0.0', '2016-02-09 05:16:31', '2016-02-09 08:02:00');
INSERT INTO help_items (`id`, `title`, `parent_id`, `content`, `list_order`, `lft`, `rght`, `version`, `created`, `modified`) VALUES(2, 'Introduction', 1, '[[INTRO]]<br><br>[[INTRO]]<br>', 1, 2, 3, '1.0.0', '2016-02-09 14:27:43', '2016-02-20 20:04:19');
INSERT INTO help_items (`id`, `title`, `parent_id`, `content`, `list_order`, `lft`, `rght`, `version`, `created`, `modified`) VALUES(3, 'Getting Started', 1, '[[GS]]', 2, 4, 5, '1.0.0', '2016-02-16 18:44:45', '2016-02-20 22:44:40');
INSERT INTO people (`id`, `first_name`, `middle_name`, `last_name`, `birthdate`, `birth_location`, `residence_location`, `kebele_or_farmers_association`, `house_number`) VALUES(1, 'Admin', 'Admin', 'Admin', '1979-02-27', 1, 1, 'K', 1);
INSERT INTO people (`id`, `first_name`, `middle_name`, `last_name`, `birthdate`, `birth_location`, `residence_location`, `kebele_or_farmers_association`, `house_number`) VALUES(4, 'Abebech', 'Abebech', 'Abebech', '2100-01-01', '', '', 'Not Specified', '');
INSERT INTO people (`id`, `first_name`, `middle_name`, `last_name`, `birthdate`, `birth_location`, `residence_location`, `kebele_or_farmers_association`, `house_number`) VALUES(5, 'ABEBE', 'ABEBE', 'ABEBE', '2013-02-26', '', '', 'Not Specified', '');
INSERT INTO people (`id`, `first_name`, `middle_name`, `last_name`, `birthdate`, `birth_location`, `residence_location`, `kebele_or_farmers_association`, `house_number`) VALUES(6, 'AA', '$#67', 'ere', '2100-01-01', '', '', 'Not Specified', '');
INSERT INTO people (`id`, `first_name`, `middle_name`, `last_name`, `birthdate`, `birth_location`, `residence_location`, `kebele_or_farmers_association`, `house_number`) VALUES(7, 'AAA', 'AAA', 'AAA', '2013-02-26', '', '', 'Not Specified', '');
INSERT INTO people (`id`, `first_name`, `middle_name`, `last_name`, `birthdate`, `birth_location`, `residence_location`, `kebele_or_farmers_association`, `house_number`) VALUES(14, 'AYNESHET', 'ABAY', 'LEMMA', '2100-01-01', '', '', 'Not Specified', 255);
INSERT INTO people (`id`, `first_name`, `middle_name`, `last_name`, `birthdate`, `birth_location`, `residence_location`, `kebele_or_farmers_association`, `house_number`) VALUES(15, 'NATNAEL BEHAILU SINTAYEHU', 'NATNAEL BEHAILU SINTAYEHU', 'NATNAEL BEHAILU SINTAYEHU', '2012-05-14', '', '', 'Not Specified', 255);
INSERT INTO people (`id`, `first_name`, `middle_name`, `last_name`, `birthdate`, `birth_location`, `residence_location`, `kebele_or_farmers_association`, `house_number`) VALUES(16, 'MARY', 'MARY', 'MARY', '2100-01-01', '', '', 'Not Specified', 111);
INSERT INTO people (`id`, `first_name`, `middle_name`, `last_name`, `birthdate`, `birth_location`, `residence_location`, `kebele_or_farmers_association`, `house_number`) VALUES(17, 'YEABSERA ANDUALEM FANTU', 'YEABSERA ANDUALEM FANTU', 'YEABSERA ANDUALEM FANTU', '2011-02-04', '', '', 'Not Specified', 111);
INSERT INTO people (`id`, `first_name`, `middle_name`, `last_name`, `birthdate`, `birth_location`, `residence_location`, `kebele_or_farmers_association`, `house_number`) VALUES(18, 'A', 'F', 'M', '2100-01-01', '', '', 'Not Specified', '');
INSERT INTO people (`id`, `first_name`, `middle_name`, `last_name`, `birthdate`, `birth_location`, `residence_location`, `kebele_or_farmers_association`, `house_number`) VALUES(19, 'Y A F', 'Y A F', 'Y A F', '2013-03-04', '', '', 'Not Specified', '');
INSERT INTO people (`id`, `first_name`, `middle_name`, `last_name`, `birthdate`, `birth_location`, `residence_location`, `kebele_or_farmers_association`, `house_number`) VALUES(20, 'K', 'K', 'K', '2100-01-01', '', '', 'Not Specified', '');
INSERT INTO people (`id`, `first_name`, `middle_name`, `last_name`, `birthdate`, `birth_location`, `residence_location`, `kebele_or_farmers_association`, `house_number`) VALUES(21, 'E A T', 'E A T', 'E A T', '2013-03-04', '', '', 'Not Specified', '');
INSERT INTO people (`id`, `first_name`, `middle_name`, `last_name`, `birthdate`, `birth_location`, `residence_location`, `kebele_or_farmers_association`, `house_number`) VALUES(22, 'HAGOS', 'DEGU', 'SHALLOM', '2100-01-01', '', '', 'Not Specified', '');
INSERT INTO people (`id`, `first_name`, `middle_name`, `last_name`, `birthdate`, `birth_location`, `residence_location`, `kebele_or_farmers_association`, `house_number`) VALUES(23, 'REZENE HAGOS DEGU', 'REZENE HAGOS DEGU', 'REZENE HAGOS DEGU', '2011-09-06', '', '', 'Not Specified', '');
INSERT INTO people (`id`, `first_name`, `middle_name`, `last_name`, `birthdate`, `birth_location`, `residence_location`, `kebele_or_farmers_association`, `house_number`) VALUES(25, 'ayalenesh', 'ewenetu', '[Last Name]', '2100-01-01', '', '', 'Not Specified', '');
INSERT INTO people (`id`, `first_name`, `middle_name`, `last_name`, `birthdate`, `birth_location`, `residence_location`, `kebele_or_farmers_association`, `house_number`) VALUES(26, 'AYALEW DELALAW TEMECHEW', 'AYALEW DELALAW TEMECHEW', 'AYALEW DELALAW TEMECHEW', '2013-03-05', '', '', 'Not Specified', '');
INSERT INTO permissions (`id`, `parent_id`, `name`, `description`, `prerequisite`, `lft`, `rght`) VALUES(1, NULL, 'All', 'REDFOX System', 0, 1, 108);
INSERT INTO permissions (`id`, `parent_id`, `name`, `description`, `prerequisite`, `lft`, `rght`) VALUES(2, 1, '*', 'The universal permission that enables the user to access everything in the system.', 0, 2, 3);
INSERT INTO permissions (`id`, `parent_id`, `name`, `description`, `prerequisite`, `lft`, `rght`) VALUES(14, 1, 'Admin', 'Sub-system', 0, 4, 27);
INSERT INTO permissions (`id`, `parent_id`, `name`, `description`, `prerequisite`, `lft`, `rght`) VALUES(15, 1, 'Settings', 'Sub-system', 0, 28, 41);
INSERT INTO permissions (`id`, `parent_id`, `name`, `description`, `prerequisite`, `lft`, `rght`) VALUES(18, 14, 'Users', 'Users Module', 0, 5, 8);
INSERT INTO permissions (`id`, `parent_id`, `name`, `description`, `prerequisite`, `lft`, `rght`) VALUES(19, 18, 'users:*', 'Enables the user to perform all activities under the users module', 0, 6, 7);
INSERT INTO permissions (`id`, `parent_id`, `name`, `description`, `prerequisite`, `lft`, `rght`) VALUES(26, 14, 'Groups', 'Groups Module', 0, 9, 14);
INSERT INTO permissions (`id`, `parent_id`, `name`, `description`, `prerequisite`, `lft`, `rght`) VALUES(27, 26, 'groups:*', 'Used to permit all activities in the groups module', 0, 10, 11);
INSERT INTO permissions (`id`, `parent_id`, `name`, `description`, `prerequisite`, `lft`, `rght`) VALUES(34, 14, 'Permissions', 'Permissions Module', 0, 15, 18);
INSERT INTO permissions (`id`, `parent_id`, `name`, `description`, `prerequisite`, `lft`, `rght`) VALUES(35, 34, 'permissions:*', 'Used to perform everything in the module', 0, 16, 17);
INSERT INTO permissions (`id`, `parent_id`, `name`, `description`, `prerequisite`, `lft`, `rght`) VALUES(36, 14, 'Modules', 'Modules Module', 0, 19, 22);
INSERT INTO permissions (`id`, `parent_id`, `name`, `description`, `prerequisite`, `lft`, `rght`) VALUES(37, 36, 'containers:*', 'Used to perform everything in the module', 0, 20, 21);
INSERT INTO permissions (`id`, `parent_id`, `name`, `description`, `prerequisite`, `lft`, `rght`) VALUES(38, 14, 'Modules Activities', 'Modules Activities Module', 0, 23, 26);
INSERT INTO permissions (`id`, `parent_id`, `name`, `description`, `prerequisite`, `lft`, `rght`) VALUES(39, 38, 'links:*', 'Used to perform everything in the module', 0, 24, 25);
INSERT INTO permissions (`id`, `parent_id`, `name`, `description`, `prerequisite`, `lft`, `rght`) VALUES(87, 15, 'Locations', 'Locations Module', 0, 29, 32);
INSERT INTO permissions (`id`, `parent_id`, `name`, `description`, `prerequisite`, `lft`, `rght`) VALUES(88, 15, 'Location Types', 'Location Types Module', 0, 33, 36);
INSERT INTO permissions (`id`, `parent_id`, `name`, `description`, `prerequisite`, `lft`, `rght`) VALUES(89, 15, 'Settings', 'Settings Module', 0, 37, 40);
INSERT INTO permissions (`id`, `parent_id`, `name`, `description`, `prerequisite`, `lft`, `rght`) VALUES(94, 88, 'location_types:*', 'Used to maintain location categories (Such as Country, Zone, Woreda, Kebele)', 0, 34, 35);
INSERT INTO permissions (`id`, `parent_id`, `name`, `description`, `prerequisite`, `lft`, `rght`) VALUES(95, 87, 'locations:*', 'Used to maintain locations (usually used by User management module)', 0, 30, 31);
INSERT INTO permissions (`id`, `parent_id`, `name`, `description`, `prerequisite`, `lft`, `rght`) VALUES(96, 89, 'settings:*', 'Used to maintain settings which are useful for other modules', 0, 38, 39);
INSERT INTO permissions (`id`, `parent_id`, `name`, `description`, `prerequisite`, `lft`, `rght`) VALUES(130, 26, 'groups:view', 'jgkjghk;plo', 0, 12, 13);
INSERT INTO permissions (`id`, `parent_id`, `name`, `description`, `prerequisite`, `lft`, `rght`) VALUES(131, 1, 'Accounting', 'Acct Sub-System', 0, 42, 53);
INSERT INTO permissions (`id`, `parent_id`, `name`, `description`, `prerequisite`, `lft`, `rght`) VALUES(132, 131, 'acct/acct_categories:*', 'Account Categories Management', 0, 43, 44);
INSERT INTO permissions (`id`, `parent_id`, `name`, `description`, `prerequisite`, `lft`, `rght`) VALUES(133, 131, 'acct/acct_accounts:*', 'Accounts Management', 0, 45, 46);
INSERT INTO permissions (`id`, `parent_id`, `name`, `description`, `prerequisite`, `lft`, `rght`) VALUES(134, 131, 'acct/acct_fiscal_years:*', 'Fiscal Years Management', 0, 47, 48);
INSERT INTO permissions (`id`, `parent_id`, `name`, `description`, `prerequisite`, `lft`, `rght`) VALUES(135, 131, 'acct/acct_journals:*', 'Journal Entries management', 0, 49, 50);
INSERT INTO permissions (`id`, `parent_id`, `name`, `description`, `prerequisite`, `lft`, `rght`) VALUES(136, 131, 'acct/acct_transactions:*', 'Accounts transaction management', 0, 51, 52);
INSERT INTO permissions (`id`, `parent_id`, `name`, `description`, `prerequisite`, `lft`, `rght`) VALUES(137, 1, 'Education Management', 'Education Management Modules', 0, 54, 107);
INSERT INTO permissions (`id`, `parent_id`, `name`, `description`, `prerequisite`, `lft`, `rght`) VALUES(138, 137, 'edu/edu_academic_years:*', 'Academic years management', 139, 55, 56);
INSERT INTO permissions (`id`, `parent_id`, `name`, `description`, `prerequisite`, `lft`, `rght`) VALUES(139, 137, 'edu/edu_quarters:*', 'Quarters management', 0, 57, 58);
INSERT INTO permissions (`id`, `parent_id`, `name`, `description`, `prerequisite`, `lft`, `rght`) VALUES(140, 137, 'edu/edu_attendance_records:*', 'Attendance Records', 0, 59, 60);
INSERT INTO permissions (`id`, `parent_id`, `name`, `description`, `prerequisite`, `lft`, `rght`) VALUES(141, 137, 'edu/edu_absentees:*', 'Absentees maintenance', 0, 61, 62);
INSERT INTO permissions (`id`, `parent_id`, `name`, `description`, `prerequisite`, `lft`, `rght`) VALUES(142, 137, 'edu/edu_assessments:*', 'Assessments management', 0, 63, 64);
INSERT INTO permissions (`id`, `parent_id`, `name`, `description`, `prerequisite`, `lft`, `rght`) VALUES(143, 137, 'edu/edu_assignments:*', 'Assignments management', 0, 65, 66);
INSERT INTO permissions (`id`, `parent_id`, `name`, `description`, `prerequisite`, `lft`, `rght`) VALUES(144, 137, 'edu/edu_assessment_records:*', 'Assessment recording', 0, 67, 68);
INSERT INTO permissions (`id`, `parent_id`, `name`, `description`, `prerequisite`, `lft`, `rght`) VALUES(145, 137, 'edu/edu_assessment_types:*', 'Assessment Types management', 0, 69, 70);
INSERT INTO permissions (`id`, `parent_id`, `name`, `description`, `prerequisite`, `lft`, `rght`) VALUES(146, 137, 'edu/edu_calendar_event_types:*', 'Calendar Event Types management', 0, 71, 72);
INSERT INTO permissions (`id`, `parent_id`, `name`, `description`, `prerequisite`, `lft`, `rght`) VALUES(147, 137, 'edu/edu_calendar_events:*', 'Calendar Events management', 0, 73, 74);
INSERT INTO permissions (`id`, `parent_id`, `name`, `description`, `prerequisite`, `lft`, `rght`) VALUES(148, 137, 'edu/edu_campuses:*', 'Campuses management', 0, 75, 76);
INSERT INTO permissions (`id`, `parent_id`, `name`, `description`, `prerequisite`, `lft`, `rght`) VALUES(149, 137, 'edu/edu_classes:*', 'Classes management', 0, 77, 78);
INSERT INTO permissions (`id`, `parent_id`, `name`, `description`, `prerequisite`, `lft`, `rght`) VALUES(150, 137, 'edu/edu_courses:*', 'Courses management', 0, 79, 80);
INSERT INTO permissions (`id`, `parent_id`, `name`, `description`, `prerequisite`, `lft`, `rght`) VALUES(151, 137, 'edu/edu_evaluation_areas:*', 'Evaluation Areas management', 0, 81, 82);
INSERT INTO permissions (`id`, `parent_id`, `name`, `description`, `prerequisite`, `lft`, `rght`) VALUES(152, 137, 'edu/edu_evaluation_categories:*', 'Evaluation categories', 0, 83, 84);
INSERT INTO permissions (`id`, `parent_id`, `name`, `description`, `prerequisite`, `lft`, `rght`) VALUES(153, 137, 'edu/edu_evaluations:*', 'Evaluations', 0, 85, 86);
INSERT INTO permissions (`id`, `parent_id`, `name`, `description`, `prerequisite`, `lft`, `rght`) VALUES(154, 137, 'edu/edu_event_tasks:*', 'Event Tasks', 0, 87, 88);
INSERT INTO permissions (`id`, `parent_id`, `name`, `description`, `prerequisite`, `lft`, `rght`) VALUES(155, 137, 'edu/edu_grade_rule_values:*', 'Grade Rule Values', 0, 89, 90);
INSERT INTO permissions (`id`, `parent_id`, `name`, `description`, `prerequisite`, `lft`, `rght`) VALUES(156, 137, 'edu/edu_grade_rules:*', 'Grade Rules', 0, 91, 92);
INSERT INTO permissions (`id`, `parent_id`, `name`, `description`, `prerequisite`, `lft`, `rght`) VALUES(157, 137, 'edu/edu_guidelines:*', 'Evaluation Guidelines', 0, 93, 94);
INSERT INTO permissions (`id`, `parent_id`, `name`, `description`, `prerequisite`, `lft`, `rght`) VALUES(158, 137, 'edu/edu_homerooms:*', 'Home rooms', 0, 95, 96);
INSERT INTO permissions (`id`, `parent_id`, `name`, `description`, `prerequisite`, `lft`, `rght`) VALUES(159, 137, 'edu/edu_nonavailable_periods:*', 'Non Available periods', 0, 97, 98);
INSERT INTO permissions (`id`, `parent_id`, `name`, `description`, `prerequisite`, `lft`, `rght`) VALUES(160, 137, 'edu/edu_parents:*', 'Parents', 0, 99, 100);
INSERT INTO permissions (`id`, `parent_id`, `name`, `description`, `prerequisite`, `lft`, `rght`) VALUES(161, 137, 'edu/edu_payment_schedules', 'Payment Schedules', 0, 101, 102);
INSERT INTO permissions (`id`, `parent_id`, `name`, `description`, `prerequisite`, `lft`, `rght`) VALUES(162, 137, 'edu/edu_payments:*', 'Payments', 0, 103, 104);
INSERT INTO permissions (`id`, `parent_id`, `name`, `description`, `prerequisite`, `lft`, `rght`) VALUES(163, 137, 'edu/edu_periods:*', 'Periods', 0, 105, 106);
INSERT INTO settings (`id`, `setting_key`, `setting_value`, `date_from`, `date_to`, `remark`) VALUES(1, 'CASH_GL_ACCOUNT', '1101-01', '2015-03-01', '2140-03-01', '');
INSERT INTO settings (`id`, `setting_key`, `setting_value`, `date_from`, `date_to`, `remark`) VALUES(2, 'RECEIVABLE_GL_ACCOUNT', '12-0001', '2015-03-01', '2130-12-31', 'Please do not change the Key');
INSERT INTO settings (`id`, `setting_key`, `setting_value`, `date_from`, `date_to`, `remark`) VALUES(3, 'TUITION_GL_ACCOUNT', '4001-001', '2015-03-01', '2170-12-31', '');
INSERT INTO settings (`id`, `setting_key`, `setting_value`, `date_from`, `date_to`, `remark`) VALUES(4, 'FAILS_TO_DISMISSAL', 2, '2015-01-01', '2100-12-31', 'The number of years a student fails to be promoted and should be dismissed after.');
INSERT INTO settings (`id`, `setting_key`, `setting_value`, `date_from`, `date_to`, `remark`) VALUES(5, 'PAYMENT_SCHEDULE_METHOD', 'M', '2015-08-01', '2120-08-31', 'Payment schedule method can be M - Monthly or T - Term');
INSERT INTO settings (`id`, `setting_key`, `setting_value`, `date_from`, `date_to`, `remark`) VALUES(6, 'SMS_SERVER_IP', '192.168.137.215', '2015-09-01', '2019-12-31', 'SMS Server IP');
INSERT INTO settings (`id`, `setting_key`, `setting_value`, `date_from`, `date_to`, `remark`) VALUES(7, 'SMS_SERVER_PORT', 9500, '2015-09-01', '2019-12-31', 'sms server port number');
INSERT INTO settings (`id`, `setting_key`, `setting_value`, `date_from`, `date_to`, `remark`) VALUES(8, 'SMS_USER_ID', 'smppuser', '2015-09-01', '2019-12-31', 'sms User ID');
INSERT INTO settings (`id`, `setting_key`, `setting_value`, `date_from`, `date_to`, `remark`) VALUES(9, 'SMS_PASSWORD', 'P3DCB1If', '2015-09-01', '2019-12-31', 'sms server user password');
INSERT INTO settings (`id`, `setting_key`, `setting_value`, `date_from`, `date_to`, `remark`) VALUES(10, 'SMS_SHORT_CODE', 251930328163, '2015-09-01', '2019-12-31', 'SMS Short Code');
INSERT INTO settings (`id`, `setting_key`, `setting_value`, `date_from`, `date_to`, `remark`) VALUES(11, 'SMS_ENABLED', 'True', '2015-09-01', '2019-12-31', 'Is SMS enabled in your System ');
INSERT INTO settings (`id`, `setting_key`, `setting_value`, `date_from`, `date_to`, `remark`) VALUES(12, 'COMPANY_ADDRESS', 'Around Rwanda Embassy, Bole Subcity, Tel - 0911223', '2015-09-01', '2019-12-31', 'COMPANY ADDRESS');
INSERT INTO settings (`id`, `setting_key`, `setting_value`, `date_from`, `date_to`, `remark`) VALUES(13, 'COMPANY_URL', 'www.chaeduc.com.et', '2015-09-01', '2019-12-31', 'Company URL');
INSERT INTO settings (`id`, `setting_key`, `setting_value`, `date_from`, `date_to`, `remark`) VALUES(14, 'COMPANY_TIN', 9876543210, '2015-09-01', '2019-12-31', 'COMPANY TIN NUMBER');
INSERT INTO settings (`id`, `setting_key`, `setting_value`, `date_from`, `date_to`, `remark`) VALUES(15, 'EDUCATION_TERM', 'S', '2015-09-01', '2019-12-31', 'Education term');
INSERT INTO settings (`id`, `setting_key`, `setting_value`, `date_from`, `date_to`, `remark`) VALUES(17, 'RECEIVE_PAYMENT_BY_CHEQUE', 'False', '2015-09-01', '2019-12-31', 'Cheque Enabled');
INSERT INTO settings (`id`, `setting_key`, `setting_value`, `date_from`, `date_to`, `remark`) VALUES(18, 'ALLOWED_ARREARS', 3, '2015-09-01', '2019-12-31', 'Allowed Arrears Payments');
INSERT INTO settings (`id`, `setting_key`, `setting_value`, `date_from`, `date_to`, `remark`) VALUES(19, 'ALLOWED_ABSENTEE', 5, '2015-09-01', '2019-12-31', 'Number of allowed absentee a student can have');
INSERT INTO settings (`id`, `setting_key`, `setting_value`, `date_from`, `date_to`, `remark`) VALUES(20, 'DB_BACKUP_METHOD', 'Automatic', '2015-09-01', '2019-12-31', 'DB backup method - Automatic or Manual');
INSERT INTO settings (`id`, `setting_key`, `setting_value`, `date_from`, `date_to`, `remark`) VALUES(21, 'DB_BACKUP_TYPE', 'Incremental', '2015-09-01', '2019-12-31', 'Full Backup or Incremental');
INSERT INTO settings (`id`, `setting_key`, `setting_value`, `date_from`, `date_to`, `remark`) VALUES(22, 'DB_BACKUP_LOCATION', 'Local FTP', '2015-09-01', '2019-12-31', 'Local FTP or Remote Cloud');
INSERT INTO settings (`id`, `setting_key`, `setting_value`, `date_from`, `date_to`, `remark`) VALUES(23, 'ACCOUNTING_TYPE', 'Deferral', '2015-09-01', '2019-12-31', 'Accrual or Deferral');
INSERT INTO settings (`id`, `setting_key`, `setting_value`, `date_from`, `date_to`, `remark`) VALUES(24, 'ACCOUNTING_FISCAL_YEAR', 'Manually', '2015-09-01', '2019-12-31', 'Manually or Automatically');
INSERT INTO settings (`id`, `setting_key`, `setting_value`, `date_from`, `date_to`, `remark`) VALUES(25, 'DISCOUNT_GL_ACCOUNT', '5000-001', '2015-10-01', '2100-06-30', 'NUMBER_OF_PERIODS_PER_DAY');
INSERT INTO settings (`id`, `setting_key`, `setting_value`, `date_from`, `date_to`, `remark`) VALUES(26, 'NUMBER_OF_PERIODS_PER_DAY', 8, '2015-12-01', '2020-12-31', 'NUMBER_OF_PERIODS_PER_DAY');
INSERT INTO settings (`id`, `setting_key`, `setting_value`, `date_from`, `date_to`, `remark`) VALUES(27, 'SMS RUNNING', 0, '2016-02-01', '2020-01-01', 'Is SMS RUNNING');
INSERT INTO settings (`id`, `setting_key`, `setting_value`, `date_from`, `date_to`, `remark`) VALUES(28, 'SYSTEM_HEALTH', 'H', '2016-02-01', '2021-02-28', 'SYSTEM_HEALTH');
INSERT INTO settings (`id`, `setting_key`, `setting_value`, `date_from`, `date_to`, `remark`) VALUES(29, 'ERROR_REPORTING', 1, '2016-02-01', '2022-01-19', 'ERROR REPORTING to RedFox');
INSERT INTO statuses (`id`, `name`, `tables`, `remark`) VALUES(1, 'Active', 'edu_students,edu_academic_years,edu_quarters,users,', 'Status for Active records like student status, academic year status, quarters and others');
INSERT INTO statuses (`id`, `name`, `tables`, `remark`) VALUES(2, 'Inactive', 'edu_students,users,', 'Applicable for Students with excess absentee, who have excessive arrears, who are enrolled but not blah blah, related to the users who are active or not');
INSERT INTO statuses (`id`, `name`, `tables`, `remark`) VALUES(3, 'Dismmised', 'edu_students,', 'Dismissed students for different reasons');
INSERT INTO statuses (`id`, `name`, `tables`, `remark`) VALUES(4, 'Withdrawn', 'edu_students,', 'Withdrawn students for various reasons');
INSERT INTO statuses (`id`, `name`, `tables`, `remark`) VALUES(5, 'Transferred', 'edu_students,', 'When students are transfered from the school to another');
INSERT INTO statuses (`id`, `name`, `tables`, `remark`) VALUES(6, 'Incomplete', 'edu_students,', 'If students are inactive for long period of time they will be indicated as Incomplete, and when they are not finished their courses or so.');
INSERT INTO statuses (`id`, `name`, `tables`, `remark`) VALUES(7, 'Readdmitted', 'edu_students,', 'When students are readmitted and registered for the current academic year.');
INSERT INTO statuses (`id`, `name`, `tables`, `remark`) VALUES(8, 'Closed', 'edu_academic_years,edu_quarters,', 'Applicable for Academic Year and its Quarters.');
INSERT INTO statuses (`id`, `name`, `tables`, `remark`) VALUES(9, 'Created', 'edu_quarters,', 'Applicable for Quarters');
INSERT INTO statuses (`id`, `name`, `tables`, `remark`) VALUES(10, 'Dormant', 'acct_accounts,', 'When an account is not on activity for long period of time.');
INSERT INTO statuses (`id`, `name`, `tables`, `remark`) VALUES(11, 'Blocked', 'users,', 'When a user tried to login many times with wrong password.');
INSERT INTO statuses (`id`, `name`, `tables`, `remark`) VALUES(12, 'Completed', 'edu_students,', 'Students who are completed their education');
INSERT INTO statuses (`id`, `name`, `tables`, `remark`) VALUES(13, 'Promoted', 'edu_registrations,', 'Students promoted for the next class');
INSERT INTO statuses (`id`, `name`, `tables`, `remark`) VALUES(14, 'Not-Promoted', 'edu_registrations,', 'Students who are not promoted for the next class.');
INSERT INTO statuses (`id`, `name`, `tables`, `remark`) VALUES(15, 'Unjustified Withdrawal', 'edu_students,edu_registrations', 'This is when students did not show up for registration');
INSERT INTO sub_cities (`id`, `name`) VALUES(1, 'Bole');
INSERT INTO sub_cities (`id`, `name`) VALUES(2, 'Gulelle');
INSERT INTO sub_cities (`id`, `name`) VALUES(3, 'Kolfe Keranio');
INSERT INTO sub_cities (`id`, `name`) VALUES(4, 'Yeka');
INSERT INTO sub_cities (`id`, `name`) VALUES(5, 'Akaki Kality');
INSERT INTO sub_cities (`id`, `name`) VALUES(6, 'Arada');
INSERT INTO sub_cities (`id`, `name`) VALUES(7, 'Addis Ketema');
INSERT INTO sub_cities (`id`, `name`) VALUES(8, 'Nefas Silk Lafto');
INSERT INTO sub_cities (`id`, `name`) VALUES(9, 'Kirkos');
INSERT INTO sub_cities (`id`, `name`) VALUES(10, 'Lideta');
INSERT INTO tasks (`id`, `name`, `parent_id`, `controller`, `action`, `iconcls`, `function_name`, `lft`, `rght`, `list_order`, `built_in`, `created`, `modified`) VALUES(1, 'Home', NULL, '#', '#', 'icon-root-menu', '#', 1, 130, 1, 1, '2016-02-06 10:05:44', '2016-02-06 05:21:32');
INSERT INTO tasks (`id`, `name`, `parent_id`, `controller`, `action`, `iconcls`, `function_name`, `lft`, `rght`, `list_order`, `built_in`, `created`, `modified`) VALUES(2, 'Education', 1, '#', '#', 'icon-education', '#', 2, 77, 1, 1, '2016-02-06 10:31:23', '2016-02-06 09:52:26');
INSERT INTO tasks (`id`, `name`, `parent_id`, `controller`, `action`, `iconcls`, `function_name`, `lft`, `rght`, `list_order`, `built_in`, `created`, `modified`) VALUES(3, 'Parameters', 2, '#', '#', 'icon-parameters', '#', 3, 34, 1, 1, '2016-02-06 06:11:33', '2016-02-06 08:00:00');
INSERT INTO tasks (`id`, `name`, `parent_id`, `controller`, `action`, `iconcls`, `function_name`, `lft`, `rght`, `list_order`, `built_in`, `created`, `modified`) VALUES(5, 'Student Records', 2, '#', '#', 'icon-students', '', 35, 60, 2, 1, '2016-02-06 15:12:06', '2016-02-06 15:12:06');
INSERT INTO tasks (`id`, `name`, `parent_id`, `controller`, `action`, `iconcls`, `function_name`, `lft`, `rght`, `list_order`, `built_in`, `created`, `modified`) VALUES(6, 'Maintenance', 3, '#', '#', 'icon-maintenance', '', 4, 17, 1, 1, '2016-02-06 15:15:17', '2016-02-06 15:15:17');
INSERT INTO tasks (`id`, `name`, `parent_id`, `controller`, `action`, `iconcls`, `function_name`, `lft`, `rght`, `list_order`, `built_in`, `created`, `modified`) VALUES(7, 'Operation', 3, '#', '#', 'icon-operation', '', 18, 21, 2, 1, '2016-02-06 15:15:44', '2016-02-06 15:15:44');
INSERT INTO tasks (`id`, `name`, `parent_id`, `controller`, `action`, `iconcls`, `function_name`, `lft`, `rght`, `list_order`, `built_in`, `created`, `modified`) VALUES(8, 'View', 3, '#', '#', 'icon-view', '', 22, 33, 3, 1, '2016-02-06 15:15:59', '2016-02-06 15:15:59');
INSERT INTO tasks (`id`, `name`, `parent_id`, `controller`, `action`, `iconcls`, `function_name`, `lft`, `rght`, `list_order`, `built_in`, `created`, `modified`) VALUES(9, 'Maintenance', 5, '#', '#', 'icon-maintenance', '', 36, 41, 1, 1, '2016-02-06 15:16:56', '2016-02-06 15:16:56');
INSERT INTO tasks (`id`, `name`, `parent_id`, `controller`, `action`, `iconcls`, `function_name`, `lft`, `rght`, `list_order`, `built_in`, `created`, `modified`) VALUES(10, 'Operation', 5, '#', '#', 'icon-operation', '', 42, 51, 2, 1, '2016-02-06 15:17:19', '2016-02-06 15:17:19');
INSERT INTO tasks (`id`, `name`, `parent_id`, `controller`, `action`, `iconcls`, `function_name`, `lft`, `rght`, `list_order`, `built_in`, `created`, `modified`) VALUES(11, 'View', 5, '#', '#', 'icon-view', '', 52, 59, 3, 1, '2016-02-06 15:17:35', '2016-02-06 15:17:35');
INSERT INTO tasks (`id`, `name`, `parent_id`, `controller`, `action`, `iconcls`, `function_name`, `lft`, `rght`, `list_order`, `built_in`, `created`, `modified`) VALUES(12, 'System', 1, '#', '#', 'icon-system', '', 78, 115, 6, 1, '2016-02-06 15:18:55', '2016-02-06 15:18:55');
INSERT INTO tasks (`id`, `name`, `parent_id`, `controller`, `action`, `iconcls`, `function_name`, `lft`, `rght`, `list_order`, `built_in`, `created`, `modified`) VALUES(13, 'Parameters', 12, '#', '#', 'icon-parameters', '', 79, 80, 1, 1, '2016-02-06 15:19:29', '2016-02-06 15:19:29');
INSERT INTO tasks (`id`, `name`, `parent_id`, `controller`, `action`, `iconcls`, `function_name`, `lft`, `rght`, `list_order`, `built_in`, `created`, `modified`) VALUES(14, 'General Settings', 12, '#', '#', 'icon-settings', '', 81, 84, 2, 1, '2016-02-06 15:19:49', '2016-02-06 15:19:49');
INSERT INTO tasks (`id`, `name`, `parent_id`, `controller`, `action`, `iconcls`, `function_name`, `lft`, `rght`, `list_order`, `built_in`, `created`, `modified`) VALUES(15, 'Users', 12, '#', '#', 'icon-users', '', 85, 98, 3, 1, '2016-02-06 15:20:04', '2016-02-06 15:20:04');
INSERT INTO tasks (`id`, `name`, `parent_id`, `controller`, `action`, `iconcls`, `function_name`, `lft`, `rght`, `list_order`, `built_in`, `created`, `modified`) VALUES(16, 'Modules', 12, '#', '#', 'icon-modules', '', 99, 108, 4, 1, '2016-02-06 15:20:26', '2016-02-06 15:20:26');
INSERT INTO tasks (`id`, `name`, `parent_id`, `controller`, `action`, `iconcls`, `function_name`, `lft`, `rght`, `list_order`, `built_in`, `created`, `modified`) VALUES(17, 'Audit Trails', 12, '#', '#', 'icon-audit', '', 109, 110, 5, 1, '2016-02-06 15:20:49', '2016-02-06 15:20:49');
INSERT INTO tasks (`id`, `name`, `parent_id`, `controller`, `action`, `iconcls`, `function_name`, `lft`, `rght`, `list_order`, `built_in`, `created`, `modified`) VALUES(18, 'Backup and Recovery', 12, '#', '#', 'icon-backup', '', 111, 114, 6, 1, '2016-02-06 15:21:20', '2016-02-06 15:21:20');
INSERT INTO tasks (`id`, `name`, `parent_id`, `controller`, `action`, `iconcls`, `function_name`, `lft`, `rght`, `list_order`, `built_in`, `created`, `modified`) VALUES(19, 'Maintenance', 16, '#', '#', 'icon-maintenance', '', 100, 103, 1, 1, '2016-02-06 15:22:09', '2016-02-06 15:22:09');
INSERT INTO tasks (`id`, `name`, `parent_id`, `controller`, `action`, `iconcls`, `function_name`, `lft`, `rght`, `list_order`, `built_in`, `created`, `modified`) VALUES(20, 'Operation', 16, '#', '#', 'icon-operation', '', 104, 105, 2, 1, '2016-02-06 15:22:28', '2016-02-06 15:22:28');
INSERT INTO tasks (`id`, `name`, `parent_id`, `controller`, `action`, `iconcls`, `function_name`, `lft`, `rght`, `list_order`, `built_in`, `created`, `modified`) VALUES(21, 'View', 16, '#', '#', 'icon-view', '', 106, 107, 3, 1, '2016-02-06 15:22:41', '2016-02-06 15:22:41');
INSERT INTO tasks (`id`, `name`, `parent_id`, `controller`, `action`, `iconcls`, `function_name`, `lft`, `rght`, `list_order`, `built_in`, `created`, `modified`) VALUES(22, 'Tasks', 19, 'tasks', 'index', 'icon-activity', 'TASKS', 101, 102, 1, 1, '2016-02-06 15:23:43', '2016-02-09 06:09:19');
INSERT INTO tasks (`id`, `name`, `parent_id`, `controller`, `action`, `iconcls`, `function_name`, `lft`, `rght`, `list_order`, `built_in`, `created`, `modified`) VALUES(23, 'Subjects', 6, 'edu/edu_subjects', 'index_m', 'icon-activity', '', 5, 6, 3, 1, '2016-02-06 17:35:46', '2016-02-15 15:43:39');
INSERT INTO tasks (`id`, `name`, `parent_id`, `controller`, `action`, `iconcls`, `function_name`, `lft`, `rght`, `list_order`, `built_in`, `created`, `modified`) VALUES(24, 'Classes/Grades', 6, 'edu/edu_classes', 'index_m', 'icon-activity', '', 7, 8, 2, 1, '2016-02-06 17:36:24', '2016-02-17 16:17:00');
INSERT INTO tasks (`id`, `name`, `parent_id`, `controller`, `action`, `iconcls`, `function_name`, `lft`, `rght`, `list_order`, `built_in`, `created`, `modified`) VALUES(25, 'Academic Year', 7, 'edu/edu_academic_years', 'index', 'icon-activity', '', 19, 20, 1, 1, '2016-02-06 17:37:56', '2016-02-09 06:08:23');
INSERT INTO tasks (`id`, `name`, `parent_id`, `controller`, `action`, `iconcls`, `function_name`, `lft`, `rght`, `list_order`, `built_in`, `created`, `modified`) VALUES(26, 'Enrollment', 9, 'edu/edu_students', 'enrollment', 'icon-activity', '', 37, 38, 1, 1, '2016-02-06 17:55:52', '2016-02-09 06:08:42');
INSERT INTO tasks (`id`, `name`, `parent_id`, `controller`, `action`, `iconcls`, `function_name`, `lft`, `rght`, `list_order`, `built_in`, `created`, `modified`) VALUES(27, 'Registration', 9, 'edu/edu_registrations', 'register', 'icon-activity', '', 39, 40, 2, 1, '2016-02-06 17:57:06', '2016-02-09 06:08:59');
INSERT INTO tasks (`id`, `name`, `parent_id`, `controller`, `action`, `iconcls`, `function_name`, `lft`, `rght`, `list_order`, `built_in`, `created`, `modified`) VALUES(28, 'Accounting', 1, '#', '#', 'icon-accounting', '', 116, 117, 2, 1, '2016-02-08 15:05:08', '2016-02-09 07:57:55');
INSERT INTO tasks (`id`, `name`, `parent_id`, `controller`, `action`, `iconcls`, `function_name`, `lft`, `rght`, `list_order`, `built_in`, `created`, `modified`) VALUES(29, 'Document and Messaging', 1, '#', '#', 'icon-document', '', 118, 119, 3, 1, '2016-02-08 15:06:54', '2016-02-08 15:06:54');
INSERT INTO tasks (`id`, `name`, `parent_id`, `controller`, `action`, `iconcls`, `function_name`, `lft`, `rght`, `list_order`, `built_in`, `created`, `modified`) VALUES(30, 'Reports', 1, '#', '#', 'icon-report', '', 120, 121, 4, 1, '2016-02-08 15:07:43', '2016-02-08 15:07:43');
INSERT INTO tasks (`id`, `name`, `parent_id`, `controller`, `action`, `iconcls`, `function_name`, `lft`, `rght`, `list_order`, `built_in`, `created`, `modified`) VALUES(31, 'Help', 1, '#', '#', 'icon-help', '', 122, 129, 7, 1, '2016-02-08 15:11:31', '2016-02-08 15:18:27');
INSERT INTO tasks (`id`, `name`, `parent_id`, `controller`, `action`, `iconcls`, `function_name`, `lft`, `rght`, `list_order`, `built_in`, `created`, `modified`) VALUES(32, 'Campuses', 6, 'edu/edu_campuses', 'index_m', 'icon-activity', '', 9, 10, 1, 1, '2016-02-09 05:58:52', '2016-02-20 13:41:55');
INSERT INTO tasks (`id`, `name`, `parent_id`, `controller`, `action`, `iconcls`, `function_name`, `lft`, `rght`, `list_order`, `built_in`, `created`, `modified`) VALUES(33, 'Maintenance', 15, '#', '#', 'icon-maintenance', '', 86, 93, 1, 1, '2016-02-09 06:30:36', '2016-02-09 06:30:36');
INSERT INTO tasks (`id`, `name`, `parent_id`, `controller`, `action`, `iconcls`, `function_name`, `lft`, `rght`, `list_order`, `built_in`, `created`, `modified`) VALUES(34, 'Operation', 15, '#', '#', 'icon-operation', '', 94, 95, 2, 1, '2016-02-09 06:31:03', '2016-02-09 06:31:03');
INSERT INTO tasks (`id`, `name`, `parent_id`, `controller`, `action`, `iconcls`, `function_name`, `lft`, `rght`, `list_order`, `built_in`, `created`, `modified`) VALUES(35, 'View', 15, '#', '#', 'icon-view', '', 96, 97, 3, 1, '2016-02-09 06:31:24', '2016-02-09 06:31:24');
INSERT INTO tasks (`id`, `name`, `parent_id`, `controller`, `action`, `iconcls`, `function_name`, `lft`, `rght`, `list_order`, `built_in`, `created`, `modified`) VALUES(36, 'Users', 33, 'users', 'index', 'icon-activity', '', 87, 88, 1, 1, '2016-02-09 06:34:27', '2016-02-09 06:34:27');
INSERT INTO tasks (`id`, `name`, `parent_id`, `controller`, `action`, `iconcls`, `function_name`, `lft`, `rght`, `list_order`, `built_in`, `created`, `modified`) VALUES(37, 'Groups', 33, 'groups', 'index', 'icon-activity', '', 89, 90, 2, 1, '2016-02-09 06:35:04', '2016-02-09 06:35:04');
INSERT INTO tasks (`id`, `name`, `parent_id`, `controller`, `action`, `iconcls`, `function_name`, `lft`, `rght`, `list_order`, `built_in`, `created`, `modified`) VALUES(38, 'Permissions', 33, 'permissions', 'index', 'icon-activity', '', 91, 92, 3, 1, '2016-02-09 06:35:44', '2016-02-09 06:35:44');
INSERT INTO tasks (`id`, `name`, `parent_id`, `controller`, `action`, `iconcls`, `function_name`, `lft`, `rght`, `list_order`, `built_in`, `created`, `modified`) VALUES(39, 'Teacher Records', 2, '#', '#', 'icon-teachers', '', 61, 68, 3, 1, '2016-02-09 08:04:33', '2016-02-09 08:04:33');
INSERT INTO tasks (`id`, `name`, `parent_id`, `controller`, `action`, `iconcls`, `function_name`, `lft`, `rght`, `list_order`, `built_in`, `created`, `modified`) VALUES(40, 'Roster and Grading', 2, '#', '#', 'icon-roster', '', 69, 76, 4, 1, '2016-02-09 08:05:05', '2016-02-09 08:05:05');
INSERT INTO tasks (`id`, `name`, `parent_id`, `controller`, `action`, `iconcls`, `function_name`, `lft`, `rght`, `list_order`, `built_in`, `created`, `modified`) VALUES(41, 'Maintenance', 40, '#', '#', 'icon-maintenance', '', 70, 71, 1, 1, '2016-02-09 08:06:07', '2016-02-09 08:06:07');
INSERT INTO tasks (`id`, `name`, `parent_id`, `controller`, `action`, `iconcls`, `function_name`, `lft`, `rght`, `list_order`, `built_in`, `created`, `modified`) VALUES(42, 'Operation', 40, '#', '#', 'icon-operation', '', 72, 73, 2, 1, '2016-02-09 08:06:30', '2016-02-09 08:06:30');
INSERT INTO tasks (`id`, `name`, `parent_id`, `controller`, `action`, `iconcls`, `function_name`, `lft`, `rght`, `list_order`, `built_in`, `created`, `modified`) VALUES(43, 'View', 40, '#', '#', 'icon-view', '', 74, 75, 3, 1, '2016-02-09 08:07:42', '2016-02-09 08:07:42');
INSERT INTO tasks (`id`, `name`, `parent_id`, `controller`, `action`, `iconcls`, `function_name`, `lft`, `rght`, `list_order`, `built_in`, `created`, `modified`) VALUES(44, 'Maintenance', 39, '#', '#', 'icon-maintenance', '', 62, 63, 1, 1, '2016-02-09 08:13:20', '2016-02-09 08:13:20');
INSERT INTO tasks (`id`, `name`, `parent_id`, `controller`, `action`, `iconcls`, `function_name`, `lft`, `rght`, `list_order`, `built_in`, `created`, `modified`) VALUES(45, 'Operation', 39, '#', '#', 'icon-operation', '', 64, 65, 2, 1, '2016-02-09 08:13:42', '2016-02-09 08:13:42');
INSERT INTO tasks (`id`, `name`, `parent_id`, `controller`, `action`, `iconcls`, `function_name`, `lft`, `rght`, `list_order`, `built_in`, `created`, `modified`) VALUES(46, 'View', 39, '#', '#', 'icon-view', '', 66, 67, 3, 1, '2016-02-09 08:14:00', '2016-02-09 08:14:00');
INSERT INTO tasks (`id`, `name`, `parent_id`, `controller`, `action`, `iconcls`, `function_name`, `lft`, `rght`, `list_order`, `built_in`, `created`, `modified`) VALUES(48, 'Hep Items', 31, 'help_items', 'index', 'icon-activity', '', 123, 124, 2, 1, '2016-02-09 09:00:26', '2016-02-09 09:00:26');
INSERT INTO tasks (`id`, `name`, `parent_id`, `controller`, `action`, `iconcls`, `function_name`, `lft`, `rght`, `list_order`, `built_in`, `created`, `modified`) VALUES(49, 'Subjects', 8, 'edu/edu_subjects', 'index_v', 'icon-activity', '', 23, 24, 3, 1, '2016-02-15 15:44:50', '2016-02-15 15:44:50');
INSERT INTO tasks (`id`, `name`, `parent_id`, `controller`, `action`, `iconcls`, `function_name`, `lft`, `rght`, `list_order`, `built_in`, `created`, `modified`) VALUES(50, 'Course Outlines', 6, 'edu/edu_outlines', 'index_m', 'icon-activity', '', 11, 12, 4, 1, '2016-02-15 16:06:08', '2016-02-15 16:06:08');
INSERT INTO tasks (`id`, `name`, `parent_id`, `controller`, `action`, `iconcls`, `function_name`, `lft`, `rght`, `list_order`, `built_in`, `created`, `modified`) VALUES(51, 'Course Outlines', 8, 'edu/edu_outlines', 'index_v', 'icon-activity', '', 25, 26, 5, 1, '2016-02-15 16:34:21', '2016-02-16 16:53:24');
INSERT INTO tasks (`id`, `name`, `parent_id`, `controller`, `action`, `iconcls`, `function_name`, `lft`, `rght`, `list_order`, `built_in`, `created`, `modified`) VALUES(52, 'Courses', 8, 'edu/edu_courses', 'index_v', 'icon-activity', '', 27, 28, 4, 1, '2016-02-16 16:52:25', '2016-02-16 16:53:49');
INSERT INTO tasks (`id`, `name`, `parent_id`, `controller`, `action`, `iconcls`, `function_name`, `lft`, `rght`, `list_order`, `built_in`, `created`, `modified`) VALUES(53, 'Help Contents', 31, 'help_contents', 'index', 'icon-activity', '', 125, 126, 3, 1, '2016-02-16 19:02:42', '2016-02-16 19:03:50');
INSERT INTO tasks (`id`, `name`, `parent_id`, `controller`, `action`, `iconcls`, `function_name`, `lft`, `rght`, `list_order`, `built_in`, `created`, `modified`) VALUES(54, 'Classes/Grades', 8, 'edu/edu_classes', 'index_v', 'icon-activity', '', 29, 30, 2, 1, '2016-02-17 16:16:31', '2016-02-17 16:16:31');
INSERT INTO tasks (`id`, `name`, `parent_id`, `controller`, `action`, `iconcls`, `function_name`, `lft`, `rght`, `list_order`, `built_in`, `created`, `modified`) VALUES(55, 'Evaluation Categories', 6, 'edu/edu_evaluation_categories', 'index_m', 'icon-activity', '', 13, 14, 5, 1, '2016-02-18 16:49:07', '2016-02-18 16:49:07');
INSERT INTO tasks (`id`, `name`, `parent_id`, `controller`, `action`, `iconcls`, `function_name`, `lft`, `rght`, `list_order`, `built_in`, `created`, `modified`) VALUES(56, 'Evaluation Areas', 6, 'edu/edu_evaluation_areas', 'index_m', 'icon-activity', '', 15, 16, 6, 1, '2016-02-18 16:49:42', '2016-02-18 16:49:42');
INSERT INTO tasks (`id`, `name`, `parent_id`, `controller`, `action`, `iconcls`, `function_name`, `lft`, `rght`, `list_order`, `built_in`, `created`, `modified`) VALUES(57, 'Campuses', 8, 'edu/edu_campuses', 'index_v', 'icon-activity', '', 31, 32, 1, 1, '2016-02-20 15:14:54', '2016-02-20 15:14:54');
INSERT INTO tasks (`id`, `name`, `parent_id`, `controller`, `action`, `iconcls`, `function_name`, `lft`, `rght`, `list_order`, `built_in`, `created`, `modified`) VALUES(58, 'Help System', 31, 'help_items', 'help_system', 'icon-activity', '', 127, 128, 1, 1, '2016-02-20 20:17:57', '2016-02-20 20:17:57');
INSERT INTO tasks (`id`, `name`, `parent_id`, `controller`, `action`, `iconcls`, `function_name`, `lft`, `rght`, `list_order`, `built_in`, `created`, `modified`) VALUES(59, 'Students Sectioning', 10, 'edu/edu_sections', 'create_sections', 'icon-activity', '', 43, 44, 1, 1, '2016-02-21 11:26:37', '2016-02-21 11:26:37');
INSERT INTO tasks (`id`, `name`, `parent_id`, `controller`, `action`, `iconcls`, `function_name`, `lft`, `rght`, `list_order`, `built_in`, `created`, `modified`) VALUES(60, 'Manual Scheduling', 10, 'edu/edu_schedules', 'manual_schedule', 'icon-activity', '', 45, 46, 2, 1, '2016-02-21 11:28:11', '2016-02-21 11:28:11');
INSERT INTO tasks (`id`, `name`, `parent_id`, `controller`, `action`, `iconcls`, `function_name`, `lft`, `rght`, `list_order`, `built_in`, `created`, `modified`) VALUES(61, 'Automatic Scheduling', 10, 'edu/edu_schedules', 'index', 'icon-activity', '', 47, 48, 3, 1, '2016-02-21 11:29:45', '2016-02-21 11:29:45');
INSERT INTO tasks (`id`, `name`, `parent_id`, `controller`, `action`, `iconcls`, `function_name`, `lft`, `rght`, `list_order`, `built_in`, `created`, `modified`) VALUES(62, 'Students Attendance', 10, 'edu/edu_attendance_records', 'takequick', 'icon-activity', '', 49, 50, 4, 1, '2016-02-21 11:34:15', '2016-02-21 11:34:15');
INSERT INTO tasks (`id`, `name`, `parent_id`, `controller`, `action`, `iconcls`, `function_name`, `lft`, `rght`, `list_order`, `built_in`, `created`, `modified`) VALUES(63, 'System Settings', 14, 'settings', 'system_settings', 'icon-activity', '', 82, 83, 1, 1, '2016-02-26 07:37:04', '2016-02-26 07:37:04');
INSERT INTO tasks (`id`, `name`, `parent_id`, `controller`, `action`, `iconcls`, `function_name`, `lft`, `rght`, `list_order`, `built_in`, `created`, `modified`) VALUES(64, 'All Students', 11, 'edu/edu_students', 'index_v', 'icon-activity', '', 53, 54, 1, 1, '2016-03-01 15:38:04', '2016-03-01 15:57:11');
INSERT INTO tasks (`id`, `name`, `parent_id`, `controller`, `action`, `iconcls`, `function_name`, `lft`, `rght`, `list_order`, `built_in`, `created`, `modified`) VALUES(65, 'Active Students', 11, 'edu/edu_registrations', 'index_v', 'icon-activity', '', 55, 56, 2, 1, '2016-03-01 15:58:10', '2016-03-01 15:58:10');
INSERT INTO tasks (`id`, `name`, `parent_id`, `controller`, `action`, `iconcls`, `function_name`, `lft`, `rght`, `list_order`, `built_in`, `created`, `modified`) VALUES(66, 'Parents or Guardians', 11, 'edu/edu_parents', 'index_v', 'icon-activity', '', 57, 58, 3, 1, '2016-03-04 16:14:43', '2016-03-04 16:14:43');
INSERT INTO tasks (`id`, `name`, `parent_id`, `controller`, `action`, `iconcls`, `function_name`, `lft`, `rght`, `list_order`, `built_in`, `created`, `modified`) VALUES(67, 'Restore Points', 18, 'restore_points', 'index', 'icon-activity', '', 112, 113, 1, 1, '2016-03-05 18:21:00', '2016-03-05 18:21:00');
INSERT INTO text_messages (`id`, `receiver`, `message`, `status`, `remark`, `created`, `modified`) VALUES(1, 251911173006, 'This is a test message.', 'S', '', '2015-11-13 02:45:00', '2015-11-13 02:45:00');
INSERT INTO users (`id`, `username`, `password`, `email`, `is_active`, `security_question`, `security_answer`, `person_id`, `edu_campus_id`, `created`, `modified`) VALUES(1, 'admin', '0f3254e9b8ed9b5d42edf946c283debe56ef6562', 'info@abdinfotech.com', 1, 'Q', 'A', 1, 1, '2010-07-28 12:51:11', '2011-09-30 10:58:39');
INSERT INTO users (`id`, `username`, `password`, `email`, `is_active`, `security_question`, `security_answer`, `person_id`, `edu_campus_id`, `created`, `modified`) VALUES(4, 'abebech.abebech_1456476719', 'e0d20c2ec4ff98e331e53995f96533bed3c57b95', 'no_p_1456476719@chaeduc.com', 1, 'not specified', 'not specified', 4, 1, '2016-02-26 08:51:59', '2016-02-26 08:51:59');
INSERT INTO users (`id`, `username`, `password`, `email`, `is_active`, `security_question`, `security_answer`, `person_id`, `edu_campus_id`, `created`, `modified`) VALUES(5, 'abebe_1456476719', '36a0009e995e220c8def024739d0a63671956b81', 'no_s_1456476719@chaeduc.com', 1, 'not specified', 'not specified', 5, 1, '2016-02-26 08:51:59', '2016-02-26 08:51:59');
INSERT INTO users (`id`, `username`, `password`, `email`, `is_active`, `security_question`, `security_answer`, `person_id`, `edu_campus_id`, `created`, `modified`) VALUES(6, 'aa.$#67_1456477327', '22643a76517a0415d194b6700cb37fb89673a47a', 'no_p_1456477327@chaeduc.com', 1, 'not specified', 'not specified', 6, 1, '2016-02-26 09:02:07', '2016-02-26 09:02:07');
INSERT INTO users (`id`, `username`, `password`, `email`, `is_active`, `security_question`, `security_answer`, `person_id`, `edu_campus_id`, `created`, `modified`) VALUES(7, 'aaa_1456477327', 'c02ebac181fb5eee408eb181caf7381200fe026d', 'no_s_1456477327@chaeduc.com', 1, 'not specified', 'not specified', 7, 1, '2016-02-26 09:02:07', '2016-02-26 09:02:07');
INSERT INTO users (`id`, `username`, `password`, `email`, `is_active`, `security_question`, `security_answer`, `person_id`, `edu_campus_id`, `created`, `modified`) VALUES(14, 'ayneshet.abay_1457097854', '82379fe911a2ec84d7dc4a40d18c55766657811b', 'no_p_1457097854@chaeduc.com', 1, 'not specified', 'not specified', 14, 1, '2016-03-04 13:24:14', '2016-03-04 13:24:14');
INSERT INTO users (`id`, `username`, `password`, `email`, `is_active`, `security_question`, `security_answer`, `person_id`, `edu_campus_id`, `created`, `modified`) VALUES(15, 'natnael.behailu.sintayehu_1457097854', '190bc51fea23eea427f1d6da976688ac735d6c71', 'no_s_1457097854@chaeduc.com', 1, 'not specified', 'not specified', 15, 1, '2016-03-04 13:24:14', '2016-03-04 13:24:14');
INSERT INTO users (`id`, `username`, `password`, `email`, `is_active`, `security_question`, `security_answer`, `person_id`, `edu_campus_id`, `created`, `modified`) VALUES(16, 'mary.mary_1457099556', 'd85a6f636cdf7192d4d7f422df49264c1314ff3a', 'no_p_1457099556@chaeduc.com', 1, 'not specified', 'not specified', 16, 1, '2016-03-04 13:52:36', '2016-03-04 13:52:36');
INSERT INTO users (`id`, `username`, `password`, `email`, `is_active`, `security_question`, `security_answer`, `person_id`, `edu_campus_id`, `created`, `modified`) VALUES(17, 'yeabsera.andualem.fantu_1457099556', 'ec32f8245c479dd4e65a35bcaf683949883e3b3d', 'no_s_1457099556@chaeduc.com', 1, 'not specified', 'not specified', 17, 1, '2016-03-04 13:52:36', '2016-03-04 13:52:36');
INSERT INTO users (`id`, `username`, `password`, `email`, `is_active`, `security_question`, `security_answer`, `person_id`, `edu_campus_id`, `created`, `modified`) VALUES(18, 'a.f_1457104321', '375be279213710892a67689b799ec6be27458cf7', 'no_p_1457104321@chaeduc.com', 1, 'not specified', 'not specified', 18, 1, '2016-03-04 15:12:01', '2016-03-04 15:12:01');
INSERT INTO users (`id`, `username`, `password`, `email`, `is_active`, `security_question`, `security_answer`, `person_id`, `edu_campus_id`, `created`, `modified`) VALUES(19, 'y.a.f_1457104321', 'e72641f1f53b455e1af70b4afcb4f3c4c9443a79', 'no_s_1457104321@chaeduc.com', 1, 'not specified', 'not specified', 19, 1, '2016-03-04 15:12:01', '2016-03-04 15:12:01');
INSERT INTO users (`id`, `username`, `password`, `email`, `is_active`, `security_question`, `security_answer`, `person_id`, `edu_campus_id`, `created`, `modified`) VALUES(20, 'k.k_1457105036', 'f0cddcee258ed3b0b6a0b6e3484ac7e6a8a490b8', 'no_p_1457105036@chaeduc.com', 1, 'not specified', 'not specified', 20, 1, '2016-03-04 15:23:56', '2016-03-04 15:23:56');
INSERT INTO users (`id`, `username`, `password`, `email`, `is_active`, `security_question`, `security_answer`, `person_id`, `edu_campus_id`, `created`, `modified`) VALUES(21, 'e.a.t_1457105036', '58daac666d4e24d57647dd36c21baad7f3e29400', 'no_s_1457105036@chaeduc.com', 1, 'not specified', 'not specified', 21, 1, '2016-03-04 15:23:56', '2016-03-04 15:23:56');
INSERT INTO users (`id`, `username`, `password`, `email`, `is_active`, `security_question`, `security_answer`, `person_id`, `edu_campus_id`, `created`, `modified`) VALUES(22, 'hagos.degu_1457105747', '687b239be0af050547357fafd9c8f8935b7a764d', 'no_p_1457105747@chaeduc.com', 1, 'not specified', 'not specified', 22, 1, '2016-03-04 15:35:47', '2016-03-04 15:35:47');
INSERT INTO users (`id`, `username`, `password`, `email`, `is_active`, `security_question`, `security_answer`, `person_id`, `edu_campus_id`, `created`, `modified`) VALUES(23, 'rezene.hagos.degu_1457105747', '2f14db69bdeb865979521e995df4fea929732edc', 'no_s_1457105747@chaeduc.com', 1, 'not specified', 'not specified', 23, 1, '2016-03-04 15:35:47', '2016-03-04 15:35:47');
INSERT INTO users (`id`, `username`, `password`, `email`, `is_active`, `security_question`, `security_answer`, `person_id`, `edu_campus_id`, `created`, `modified`) VALUES(25, 'ayalenesh.ewenetu_1457188047', 'bd5cc31f5c3f0fa9b23c280ffdb2812b12c911f2', 'no_p_1457188047@chaeduc.com', 1, 'not specified', 'not specified', 25, 1, '2016-03-05 14:27:27', '2016-03-05 14:27:27');
INSERT INTO users (`id`, `username`, `password`, `email`, `is_active`, `security_question`, `security_answer`, `person_id`, `edu_campus_id`, `created`, `modified`) VALUES(26, 'ayalew.delalaw.temechew_1457188047', 'f71e393d07e92421b482812547d0cb9cd80e183c', 'no_s_1457188047@chaeduc.com', 1, 'not specified', 'not specified', 26, 1, '2016-03-05 14:27:27', '2016-03-05 14:27:27');
